{"type": "FeatureCollection", "features": [{"type": "Feature", "properties": {"ine_code": "04001", "name": "Abla", "province": "Almería"}, "geometry": {"type": "Polygon", "coordinates": [[[-2.78605, 37.09033], [-2.76912, 37.11231], [-2.77004, 37.11798], [-2.78441, 37.12223], [-2.78903, 37.13713], [-2.77998, 37.14219], [-2.78757, 37.14587], [-2.78727, 37.16335], [-2.78018, 37.19625], [-2.78365, 37.21345], [-2.775, 37.24623], [-2.77208, 37.23911], [-2.76209, 37.2331], [-2.76471, 37.23166], [-2.75337, 37.22152], [-2.74889, 37.1889], [-2.75223, 37.16716], [-2.74957, 37.16323], [-2.74288, 37.16354], [-2.7417, 37.14964], [-2.74997, 37.14536], [-2.75062, 37.13305], [-2.75631, 37.12801], [-2.74828, 37.11822], [-2.74897, 37.10967], [-2.76018, 37.10103], [-2.74857, 37.09209], [-2.7615, 37.08816], [-2.75875, 37.08489], [-2.78605, 37.09033]]]}}, {"type": "Feature", "properties": {"ine_code": "04002", "name": "Abrucena", "province": "Almería"}, "geometry": {"type": "Polygon", "coordinates": [[[-2.88985, 37.09212], [-2.88813, 37.10175], [-2.89256, 37.1082], [-2.89041, 37.11622], [-2.89644, 37.12578], [-2.89223, 37.13069], [-2.89184, 37.13977], [-2.88883, 37.13889], [-2.88127, 37.14457], [-2.86371, 37.14577], [-2.84528, 37.13699], [-2.83006, 37.14689], [-2.82497, 37.15754], [-2.80126, 37.15549], [-2.7998, 37.15931], [-2.80923, 37.16254], [-2.80317, 37.17342], [-2.80196, 37.19698], [-2.80994, 37.21012], [-2.80099, 37.21639], [-2.79702, 37.22419], [-2.77719, 37.239], [-2.777, 37.2313], [-2.78365, 37.21345], [-2.78018, 37.19625], [-2.78727, 37.16335], [-2.78757, 37.14587], [-2.77998, 37.14219], [-2.78903, 37.13713], [-2.78441, 37.12223], [-2.77004, 37.11798], [-2.76925, 37.11143], [-2.77355, 37.10406], [-2.78452, 37.0935], [-2.79591, 37.094], [-2.7984, 37.08635], [-2.80409, 37.08156], [-2.81227, 37.08359], [-2.83519, 37.07944], [-2.85153, 37.08046], [-2.87907, 37.09138], [-2.88985, 37.09212]]]}}, {"type": "Feature", "properties": {"ine_code": "04003", "name": "Adra", "province": "Almería"}, "geometry": {"type": "Polygon", "coordinates": [[[-3.14019, 36.78778], [-3.09268, 36.80977], [-3.07395, 36.82468], [-3.06032, 36.81112], [-3.052, 36.80869], [-3.05176, 36.78857], [-3.03234, 36.78809], [-3.01996, 36.79297], [-3.00156, 36.79027], [-2.9302, 36.75326], [-2.97768, 36.73832], [-2.99082, 36.74451], [-3.00795, 36.74127], [-3.01584, 36.74502], [-3.01915, 36.74301], [-3.01777, 36.74509], [-3.02179, 36.74734], [-3.02235, 36.74414], [-3.019, 36.74169], [-3.01976, 36.74068], [-3.03537, 36.74768], [-3.07118, 36.74542], [-3.12869, 36.75086], [-3.13685, 36.76643], [-3.134, 36.78132], [-3.14019, 36.78778]]]}}, {"type": "Feature", "properties": {"ine_code": "04004", "name": "Albanchez", "province": "Almería"}, "geometry": {"type": "Polygon", "coordinates": [[[-2.20196, 37.31209], [-2.19363, 37.31841], [-2.18108, 37.31713], [-2.15979, 37.30956], [-2.15458, 37.30859], [-2.15285, 37.3112], [-2.13895, 37.30288], [-2.13397, 37.30363], [-2.12563, 37.28214], [-2.11901, 37.28005], [-2.121, 37.27764], [-2.1188, 37.26859], [-2.13613, 37.25315], [-2.19683, 37.26858], [-2.19986, 37.27447], [-2.19501, 37.27897], [-2.19856, 37.28251], [-2.19397, 37.28523], [-2.19551, 37.29035], [-2.18863, 37.29392], [-2.1912, 37.3037], [-2.20196, 37.31209]]]}}, {"type": "Feature", "properties": {"ine_code": "04005", "name": "Alboloduy", "province": "Almería"}, "geometry": {"type": "Polygon", "coordinates": [[[-2.71288, 37.07817], [-2.70078, 37.09673], [-2.69668, 37.08569], [-2.68975, 37.08214], [-2.66214, 37.08389], [-2.65498, 37.08168], [-2.65216, 37.07871], [-2.65396, 37.07545], [-2.64391, 37.07106], [-2.63274, 37.07272], [-2.62906, 37.07852], [-2.62942, 37.09213], [-2.60518, 37.11136], [-2.59101, 37.09468], [-2.57244, 37.08701], [-2.57068, 37.08229], [-2.5578, 37.07635], [-2.54319, 37.06265], [-2.55448, 37.06683], [-2.57615, 37.05949], [-2.58764, 37.04194], [-2.58623, 37.03834], [-2.59648, 37.03796], [-2.61165, 37.02113], [-2.64228, 37.02313], [-2.64604, 37.02717], [-2.66252, 37.02697], [-2.66578, 37.02947], [-2.67681, 37.04043], [-2.69144, 37.06838], [-2.71288, 37.07817]]]}}, {"type": "Feature", "properties": {"ine_code": "04006", "name": "Albox", "province": "Almería"}, "geometry": {"type": "Polygon", "coordinates": [[[-2.21616, 37.45233], [-2.2046, 37.45489], [-2.19209, 37.46632], [-2.1689, 37.51823], [-2.17169, 37.53108], [-2.16978, 37.53387], [-2.16336, 37.53575], [-2.16181, 37.54096], [-2.15379, 37.54514], [-2.12849, 37.54445], [-2.09801, 37.53299], [-2.10066, 37.52503], [-2.09454, 37.50582], [-2.08661, 37.50015], [-2.08461, 37.48253], [-2.08871, 37.47979], [-2.08807, 37.47576], [-2.10218, 37.48195], [-2.09828, 37.46887], [-2.08283, 37.45408], [-2.05704, 37.44167], [-2.06348, 37.42964], [-2.115, 37.36634], [-2.14567, 37.35596], [-2.15778, 37.35955], [-2.16219, 37.36939], [-2.1837, 37.38048], [-2.18491, 37.40211], [-2.19235, 37.41353], [-2.19074, 37.43205], [-2.1949, 37.4351], [-2.19389, 37.43748], [-2.21616, 37.45233]]]}}, {"type": "Feature", "properties": {"ine_code": "04007", "name": "Alcolea", "province": "Almería"}, "geometry": {"type": "Polygon", "coordinates": [[[-3.05664, 36.88506], [-3.07051, 36.90118], [-3.06806, 36.90716], [-3.07193, 36.91929], [-3.06629, 36.91242], [-3.05719, 36.91154], [-3.04362, 36.92114], [-3.03132, 36.92458], [-3.03138, 36.9324], [-3.02839, 36.93409], [-3.03221, 36.94229], [-3.02934, 36.94753], [-3.02219, 36.95408], [-2.99554, 36.95669], [-2.98737, 36.96039], [-2.98501, 36.97191], [-2.97842, 36.97385], [-2.97621, 36.97812], [-2.97849, 36.99266], [-2.97354, 36.99743], [-2.94189, 36.99571], [-2.94156, 36.96294], [-2.93694, 36.95817], [-2.93534, 36.92235], [-2.98129, 36.91439], [-2.9944, 36.90702], [-3.00526, 36.90616], [-3.01115, 36.90883], [-3.02389, 36.90602], [-3.02756, 36.90002], [-3.02523, 36.89508], [-3.0348, 36.88481], [-3.04016, 36.88696], [-3.05664, 36.88506]]]}}, {"type": "Feature", "properties": {"ine_code": "04008", "name": "Alcóntar", "province": "Almería"}, "geometry": {"type": "Polygon", "coordinates": [[[-2.61928, 37.24221], [-2.6507, 37.23513], [-2.65763, 37.22892], [-2.66319, 37.23187], [-2.66751, 37.24952], [-2.66171, 37.26668], [-2.66565, 37.28533], [-2.66303, 37.29614], [-2.65087, 37.31233], [-2.65459, 37.31763], [-2.65048, 37.32586], [-2.6546, 37.34061], [-2.63729, 37.34333], [-2.63509, 37.36472], [-2.64319, 37.37594], [-2.6418, 37.3875], [-2.60821, 37.41107], [-2.58778, 37.39619], [-2.59367, 37.3807], [-2.60705, 37.37293], [-2.60958, 37.36817], [-2.59912, 37.35269], [-2.57956, 37.34465], [-2.57889, 37.33279], [-2.5912, 37.32255], [-2.60167, 37.30192], [-2.57305, 37.31069], [-2.58061, 37.29195], [-2.58438, 37.29126], [-2.59022, 37.28146], [-2.59094, 37.27478], [-2.61928, 37.24221]]]}}, {"type": "Feature", "properties": {"ine_code": "04009", "name": "Alcudia de Monteagud", "province": "Almería"}, "geometry": {"type": "Polygon", "coordinates": [[[-2.25734, 37.20449], [-2.26679, 37.20555], [-2.27533, 37.21292], [-2.26992, 37.22686], [-2.2762, 37.22919], [-2.28113, 37.23761], [-2.27668, 37.24225], [-2.26715, 37.24091], [-2.25664, 37.24513], [-2.24755, 37.26309], [-2.24944, 37.27135], [-2.24596, 37.27184], [-2.23063, 37.2597], [-2.24144, 37.24903], [-2.23844, 37.24417], [-2.24331, 37.23904], [-2.24029, 37.22305], [-2.24359, 37.21558], [-2.25734, 37.20449]]]}}, {"type": "Feature", "properties": {"ine_code": "04010", "name": "Alhabia", "province": "Almería"}, "geometry": {"type": "Polygon", "coordinates": [[[-2.59703, 36.99498], [-2.58262, 36.99812], [-2.56009, 37.01251], [-2.53837, 37.0168], [-2.53626, 37.00134], [-2.54294, 36.97145], [-2.5608, 36.9776], [-2.58892, 36.98081], [-2.58917, 36.98745], [-2.59405, 36.98907], [-2.59703, 36.99498]]]}}, {"type": "Feature", "properties": {"ine_code": "04011", "name": "Alhama de Almería", "province": "Almería"}, "geometry": {"type": "Polygon", "coordinates": [[[-2.612, 36.92486], [-2.59688, 36.94502], [-2.58988, 36.94653], [-2.58673, 36.95072], [-2.58093, 36.96585], [-2.58443, 36.97276], [-2.58293, 36.98], [-2.5608, 36.9776], [-2.54362, 36.97152], [-2.54227, 36.97478], [-2.53743, 36.95987], [-2.55124, 36.94791], [-2.55829, 36.93074], [-2.57375, 36.92507], [-2.58102, 36.91434], [-2.59071, 36.9103], [-2.60573, 36.91062], [-2.60681, 36.90773], [-2.612, 36.92486]]]}}, {"type": "Feature", "properties": {"ine_code": "04012", "name": "Alicún", "province": "Almería"}, "geometry": {"type": "Polygon", "coordinates": [[[-2.59688, 36.94502], [-2.612, 36.92486], [-2.61864, 36.92936], [-2.61676, 36.93962], [-2.60077, 36.95672], [-2.60641, 36.96862], [-2.59312, 36.977], [-2.5899, 36.97148], [-2.59547, 36.95982], [-2.59688, 36.94502]]]}}, {"type": "Feature", "properties": {"ine_code": "04013", "name": "Almería", "province": "Almería"}, "geometry": {"type": "MultiPolygon", "coordinates": [[[[-3.03314, 35.93816], [-3.03666, 35.93981], [-3.03103, 35.94152], [-3.03314, 35.93816]]], [[[-3.03017, 35.94225], [-3.02999, 35.94205], [-3.03036, 35.94202], [-3.03017, 35.94225]]], [[[-2.53317, 36.8821], [-2.52093, 36.89508], [-2.50491, 36.88571], [-2.50003, 36.8792], [-2.45263, 36.87459], [-2.44793, 36.86612], [-2.43849, 36.86332], [-2.42766, 36.86905], [-2.42724, 36.86629], [-2.42095, 36.86617], [-2.38876, 36.87985], [-2.37064, 36.89238], [-2.36741, 36.91209], [-2.37088, 36.92193], [-2.38008, 36.92699], [-2.35753, 36.9672], [-2.35484, 36.98047], [-2.35748, 36.98896], [-2.34786, 36.99421], [-2.34035, 36.99295], [-2.32779, 36.99716], [-2.32065, 36.9952], [-2.31067, 37.00001], [-2.30354, 36.99762], [-2.29956, 36.99299], [-2.29867, 36.96657], [-2.29624, 36.95974], [-2.29047, 36.95703], [-2.28805, 36.94856], [-2.27863, 36.94221], [-2.25874, 36.91597], [-2.24401, 36.90917], [-2.22082, 36.87784], [-2.2022, 36.86331], [-2.21614, 36.8334], [-2.22508, 36.82166], [-2.23272, 36.79739], [-2.22317, 36.77691], [-2.21444, 36.77158], [-2.21384, 36.7631], [-2.20648, 36.74955], [-2.20851, 36.7431], [-2.20651, 36.73644], [-2.24117, 36.77596], [-2.27004, 36.80334], [-2.29302, 36.82123], [-2.32125, 36.83446], [-2.3559, 36.84113], [-2.36976, 36.84073], [-2.403, 36.82764], [-2.42655, 36.81074], [-2.45678, 36.83005], [-2.4672, 36.83027], [-2.46512, 36.8334], [-2.47512, 36.83703], [-2.47906, 36.83568], [-2.46412, 36.82585], [-2.47959, 36.83478], [-2.48504, 36.83189], [-2.48034, 36.8348], [-2.48195, 36.83558], [-2.48666, 36.83296], [-2.48488, 36.83073], [-2.50258, 36.82462], [-2.52519, 36.82454], [-2.54233, 36.84816], [-2.54445, 36.86329], [-2.53605, 36.87105], [-2.53317, 36.8821]]]]}}, {"type": "Feature", "properties": {"ine_code": "04014", "name": "Almócita", "province": "Almería"}, "geometry": {"type": "Polygon", "coordinates": [[[-2.7982, 36.919], [-2.80994, 36.91857], [-2.81813, 36.92375], [-2.82766, 36.91251], [-2.82986, 36.9181], [-2.81788, 36.9434], [-2.82164, 36.94861], [-2.8194, 36.95209], [-2.8224, 36.95842], [-2.81313, 36.97701], [-2.8146, 36.98315], [-2.82341, 36.98615], [-2.81675, 36.98519], [-2.81084, 36.98762], [-2.81062, 36.9862], [-2.80869, 36.98878], [-2.79998, 36.98737], [-2.80832, 36.99067], [-2.81757, 36.9858], [-2.82315, 36.98688], [-2.82324, 36.99261], [-2.81856, 36.99428], [-2.81821, 36.99797], [-2.82382, 37.00629], [-2.81002, 37.00951], [-2.79159, 37.00827], [-2.78405, 37.00461], [-2.78009, 36.98601], [-2.77838, 36.96867], [-2.78065, 36.96353], [-2.77704, 36.95279], [-2.79475, 36.93347], [-2.7982, 36.919]], [[-2.8164, 36.99964], [-2.81198, 37.00076], [-2.80636, 37.00589], [-2.81622, 37.00408], [-2.8164, 36.99964]]]}}, {"type": "Feature", "properties": {"ine_code": "04015", "name": "Alsodux", "province": "Almería"}, "geometry": {"type": "MultiPolygon", "coordinates": [[[[-2.61246, 37.00825], [-2.59463, 37.01283], [-2.58825, 37.02423], [-2.55651, 37.04081], [-2.5337, 37.04156], [-2.53824, 37.03195], [-2.53619, 37.02211], [-2.53837, 37.0168], [-2.56009, 37.01251], [-2.59132, 36.99432], [-2.60986, 37.00223], [-2.61373, 37.00557], [-2.61246, 37.00825]]], [[[-2.68373, 37.03687], [-2.69183, 37.04809], [-2.70332, 37.07266], [-2.69144, 37.06838], [-2.67206, 37.03467], [-2.68373, 37.03687]]]]}}, {"type": "Feature", "properties": {"ine_code": "04016", "name": "Antas", "province": "Almería"}, "geometry": {"type": "Polygon", "coordinates": [[[-2.04081, 37.28936], [-2.02621, 37.29584], [-1.96935, 37.30453], [-1.95829, 37.29962], [-1.94832, 37.30033], [-1.93394, 37.28823], [-1.90632, 37.27392], [-1.89051, 37.26944], [-1.89154, 37.23331], [-1.88677, 37.22039], [-1.9107, 37.19744], [-1.92514, 37.18996], [-1.94786, 37.20086], [-1.98281, 37.2252], [-2.00908, 37.25755], [-2.01695, 37.25962], [-2.02088, 37.26649], [-2.02976, 37.26946], [-2.03188, 37.27595], [-2.02923, 37.279], [-2.04081, 37.28936]]]}}, {"type": "Feature", "properties": {"ine_code": "04017", "name": "Arboleas", "province": "Almería"}, "geometry": {"type": "Polygon", "coordinates": [[[-2.13397, 37.30363], [-2.12752, 37.31771], [-2.12122, 37.31901], [-2.11045, 37.3325], [-2.1068, 37.3425], [-2.115, 37.36634], [-2.06348, 37.42964], [-2.05704, 37.44167], [-2.0309, 37.4307], [-2.04599, 37.42628], [-2.05631, 37.39723], [-2.05514, 37.3937], [-2.05954, 37.39012], [-2.05691, 37.38244], [-2.05873, 37.37632], [-2.05259, 37.3684], [-2.06029, 37.3506], [-2.05835, 37.34262], [-2.06244, 37.33702], [-2.06365, 37.31429], [-2.0711, 37.30581], [-2.07092, 37.29533], [-2.08223, 37.29172], [-2.0858, 37.28628], [-2.10597, 37.28441], [-2.11296, 37.29678], [-2.12554, 37.29555], [-2.13397, 37.30363]]]}}, {"type": "Feature", "properties": {"ine_code": "04018", "name": "Armuña de Almanzora", "province": "Almería"}, "geometry": {"type": "Polygon", "coordinates": [[[-2.41882, 37.33476], [-2.42277, 37.35566], [-2.43685, 37.36229], [-2.44123, 37.36646], [-2.43738, 37.36856], [-2.43914, 37.37099], [-2.43208, 37.36822], [-2.40807, 37.37264], [-2.40364, 37.36924], [-2.40329, 37.36183], [-2.41069, 37.35498], [-2.39777, 37.34773], [-2.39645, 37.34376], [-2.41882, 37.33476]]]}}, {"type": "Feature", "properties": {"ine_code": "04019", "name": "Bacares", "province": "Almería"}, "geometry": {"type": "Polygon", "coordinates": [[[-2.565, 37.25149], [-2.55977, 37.25758], [-2.53609, 37.27021], [-2.47746, 37.28711], [-2.47468, 37.29183], [-2.46319, 37.29539], [-2.44213, 37.2953], [-2.41577, 37.28977], [-2.4106, 37.28711], [-2.40457, 37.27371], [-2.4065, 37.24625], [-2.41507, 37.2367], [-2.42021, 37.22508], [-2.42691, 37.22252], [-2.4363, 37.22489], [-2.45634, 37.21622], [-2.4654, 37.21768], [-2.47586, 37.21275], [-2.50036, 37.209], [-2.52526, 37.2147], [-2.53055, 37.22017], [-2.54873, 37.22153], [-2.5516, 37.24179], [-2.55619, 37.24769], [-2.565, 37.25149]]]}}, {"type": "Feature", "properties": {"ine_code": "04020", "name": "Bayárcal", "province": "Almería"}, "geometry": {"type": "Polygon", "coordinates": [[[-3.02958, 37.11325], [-3.02639, 37.11657], [-3.01501, 37.11328], [-3.00362, 37.09679], [-2.98416, 37.09305], [-2.98143, 37.08941], [-2.97717, 37.07562], [-2.97676, 37.0556], [-2.9701, 37.05344], [-2.97345, 37.04517], [-2.97237, 37.03717], [-2.96392, 37.00808], [-2.96472, 37.00056], [-2.97849, 36.99266], [-2.98251, 37.00597], [-2.9891, 37.0073], [-2.99333, 37.01347], [-2.99894, 37.01222], [-2.99907, 37.02133], [-3.00571, 37.02334], [-3.00598, 37.03459], [-3.01623, 37.05221], [-3.01763, 37.07008], [-3.02396, 37.08457], [-3.02198, 37.09891], [-3.02958, 37.11325]]]}}, {"type": "Feature", "properties": {"ine_code": "04021", "name": "Bayarque", "province": "Almería"}, "geometry": {"type": "Polygon", "coordinates": [[[-2.47752, 37.28709], [-2.47574, 37.29458], [-2.48088, 37.30159], [-2.48018, 37.32165], [-2.48328, 37.32666], [-2.4792, 37.33674], [-2.47316, 37.33578], [-2.47787, 37.32751], [-2.47631, 37.32497], [-2.45812, 37.33995], [-2.45244, 37.34037], [-2.44233, 37.33197], [-2.42087, 37.34152], [-2.41892, 37.33475], [-2.4216, 37.32134], [-2.4106, 37.28711], [-2.44213, 37.2953], [-2.46058, 37.29551], [-2.47464, 37.29185], [-2.47752, 37.28709]]]}}, {"type": "Feature", "properties": {"ine_code": "04022", "name": "Bédar", "province": "Almería"}, "geometry": {"type": "Polygon", "coordinates": [[[-2.03837, 37.16033], [-2.03102, 37.16656], [-2.03139, 37.17291], [-2.02754, 37.17474], [-2.01929, 37.19397], [-2.01119, 37.19895], [-2.00856, 37.20809], [-2.00377, 37.20573], [-1.99381, 37.21588], [-1.98839, 37.21507], [-1.9844, 37.22552], [-1.95614, 37.20668], [-1.95066, 37.19788], [-1.95169, 37.17587], [-1.96017, 37.15675], [-1.99922, 37.15118], [-2.01686, 37.14192], [-2.01873, 37.13912], [-2.01268, 37.1315], [-2.0055, 37.12779], [-2.00889, 37.11938], [-2.02913, 37.13414], [-2.03837, 37.16033]]]}}, {"type": "Feature", "properties": {"ine_code": "04023", "name": "Beires", "province": "Almería"}, "geometry": {"type": "MultiPolygon", "coordinates": [[[[-2.82341, 36.98615], [-2.80832, 36.99067], [-2.79998, 36.98737], [-2.82341, 36.98615]]], [[[-2.81789, 37.00154], [-2.80983, 37.00726], [-2.80636, 37.00589], [-2.81198, 37.00076], [-2.81789, 37.00154]]], [[[-2.85153, 37.08046], [-2.83519, 37.07944], [-2.81227, 37.08359], [-2.80066, 37.07955], [-2.78607, 37.05803], [-2.79058, 37.05013], [-2.77941, 37.05011], [-2.77303, 37.02192], [-2.76898, 37.01842], [-2.78276, 37.00487], [-2.802, 37.00991], [-2.82382, 37.00629], [-2.8336, 37.02617], [-2.82971, 37.03941], [-2.83387, 37.04685], [-2.83154, 37.05315], [-2.8372, 37.06384], [-2.84933, 37.07411], [-2.85153, 37.08046]]]]}}, {"type": "Feature", "properties": {"ine_code": "04024", "name": "Benahadux", "province": "Almería"}, "geometry": {"type": "Polygon", "coordinates": [[[-2.44419, 36.90448], [-2.49154, 36.89887], [-2.50668, 36.89978], [-2.52093, 36.89508], [-2.51115, 36.90126], [-2.49014, 36.92444], [-2.46546, 36.9408], [-2.44843, 36.92936], [-2.44419, 36.90448]]]}}, {"type": "Feature", "properties": {"ine_code": "04026", "name": "Benitagla", "province": "Almería"}, "geometry": {"type": "Polygon", "coordinates": [[[-2.20092, 37.2377], [-2.20734, 37.22739], [-2.22192, 37.2252], [-2.22467, 37.22804], [-2.23903, 37.2215], [-2.24333, 37.23879], [-2.23845, 37.24549], [-2.22717, 37.24994], [-2.22585, 37.2531], [-2.21928, 37.23677], [-2.21367, 37.2367], [-2.21274, 37.23934], [-2.20092, 37.2377]]]}}, {"type": "Feature", "properties": {"ine_code": "04027", "name": "Benizalón", "province": "Almería"}, "geometry": {"type": "Polygon", "coordinates": [[[-2.25734, 37.20449], [-2.244, 37.21496], [-2.24033, 37.22292], [-2.23607, 37.22175], [-2.22467, 37.22804], [-2.22192, 37.2252], [-2.20734, 37.22739], [-2.20092, 37.2377], [-2.16521, 37.22445], [-2.1551, 37.21547], [-2.16809, 37.21298], [-2.17254, 37.20815], [-2.18211, 37.21317], [-2.20536, 37.21145], [-2.20504, 37.19252], [-2.20881, 37.18938], [-2.21622, 37.16406], [-2.22664, 37.15692], [-2.23731, 37.16605], [-2.23992, 37.17807], [-2.25105, 37.18777], [-2.25488, 37.18763], [-2.25323, 37.19257], [-2.2558, 37.19356], [-2.25734, 37.20449]]]}}, {"type": "Feature", "properties": {"ine_code": "04028", "name": "Bentarique", "province": "Almería"}, "geometry": {"type": "MultiPolygon", "coordinates": [[[[-2.66782, 36.92671], [-2.67629, 36.92863], [-2.68106, 36.93323], [-2.68813, 36.93108], [-2.69437, 36.92577], [-2.69164, 36.91411], [-2.69937, 36.9226], [-2.69953, 36.93646], [-2.68167, 36.93614], [-2.67772, 36.94595], [-2.65644, 36.94911], [-2.64741, 36.94672], [-2.65013, 36.94125], [-2.65787, 36.93943], [-2.66782, 36.92671]]], [[[-2.6268, 36.97518], [-2.62974, 36.98278], [-2.62743, 36.98645], [-2.632, 36.99311], [-2.63041, 37.0088], [-2.63281, 37.01467], [-2.61336, 37.00478], [-2.61408, 36.99253], [-2.6109, 36.98624], [-2.61635, 36.97863], [-2.6268, 36.97518]]]]}}, {"type": "Feature", "properties": {"ine_code": "04029", "name": "Berja", "province": "Almería"}, "geometry": {"type": "Polygon", "coordinates": [[[-3.07395, 36.82468], [-3.04281, 36.83188], [-3.02901, 36.84444], [-3.03208, 36.86094], [-3.04327, 36.87912], [-3.05664, 36.88506], [-3.04016, 36.88696], [-3.0348, 36.88481], [-3.0299, 36.88773], [-3.02504, 36.89564], [-3.02756, 36.90002], [-3.02389, 36.90602], [-3.01115, 36.90883], [-3.00526, 36.90616], [-2.9944, 36.90702], [-2.98883, 36.91234], [-2.97773, 36.9153], [-2.9389, 36.91993], [-2.91478, 36.91889], [-2.90717, 36.91108], [-2.89788, 36.91308], [-2.88334, 36.90525], [-2.84617, 36.90631], [-2.858, 36.89333], [-2.85953, 36.88276], [-2.86859, 36.87079], [-2.90039, 36.84724], [-2.9047, 36.83399], [-2.90931, 36.83101], [-2.91068, 36.82821], [-2.90578, 36.81967], [-2.90206, 36.80189], [-2.94311, 36.7992], [-2.98979, 36.78295], [-3.00156, 36.79027], [-3.0186, 36.79292], [-3.03234, 36.78809], [-3.05176, 36.78857], [-3.052, 36.80869], [-3.06032, 36.81112], [-3.07395, 36.82468]]]}}, {"type": "Feature", "properties": {"ine_code": "04030", "name": "Canjáyar", "province": "Almería"}, "geometry": {"type": "Polygon", "coordinates": [[[-2.76284, 37.00844], [-2.77257, 37.02083], [-2.77926, 37.04282], [-2.7711, 37.03418], [-2.75826, 37.02845], [-2.74521, 37.02792], [-2.74151, 37.02279], [-2.73622, 37.02485], [-2.73549, 37.03741], [-2.73079, 37.04848], [-2.7327, 37.05994], [-2.72932, 37.06022], [-2.72752, 37.071], [-2.73426, 37.08374], [-2.71781, 37.0813], [-2.70332, 37.07266], [-2.70538, 37.05997], [-2.70041, 37.02239], [-2.69784, 37.01988], [-2.70394, 37.01447], [-2.70613, 37.00527], [-2.70399, 36.99886], [-2.70943, 36.98339], [-2.71505, 36.97863], [-2.71622, 36.95836], [-2.72076, 36.95565], [-2.72835, 36.93863], [-2.74132, 36.92038], [-2.74487, 36.92139], [-2.75514, 36.89914], [-2.76816, 36.89155], [-2.77123, 36.89644], [-2.77294, 36.93271], [-2.75638, 36.9542], [-2.74721, 36.97989], [-2.74583, 36.9955], [-2.76284, 37.00844]]]}}, {"type": "Feature", "properties": {"ine_code": "04031", "name": "Cantoria", "province": "Almería"}, "geometry": {"type": "MultiPolygon", "coordinates": [[[[-2.13049, 37.29992], [-2.12554, 37.29555], [-2.11296, 37.29678], [-2.10742, 37.28511], [-2.11691, 37.28034], [-2.12556, 37.28209], [-2.13049, 37.29992]]], [[[-2.24037, 37.31535], [-2.24543, 37.33374], [-2.24132, 37.33868], [-2.25059, 37.35336], [-2.24459, 37.36007], [-2.25237, 37.37321], [-2.24013, 37.37203], [-2.21508, 37.38101], [-2.20135, 37.37987], [-2.2013, 37.38212], [-2.19015, 37.38515], [-2.16219, 37.36939], [-2.15778, 37.35955], [-2.15182, 37.35684], [-2.13477, 37.35793], [-2.115, 37.36634], [-2.10668, 37.34516], [-2.11045, 37.3325], [-2.12122, 37.31901], [-2.12752, 37.31771], [-2.13474, 37.3031], [-2.14499, 37.30547], [-2.15285, 37.3112], [-2.15458, 37.30859], [-2.15979, 37.30956], [-2.18108, 37.31713], [-2.19363, 37.31841], [-2.20196, 37.31209], [-2.24037, 37.31535]]]]}}, {"type": "Feature", "properties": {"ine_code": "04032", "name": "Carboneras", "province": "Almería"}, "geometry": {"type": "MultiPolygon", "coordinates": [[[[-1.88542, 36.99352], [-1.88619, 36.99237], [-1.88644, 36.99323], [-1.88542, 36.99352]]], [[[-2.01909, 36.97672], [-2.01319, 36.9821], [-2.00379, 36.9843], [-1.99388, 37.00213], [-1.99608, 37.01623], [-1.98914, 37.02417], [-1.99635, 37.0306], [-1.99356, 37.03291], [-1.99551, 37.04556], [-1.93458, 37.05327], [-1.91563, 37.05149], [-1.90854, 37.03993], [-1.9016, 37.04255], [-1.89648, 37.03833], [-1.88851, 37.03908], [-1.87999, 37.04451], [-1.86708, 37.04313], [-1.86306, 37.04558], [-1.87534, 37.0365], [-1.87891, 37.02483], [-1.87768, 37.01449], [-1.8878, 37.00788], [-1.88975, 36.99558], [-1.89523, 36.99457], [-1.89731, 36.99248], [-1.89573, 36.99123], [-1.89738, 36.98843], [-1.89802, 36.99182], [-1.90076, 36.98776], [-1.90132, 36.97977], [-1.89691, 36.97891], [-1.89393, 36.97508], [-1.89764, 36.97874], [-1.90133, 36.97775], [-1.89891, 36.97798], [-1.90025, 36.96909], [-1.89584, 36.96769], [-1.89463, 36.96388], [-1.89628, 36.96735], [-1.89988, 36.96709], [-1.89547, 36.94868], [-1.90272, 36.94455], [-1.90639, 36.93619], [-1.91321, 36.93669], [-1.91586, 36.93404], [-1.92358, 36.93646], [-1.93411, 36.96305], [-1.95947, 36.97396], [-1.98159, 36.96985], [-2.00594, 36.97332], [-2.01737, 36.97149], [-2.01909, 36.97672]]]]}}, {"type": "Feature", "properties": {"ine_code": "04033", "name": "Castro de Filabres", "province": "Almería"}, "geometry": {"type": "Polygon", "coordinates": [[[-2.50036, 37.209], [-2.47586, 37.21275], [-2.4654, 37.21768], [-2.45768, 37.21708], [-2.44908, 37.21202], [-2.44224, 37.20309], [-2.43271, 37.19871], [-2.43207, 37.18844], [-2.42632, 37.18113], [-2.42708, 37.14822], [-2.42108, 37.146], [-2.42239, 37.13644], [-2.44353, 37.12897], [-2.44768, 37.14792], [-2.45302, 37.15714], [-2.46382, 37.16113], [-2.45999, 37.16925], [-2.46402, 37.18782], [-2.47176, 37.19553], [-2.48718, 37.19469], [-2.49423, 37.19775], [-2.49848, 37.20131], [-2.50036, 37.209]]]}}, {"type": "Feature", "properties": {"ine_code": "04034", "name": "Cóbdar", "province": "Almería"}, "geometry": {"type": "Polygon", "coordinates": [[[-2.23845, 37.24549], [-2.24144, 37.24903], [-2.23156, 37.2575], [-2.23015, 37.26572], [-2.22019, 37.27853], [-2.21502, 37.27477], [-2.21111, 37.27808], [-2.19758, 37.27771], [-2.19984, 37.27393], [-2.19683, 37.26858], [-2.18398, 37.26729], [-2.15882, 37.25766], [-2.13657, 37.25344], [-2.13565, 37.25101], [-2.14205, 37.23875], [-2.13905, 37.23331], [-2.14941, 37.21826], [-2.1551, 37.21547], [-2.16521, 37.22445], [-2.20006, 37.23756], [-2.21267, 37.23934], [-2.21367, 37.2367], [-2.21928, 37.23677], [-2.22538, 37.25304], [-2.23845, 37.24549]]]}}, {"type": "Feature", "properties": {"ine_code": "04035", "name": "Cuevas del Almanzora", "province": "Almería"}, "geometry": {"type": "MultiPolygon", "coordinates": [[[[-1.77436, 37.24331], [-1.77437, 37.24339], [-1.7743, 37.24339], [-1.77436, 37.24331]]], [[[-1.77396, 37.24365], [-1.7737, 37.24376], [-1.77376, 37.24358], [-1.77396, 37.24365]]], [[[-1.774, 37.24391], [-1.77397, 37.2438], [-1.77404, 37.24379], [-1.774, 37.24391]]], [[[-1.77331, 37.24445], [-1.77345, 37.24426], [-1.77358, 37.24433], [-1.77331, 37.24445]]], [[[-1.77331, 37.24467], [-1.77315, 37.24453], [-1.7735, 37.24453], [-1.77331, 37.24467]]], [[[-1.773, 37.24477], [-1.77286, 37.245], [-1.77275, 37.24503], [-1.773, 37.24477]]], [[[-1.77328, 37.24535], [-1.77337, 37.24507], [-1.7735, 37.24529], [-1.77328, 37.24535]]], [[[-1.77304, 37.2452], [-1.77305, 37.24531], [-1.77293, 37.24519], [-1.77304, 37.2452]]], [[[-1.77334, 37.2455], [-1.77324, 37.24544], [-1.77332, 37.2454], [-1.77334, 37.2455]]], [[[-1.76963, 37.24771], [-1.76951, 37.2476], [-1.76962, 37.24761], [-1.76963, 37.24771]]], [[[-1.76976, 37.2485], [-1.76969, 37.24856], [-1.7697, 37.24842], [-1.76976, 37.2485]]], [[[-1.76944, 37.24853], [-1.76944, 37.24872], [-1.76926, 37.24865], [-1.76944, 37.24853]]], [[[-1.76897, 37.24925], [-1.76913, 37.24922], [-1.76893, 37.24941], [-1.76897, 37.24925]]], [[[-1.76596, 37.25163], [-1.7657, 37.25172], [-1.76572, 37.25155], [-1.76596, 37.25163]]], [[[-1.76517, 37.25189], [-1.76536, 37.2518], [-1.7654, 37.25189], [-1.76517, 37.25189]]], [[[-1.76573, 37.25189], [-1.76578, 37.25198], [-1.76569, 37.25196], [-1.76573, 37.25189]]], [[[-1.76523, 37.25224], [-1.76517, 37.25232], [-1.76512, 37.25227], [-1.76523, 37.25224]]], [[[-1.76507, 37.25276], [-1.76515, 37.25279], [-1.76497, 37.25282], [-1.76507, 37.25276]]], [[[-1.7645, 37.25332], [-1.76458, 37.2532], [-1.76468, 37.25321], [-1.7645, 37.25332]]], [[[-1.76371, 37.25388], [-1.76394, 37.25381], [-1.76368, 37.25396], [-1.76371, 37.25388]]], [[[-1.76388, 37.25399], [-1.76393, 37.25402], [-1.76363, 37.25422], [-1.76388, 37.25399]]], [[[-1.76313, 37.25474], [-1.76296, 37.2548], [-1.7631, 37.2547], [-1.76313, 37.25474]]], [[[-1.76311, 37.25485], [-1.7633, 37.25479], [-1.76314, 37.25494], [-1.76311, 37.25485]]], [[[-1.7613, 37.25704], [-1.76147, 37.25699], [-1.76135, 37.25709], [-1.7613, 37.25704]]], [[[-1.75072, 37.26638], [-1.75072, 37.26623], [-1.75077, 37.26632], [-1.75072, 37.26638]]], [[[-1.74559, 37.27147], [-1.74567, 37.27149], [-1.74551, 37.27153], [-1.74559, 37.27147]]], [[[-1.90632, 37.27392], [-1.93394, 37.28823], [-1.94832, 37.30033], [-1.94544, 37.30056], [-1.9002, 37.36223], [-1.84469, 37.38686], [-1.84455, 37.40445], [-1.82466, 37.42063], [-1.72265, 37.3653], [-1.69072, 37.3357], [-1.69927, 37.31826], [-1.70042, 37.31857], [-1.70279, 37.3149], [-1.7083, 37.30411], [-1.74475, 37.2753], [-1.74998, 37.26669], [-1.7589, 37.26299], [-1.76216, 37.25845], [-1.76137, 37.25728], [-1.76333, 37.25599], [-1.76354, 37.25474], [-1.76318, 37.2546], [-1.76485, 37.25388], [-1.76709, 37.25023], [-1.76885, 37.25023], [-1.77178, 37.24537], [-1.7718, 37.24654], [-1.77217, 37.24657], [-1.77208, 37.24592], [-1.77323, 37.2457], [-1.77423, 37.24438], [-1.77408, 37.24006], [-1.78502, 37.23418], [-1.79242, 37.23434], [-1.79728, 37.23004], [-1.81485, 37.24461], [-1.84214, 37.25887], [-1.8682, 37.26741], [-1.90632, 37.27392]]], [[[-1.74465, 37.27237], [-1.74467, 37.27218], [-1.74472, 37.2722], [-1.74465, 37.27237]]], [[[-1.74149, 37.27553], [-1.7414, 37.27568], [-1.74136, 37.27554], [-1.74149, 37.27553]]], [[[-1.74161, 37.27587], [-1.74151, 37.27584], [-1.74162, 37.2758], [-1.74161, 37.27587]]], [[[-1.73996, 37.27796], [-1.74001, 37.2779], [-1.74001, 37.27796], [-1.73996, 37.27796]]], [[[-1.73927, 37.27832], [-1.73907, 37.27848], [-1.739, 37.27845], [-1.73927, 37.27832]]], [[[-1.7322, 37.28289], [-1.73198, 37.28296], [-1.73198, 37.28291], [-1.7322, 37.28289]]], [[[-1.73228, 37.28297], [-1.73215, 37.2831], [-1.73214, 37.28301], [-1.73228, 37.28297]]], [[[-1.73052, 37.28363], [-1.73054, 37.28372], [-1.73044, 37.28371], [-1.73052, 37.28363]]], [[[-1.72859, 37.28668], [-1.72848, 37.28668], [-1.72852, 37.28661], [-1.72859, 37.28668]]], [[[-1.72545, 37.2887], [-1.72517, 37.28862], [-1.7253, 37.28857], [-1.72545, 37.2887]]], [[[-1.72519, 37.2894], [-1.72506, 37.28933], [-1.72515, 37.2893], [-1.72519, 37.2894]]], [[[-1.72398, 37.28996], [-1.72404, 37.28982], [-1.72404, 37.28992], [-1.72398, 37.28996]]], [[[-1.72361, 37.29016], [-1.72378, 37.29005], [-1.72376, 37.29014], [-1.72361, 37.29016]]], [[[-1.72378, 37.29021], [-1.72384, 37.29047], [-1.72375, 37.29041], [-1.72378, 37.29021]]], [[[-1.7234, 37.29067], [-1.72351, 37.29052], [-1.7235, 37.29061], [-1.7234, 37.29067]]], [[[-1.72322, 37.29059], [-1.72325, 37.29068], [-1.72318, 37.29066], [-1.72322, 37.29059]]], [[[-1.72315, 37.29085], [-1.7233, 37.29093], [-1.72317, 37.291], [-1.72315, 37.29085]]], [[[-1.72261, 37.29172], [-1.72251, 37.29163], [-1.72263, 37.29164], [-1.72261, 37.29172]]], [[[-1.72072, 37.29575], [-1.72067, 37.2956], [-1.72081, 37.2957], [-1.72072, 37.29575]]], [[[-1.7194, 37.29616], [-1.71929, 37.29615], [-1.71933, 37.29613], [-1.7194, 37.29616]]], [[[-1.71921, 37.29639], [-1.71914, 37.29626], [-1.71928, 37.29624], [-1.71921, 37.29639]]], [[[-1.71953, 37.29641], [-1.71944, 37.29631], [-1.71955, 37.29631], [-1.71953, 37.29641]]], [[[-1.71856, 37.29668], [-1.71828, 37.29651], [-1.71862, 37.29658], [-1.71856, 37.29668]]], [[[-1.71792, 37.29709], [-1.71779, 37.29716], [-1.71779, 37.2971], [-1.71792, 37.29709]]], [[[-1.71339, 37.29993], [-1.71327, 37.29991], [-1.71335, 37.29987], [-1.71339, 37.29993]]], [[[-1.71262, 37.29978], [-1.71267, 37.30008], [-1.71249, 37.30006], [-1.71262, 37.29978]]], [[[-1.70918, 37.30357], [-1.70907, 37.30366], [-1.70905, 37.30355], [-1.70918, 37.30357]]], [[[-1.70765, 37.30428], [-1.70754, 37.30421], [-1.70764, 37.3042], [-1.70765, 37.30428]]], [[[-1.70735, 37.30464], [-1.70744, 37.30465], [-1.7074, 37.30472], [-1.70735, 37.30464]]], [[[-1.70433, 37.31065], [-1.70441, 37.31073], [-1.70435, 37.31073], [-1.70433, 37.31065]]], [[[-1.70419, 37.31089], [-1.70431, 37.31096], [-1.70412, 37.31106], [-1.70419, 37.31089]]], [[[-1.70397, 37.31132], [-1.70411, 37.31131], [-1.70406, 37.31137], [-1.70397, 37.31132]]], [[[-1.70316, 37.31234], [-1.70321, 37.31225], [-1.70323, 37.31231], [-1.70316, 37.31234]]], [[[-1.70327, 37.31231], [-1.70336, 37.31235], [-1.70329, 37.31237], [-1.70327, 37.31231]]], [[[-1.70141, 37.31514], [-1.70129, 37.3152], [-1.70128, 37.31518], [-1.70141, 37.31514]]], [[[-1.69978, 37.31721], [-1.7002, 37.31735], [-1.69983, 37.31746], [-1.69978, 37.31721]]], [[[-1.69951, 37.31736], [-1.69973, 37.31733], [-1.69972, 37.31751], [-1.69951, 37.31736]]], [[[-1.69967, 37.31781], [-1.69978, 37.31779], [-1.69975, 37.31789], [-1.69967, 37.31781]]], [[[-1.69973, 37.31892], [-1.69959, 37.31888], [-1.69973, 37.31887], [-1.69973, 37.31892]]], [[[-1.69879, 37.31939], [-1.699, 37.31931], [-1.69905, 37.3194], [-1.69879, 37.31939]]], [[[-1.69951, 37.31949], [-1.69964, 37.3195], [-1.69963, 37.3196], [-1.69951, 37.31949]]], [[[-1.69854, 37.31993], [-1.69865, 37.31992], [-1.69858, 37.32001], [-1.69854, 37.31993]]], [[[-1.69913, 37.32021], [-1.69889, 37.32008], [-1.69912, 37.32003], [-1.69913, 37.32021]]], [[[-1.69866, 37.32021], [-1.69839, 37.32035], [-1.69835, 37.32029], [-1.69866, 37.32021]]], [[[-1.69884, 37.32046], [-1.69875, 37.32025], [-1.69895, 37.32033], [-1.69884, 37.32046]]], [[[-1.69899, 37.32077], [-1.69905, 37.3207], [-1.69903, 37.32077], [-1.69899, 37.32077]]], [[[-1.69859, 37.32084], [-1.69867, 37.32074], [-1.69869, 37.32081], [-1.69859, 37.32084]]], [[[-1.6983, 37.32187], [-1.69839, 37.32163], [-1.69844, 37.32173], [-1.6983, 37.32187]]], [[[-1.69787, 37.32203], [-1.69796, 37.32207], [-1.69784, 37.32213], [-1.69787, 37.32203]]], [[[-1.69755, 37.32201], [-1.69783, 37.32192], [-1.69758, 37.32241], [-1.69755, 37.32201]]], [[[-1.69746, 37.32275], [-1.69741, 37.32284], [-1.69739, 37.32274], [-1.69746, 37.32275]]], [[[-1.69706, 37.32286], [-1.69729, 37.323], [-1.69715, 37.32304], [-1.69706, 37.32286]]], [[[-1.69672, 37.32509], [-1.69667, 37.32493], [-1.69675, 37.32499], [-1.69672, 37.32509]]]]}}, {"type": "Feature", "properties": {"ine_code": "04036", "name": "Chercos", "province": "Almería"}, "geometry": {"type": "Polygon", "coordinates": [[[-2.29415, 37.27638], [-2.27064, 37.28476], [-2.26229, 37.28051], [-2.25638, 37.27301], [-2.24944, 37.27135], [-2.24755, 37.26309], [-2.25652, 37.24525], [-2.26715, 37.24091], [-2.27371, 37.2416], [-2.27623, 37.24849], [-2.29736, 37.26443], [-2.29858, 37.27087], [-2.29415, 37.27638]]]}}, {"type": "Feature", "properties": {"ine_code": "04037", "name": "Chirivel", "province": "Almería"}, "geometry": {"type": "Polygon", "coordinates": [[[-2.35573, 37.54699], [-2.3743, 37.55735], [-2.36746, 37.56305], [-2.36789, 37.57222], [-2.37493, 37.57783], [-2.36981, 37.58101], [-2.3679, 37.59158], [-2.37598, 37.61226], [-2.38879, 37.61801], [-2.39127, 37.63248], [-2.37388, 37.62921], [-2.36377, 37.62147], [-2.34543, 37.62922], [-2.34043, 37.62342], [-2.3167, 37.62184], [-2.30874, 37.63517], [-2.31996, 37.64809], [-2.31951, 37.65963], [-2.32346, 37.66545], [-2.28688, 37.67213], [-2.2644, 37.66719], [-2.24157, 37.66662], [-2.19913, 37.67085], [-2.19918, 37.66319], [-2.20233, 37.66074], [-2.1999, 37.6422], [-2.18655, 37.62844], [-2.18271, 37.60097], [-2.17397, 37.59387], [-2.17643, 37.5898], [-2.17283, 37.58549], [-2.16584, 37.55882], [-2.16174, 37.55075], [-2.15379, 37.54514], [-2.16211, 37.53834], [-2.20079, 37.54484], [-2.21496, 37.55257], [-2.24018, 37.55405], [-2.24486, 37.55697], [-2.25992, 37.55007], [-2.26928, 37.55676], [-2.28514, 37.55408], [-2.31234, 37.55774], [-2.32631, 37.55125], [-2.35573, 37.54699]]]}}, {"type": "Feature", "properties": {"ine_code": "04038", "name": "Dalías", "province": "Almería"}, "geometry": {"type": "Polygon", "coordinates": [[[-2.89777, 36.77645], [-2.90578, 36.81967], [-2.91068, 36.82821], [-2.9047, 36.83399], [-2.90039, 36.84724], [-2.86859, 36.87079], [-2.85953, 36.88276], [-2.858, 36.89333], [-2.84617, 36.90631], [-2.83169, 36.90259], [-2.82383, 36.90796], [-2.82766, 36.91251], [-2.81813, 36.92375], [-2.80994, 36.91857], [-2.7982, 36.919], [-2.77077, 36.90546], [-2.77123, 36.89644], [-2.76816, 36.89155], [-2.77657, 36.88146], [-2.7504, 36.86133], [-2.72058, 36.82853], [-2.72165, 36.82029], [-2.73178, 36.81496], [-2.73612, 36.8186], [-2.73937, 36.81546], [-2.74242, 36.82073], [-2.75219, 36.81581], [-2.75401, 36.821], [-2.75755, 36.81634], [-2.76585, 36.81529], [-2.7682, 36.82035], [-2.77003, 36.81767], [-2.77826, 36.81715], [-2.77949, 36.82222], [-2.78216, 36.81907], [-2.79408, 36.82053], [-2.79637, 36.81105], [-2.79989, 36.81548], [-2.80237, 36.8153], [-2.80194, 36.81169], [-2.80569, 36.81317], [-2.81179, 36.80867], [-2.81284, 36.81191], [-2.818, 36.80851], [-2.82391, 36.81304], [-2.82606, 36.80894], [-2.83012, 36.80851], [-2.82908, 36.81402], [-2.83477, 36.81011], [-2.83828, 36.81251], [-2.83832, 36.80817], [-2.84588, 36.80611], [-2.85, 36.79778], [-2.84857, 36.79378], [-2.86577, 36.79618], [-2.85694, 36.79097], [-2.86097, 36.7831], [-2.86441, 36.78413], [-2.86348, 36.78862], [-2.87097, 36.79083], [-2.87075, 36.78554], [-2.87717, 36.78628], [-2.87452, 36.78325], [-2.87793, 36.77973], [-2.88125, 36.77826], [-2.88472, 36.78264], [-2.89259, 36.77616], [-2.8962, 36.78049], [-2.89777, 36.77645]]]}}, {"type": "Feature", "properties": {"ine_code": "04041", "name": "Enix", "province": "Almería"}, "geometry": {"type": "Polygon", "coordinates": [[[-2.69164, 36.91411], [-2.67944, 36.91926], [-2.66243, 36.91574], [-2.63471, 36.91693], [-2.60681, 36.90773], [-2.60573, 36.91062], [-2.59825, 36.91208], [-2.58721, 36.91122], [-2.58102, 36.91434], [-2.57764, 36.92165], [-2.56845, 36.91327], [-2.56458, 36.88726], [-2.56693, 36.87748], [-2.56244, 36.87183], [-2.54445, 36.86329], [-2.54233, 36.84816], [-2.52519, 36.82454], [-2.53319, 36.81874], [-2.55377, 36.81748], [-2.55236, 36.82038], [-2.5681, 36.83725], [-2.56826, 36.84172], [-2.57423, 36.84215], [-2.58445, 36.83668], [-2.58775, 36.83819], [-2.58634, 36.84352], [-2.59086, 36.8472], [-2.59789, 36.85021], [-2.60316, 36.84773], [-2.60463, 36.85366], [-2.61621, 36.85664], [-2.6092, 36.84312], [-2.61507, 36.84089], [-2.6232, 36.85182], [-2.63063, 36.85323], [-2.64182, 36.88434], [-2.65895, 36.90434], [-2.69164, 36.91411]]]}}, {"type": "Feature", "properties": {"ine_code": "04043", "name": "Felix", "province": "Almería"}, "geometry": {"type": "Polygon", "coordinates": [[[-2.76816, 36.89155], [-2.75514, 36.89914], [-2.74487, 36.92139], [-2.74132, 36.92038], [-2.7382, 36.92442], [-2.73291, 36.91859], [-2.72164, 36.91732], [-2.71995, 36.91435], [-2.69694, 36.91729], [-2.65895, 36.90434], [-2.64182, 36.88434], [-2.63063, 36.85323], [-2.66679, 36.83899], [-2.67473, 36.83386], [-2.67782, 36.82408], [-2.68251, 36.82046], [-2.70212, 36.82187], [-2.70499, 36.82679], [-2.69936, 36.83237], [-2.70201, 36.83546], [-2.6991, 36.84156], [-2.70953, 36.84235], [-2.71926, 36.85209], [-2.72387, 36.85296], [-2.73622, 36.86723], [-2.7416, 36.86804], [-2.7504, 36.86133], [-2.77657, 36.88146], [-2.76816, 36.89155]]]}}, {"type": "Feature", "properties": {"ine_code": "04044", "name": "Fines", "province": "Almería"}, "geometry": {"type": "Polygon", "coordinates": [[[-2.29595, 37.41046], [-2.2858, 37.41216], [-2.28167, 37.40924], [-2.27985, 37.40214], [-2.27003, 37.39835], [-2.2611, 37.38789], [-2.25584, 37.38745], [-2.25237, 37.37321], [-2.24459, 37.36007], [-2.25059, 37.35336], [-2.24132, 37.33868], [-2.24543, 37.33374], [-2.243, 37.32176], [-2.25613, 37.33044], [-2.26142, 37.33], [-2.26626, 37.33476], [-2.27978, 37.33929], [-2.27901, 37.34777], [-2.28668, 37.36959], [-2.28531, 37.3838], [-2.28968, 37.39193], [-2.28798, 37.40098], [-2.29595, 37.41046]]]}}, {"type": "Feature", "properties": {"ine_code": "04045", "name": "Fiñana", "province": "Almería"}, "geometry": {"type": "Polygon", "coordinates": [[[-2.88985, 37.09212], [-2.89486, 37.09009], [-2.90133, 37.09218], [-2.91191, 37.08807], [-2.91848, 37.09205], [-2.92647, 37.09084], [-2.93974, 37.09687], [-2.9497, 37.09737], [-2.94833, 37.10615], [-2.94294, 37.11113], [-2.94699, 37.12221], [-2.94173, 37.12465], [-2.9409, 37.13066], [-2.93058, 37.1398], [-2.92915, 37.15657], [-2.9147, 37.1585], [-2.91101, 37.1635], [-2.8953, 37.16705], [-2.88881, 37.18207], [-2.88099, 37.1871], [-2.88027, 37.20395], [-2.87283, 37.21989], [-2.87496, 37.23146], [-2.86652, 37.24305], [-2.86878, 37.2462], [-2.85905, 37.25051], [-2.85566, 37.26861], [-2.85083, 37.27632], [-2.82855, 37.28007], [-2.82005, 37.27816], [-2.8149, 37.27087], [-2.79499, 37.26341], [-2.77896, 37.26263], [-2.77896, 37.25696], [-2.77485, 37.25354], [-2.77979, 37.25107], [-2.775, 37.24623], [-2.77773, 37.23795], [-2.79702, 37.22419], [-2.80099, 37.21639], [-2.80994, 37.21012], [-2.80196, 37.19698], [-2.80317, 37.17342], [-2.80923, 37.16254], [-2.7998, 37.15931], [-2.80126, 37.15549], [-2.82497, 37.15754], [-2.83006, 37.14689], [-2.84528, 37.13699], [-2.86371, 37.14577], [-2.88127, 37.14457], [-2.88883, 37.13889], [-2.89184, 37.13977], [-2.89223, 37.13069], [-2.89644, 37.12578], [-2.89041, 37.11622], [-2.89256, 37.1082], [-2.88813, 37.10175], [-2.88985, 37.09212]]]}}, {"type": "Feature", "properties": {"ine_code": "04046", "name": "Fondón", "province": "Almería"}, "geometry": {"type": "MultiPolygon", "coordinates": [[[[-2.85271, 36.90618], [-2.88096, 36.90501], [-2.88404, 36.92564], [-2.89946, 36.9374], [-2.90817, 36.93375], [-2.91096, 36.9395], [-2.90225, 36.9517], [-2.90394, 36.95524], [-2.90022, 36.96641], [-2.88891, 36.97467], [-2.89148, 36.98257], [-2.87993, 36.98718], [-2.8642, 37.0106], [-2.8714, 37.01959], [-2.86586, 37.02531], [-2.87095, 37.03702], [-2.86181, 37.04083], [-2.85894, 37.08292], [-2.85153, 37.08046], [-2.83154, 37.05315], [-2.83387, 37.04685], [-2.82971, 37.03941], [-2.83353, 37.02584], [-2.81821, 36.99797], [-2.81856, 36.99428], [-2.82324, 36.99261], [-2.82341, 36.98543], [-2.81313, 36.98081], [-2.81436, 36.97074], [-2.8224, 36.95842], [-2.8194, 36.95209], [-2.82164, 36.94861], [-2.81788, 36.9434], [-2.82972, 36.92043], [-2.82383, 36.90796], [-2.83169, 36.90259], [-2.85271, 36.90618]]], [[[-2.93042, 37.01151], [-2.92917, 37.0046], [-2.9387, 36.99851], [-2.93042, 37.01151]]]]}}, {"type": "Feature", "properties": {"ine_code": "04047", "name": "Gádor", "province": "Almería"}, "geometry": {"type": "Polygon", "coordinates": [[[-2.57201, 36.91727], [-2.55229, 36.92967], [-2.54705, 36.93822], [-2.54671, 36.94577], [-2.52553, 36.95821], [-2.51838, 36.95884], [-2.51777, 36.96364], [-2.51219, 36.96766], [-2.50538, 36.96641], [-2.49188, 36.95592], [-2.48984, 36.96639], [-2.49564, 36.97231], [-2.49492, 36.98536], [-2.49099, 36.98773], [-2.50484, 37.00691], [-2.50735, 37.03722], [-2.48376, 37.05187], [-2.48252, 37.0545], [-2.48896, 37.06053], [-2.47009, 37.04661], [-2.44847, 37.01924], [-2.44551, 37.0111], [-2.45855, 37.006], [-2.46702, 36.99408], [-2.46325, 36.99117], [-2.46707, 36.98717], [-2.46604, 36.97403], [-2.45938, 36.97096], [-2.46185, 36.97107], [-2.47433, 36.95045], [-2.46546, 36.9408], [-2.49014, 36.92444], [-2.51115, 36.90126], [-2.52093, 36.89508], [-2.53317, 36.8821], [-2.53605, 36.87105], [-2.54445, 36.86329], [-2.56244, 36.87183], [-2.56693, 36.87748], [-2.56458, 36.88726], [-2.56845, 36.91327], [-2.57201, 36.91727]]]}}, {"type": "Feature", "properties": {"ine_code": "04048", "name": "Los Gallardos", "province": "Almería"}, "geometry": {"type": "Polygon", "coordinates": [[[-1.90897, 37.18733], [-1.90231, 37.15758], [-1.91379, 37.15479], [-1.93407, 37.14025], [-1.94907, 37.14698], [-1.95327, 37.14026], [-1.96239, 37.13901], [-1.97062, 37.13246], [-1.98286, 37.13413], [-1.98347, 37.12934], [-1.9902, 37.13201], [-1.99611, 37.1233], [-2.00602, 37.12552], [-2.01873, 37.13912], [-1.99922, 37.15118], [-1.96017, 37.15675], [-1.95158, 37.17635], [-1.95066, 37.19788], [-1.95614, 37.20668], [-1.92514, 37.18996], [-1.91835, 37.19191], [-1.91492, 37.18752], [-1.90897, 37.18733]]]}}, {"type": "Feature", "properties": {"ine_code": "04049", "name": "Garrucha", "province": "Almería"}, "geometry": {"type": "MultiPolygon", "coordinates": [[[[-1.82033, 37.17478], [-1.82029, 37.17558], [-1.82014, 37.1758], [-1.82033, 37.17478]]], [[[-1.81978, 37.17766], [-1.8197, 37.17865], [-1.81954, 37.17873], [-1.81978, 37.17766]]], [[[-1.84226, 37.18876], [-1.84711, 37.19254], [-1.83994, 37.19415], [-1.8438, 37.19787], [-1.84223, 37.20324], [-1.83873, 37.20333], [-1.83786, 37.20794], [-1.83184, 37.20817], [-1.81882, 37.1961], [-1.8196, 37.18823], [-1.81537, 37.18836], [-1.81633, 37.1869], [-1.81535, 37.18604], [-1.81502, 37.18534], [-1.81635, 37.1789], [-1.81693, 37.18652], [-1.82175, 37.17718], [-1.8207, 37.17257], [-1.83445, 37.16706], [-1.83836, 37.16887], [-1.83958, 37.17476], [-1.84429, 37.17578], [-1.84226, 37.18876]]]]}}, {"type": "Feature", "properties": {"ine_code": "04050", "name": "Gérgal", "province": "Almería"}, "geometry": {"type": "Polygon", "coordinates": [[[-2.60518, 37.11136], [-2.60418, 37.12184], [-2.62571, 37.141], [-2.63253, 37.15767], [-2.63834, 37.16221], [-2.63851, 37.1701], [-2.6447, 37.17639], [-2.64824, 37.19047], [-2.65277, 37.19413], [-2.6475, 37.20667], [-2.65433, 37.21215], [-2.66012, 37.21199], [-2.65763, 37.22892], [-2.6507, 37.23513], [-2.61928, 37.24221], [-2.57644, 37.24701], [-2.57009, 37.24513], [-2.565, 37.25149], [-2.55619, 37.24769], [-2.5516, 37.24179], [-2.54873, 37.22153], [-2.53055, 37.22017], [-2.52526, 37.2147], [-2.52806, 37.19636], [-2.51948, 37.17807], [-2.51121, 37.16641], [-2.49447, 37.15762], [-2.48386, 37.14157], [-2.48281, 37.13356], [-2.47412, 37.13081], [-2.47351, 37.12795], [-2.46026, 37.13194], [-2.4565, 37.141], [-2.44814, 37.14168], [-2.44353, 37.12897], [-2.4642, 37.09688], [-2.48036, 37.08368], [-2.47464, 37.07632], [-2.47859, 37.07101], [-2.47866, 37.05838], [-2.48896, 37.06053], [-2.48252, 37.0545], [-2.48376, 37.05187], [-2.50536, 37.04064], [-2.50572, 37.04382], [-2.53211, 37.04417], [-2.53318, 37.0492], [-2.5437, 37.05822], [-2.54616, 37.06774], [-2.57038, 37.08206], [-2.57244, 37.08701], [-2.59101, 37.09468], [-2.60518, 37.11136]]]}}, {"type": "Feature", "properties": {"ine_code": "04051", "name": "Huécija", "province": "Almería"}, "geometry": {"type": "Polygon", "coordinates": [[[-2.66731, 36.92707], [-2.65787, 36.93943], [-2.65013, 36.94125], [-2.64771, 36.94691], [-2.63996, 36.94952], [-2.63957, 36.95437], [-2.63329, 36.95576], [-2.62948, 36.97342], [-2.61643, 36.98058], [-2.61462, 36.97717], [-2.61322, 36.98003], [-2.59919, 36.97882], [-2.59802, 36.97536], [-2.60641, 36.96862], [-2.60077, 36.95672], [-2.60938, 36.94957], [-2.61877, 36.93467], [-2.61864, 36.92936], [-2.61209, 36.92429], [-2.62175, 36.92489], [-2.63078, 36.92102], [-2.66731, 36.92707]]]}}, {"type": "Feature", "properties": {"ine_code": "04052", "name": "Huércal de Almería", "province": "Almería"}, "geometry": {"type": "Polygon", "coordinates": [[[-2.52093, 36.89508], [-2.50668, 36.89978], [-2.49154, 36.89887], [-2.44419, 36.90448], [-2.43094, 36.88518], [-2.4257, 36.86609], [-2.42766, 36.86905], [-2.43967, 36.8635], [-2.44793, 36.86612], [-2.45263, 36.87459], [-2.50003, 36.8792], [-2.50491, 36.88571], [-2.52093, 36.89508]]]}}, {"type": "Feature", "properties": {"ine_code": "04053", "name": "Huércal-Overa", "province": "Almería"}, "geometry": {"type": "Polygon", "coordinates": [[[-2.03375, 37.47879], [-2.02517, 37.51362], [-2.01218, 37.52604], [-1.98797, 37.52697], [-1.94608, 37.53616], [-1.91651, 37.53553], [-1.91029, 37.53859], [-1.87122, 37.48944], [-1.85889, 37.47991], [-1.84509, 37.45502], [-1.80856, 37.43353], [-1.84455, 37.40445], [-1.84469, 37.38686], [-1.9002, 37.36223], [-1.9464, 37.2997], [-1.95829, 37.29962], [-1.96935, 37.30453], [-2.02462, 37.29512], [-2.00981, 37.31021], [-2.00721, 37.33348], [-2.00102, 37.34966], [-2.00823, 37.3557], [-2.00771, 37.36739], [-1.99765, 37.38157], [-2.0011, 37.41881], [-2.00573, 37.42487], [-2.01167, 37.42583], [-2.01494, 37.43215], [-2.02104, 37.43493], [-2.02166, 37.44099], [-2.02706, 37.44356], [-2.03375, 37.47879]]]}}, {"type": "Feature", "properties": {"ine_code": "04054", "name": "Íllar", "province": "Almería"}, "geometry": {"type": "Polygon", "coordinates": [[[-2.67772, 36.94595], [-2.64492, 36.99401], [-2.64365, 37.00266], [-2.66113, 37.0189], [-2.66303, 37.02614], [-2.64604, 37.02717], [-2.63401, 37.01909], [-2.63041, 37.0088], [-2.632, 36.99311], [-2.62743, 36.98645], [-2.62974, 36.98278], [-2.62627, 36.9748], [-2.63071, 36.97172], [-2.63329, 36.95576], [-2.63957, 36.95437], [-2.63996, 36.94952], [-2.64569, 36.94697], [-2.65644, 36.94911], [-2.67772, 36.94595]]]}}, {"type": "Feature", "properties": {"ine_code": "04055", "name": "Instinción", "province": "Almería"}, "geometry": {"type": "Polygon", "coordinates": [[[-2.7382, 36.92442], [-2.72006, 36.95668], [-2.71467, 36.95315], [-2.68766, 36.96081], [-2.67725, 36.97392], [-2.67986, 36.97871], [-2.67001, 36.9818], [-2.68373, 37.03687], [-2.67206, 37.03467], [-2.66249, 37.02764], [-2.66173, 37.0197], [-2.64821, 37.00852], [-2.64387, 37.0001], [-2.64657, 36.99021], [-2.67772, 36.94595], [-2.68167, 36.93614], [-2.69953, 36.93646], [-2.69937, 36.9226], [-2.69164, 36.91411], [-2.69773, 36.9174], [-2.71995, 36.91435], [-2.72164, 36.91732], [-2.73291, 36.91859], [-2.7382, 36.92442]]]}}, {"type": "Feature", "properties": {"ine_code": "04056", "name": "Laroya", "province": "Almería"}, "geometry": {"type": "Polygon", "coordinates": [[[-2.36691, 37.28106], [-2.3618, 37.29562], [-2.35001, 37.30504], [-2.35041, 37.31499], [-2.33538, 37.32717], [-2.33255, 37.32607], [-2.3338, 37.32046], [-2.32725, 37.3181], [-2.31638, 37.3059], [-2.31958, 37.29581], [-2.33232, 37.28151], [-2.3314, 37.26994], [-2.33538, 37.26162], [-2.34285, 37.2532], [-2.36195, 37.25365], [-2.36685, 37.2588], [-2.36444, 37.27735], [-2.36691, 37.28106]]]}}, {"type": "Feature", "properties": {"ine_code": "04057", "name": "Laujar de Andarax", "province": "Almería"}, "geometry": {"type": "Polygon", "coordinates": [[[-2.95092, 37.09607], [-2.93974, 37.09687], [-2.92647, 37.09084], [-2.91848, 37.09205], [-2.91191, 37.08807], [-2.90133, 37.09218], [-2.87907, 37.09138], [-2.85894, 37.08292], [-2.86181, 37.04083], [-2.87095, 37.03702], [-2.86586, 37.02531], [-2.8714, 37.01959], [-2.8642, 37.0106], [-2.87993, 36.98718], [-2.89148, 36.98257], [-2.88891, 36.97467], [-2.90022, 36.96641], [-2.90394, 36.95524], [-2.90225, 36.9517], [-2.91096, 36.9395], [-2.90817, 36.93375], [-2.89946, 36.9374], [-2.88404, 36.92564], [-2.88096, 36.90501], [-2.89788, 36.91308], [-2.90717, 36.91108], [-2.91478, 36.91889], [-2.93857, 36.91988], [-2.93534, 36.92235], [-2.93694, 36.95817], [-2.94156, 36.96294], [-2.94189, 36.99571], [-2.92917, 37.0046], [-2.93042, 37.01151], [-2.91494, 37.01534], [-2.91846, 37.03366], [-2.92534, 37.04599], [-2.92338, 37.0571], [-2.92896, 37.07354], [-2.92686, 37.075], [-2.93623, 37.0922], [-2.95092, 37.09607]]]}}, {"type": "Feature", "properties": {"ine_code": "04058", "name": "Líjar", "province": "Almería"}, "geometry": {"type": "Polygon", "coordinates": [[[-2.27064, 37.28476], [-2.26733, 37.29726], [-2.243, 37.32176], [-2.24037, 37.31535], [-2.22715, 37.31622], [-2.21763, 37.31203], [-2.20557, 37.31395], [-2.1912, 37.3037], [-2.18863, 37.29392], [-2.19574, 37.29003], [-2.19397, 37.28523], [-2.19856, 37.28251], [-2.19501, 37.27897], [-2.21111, 37.27808], [-2.21502, 37.27477], [-2.22215, 37.2779], [-2.22161, 37.27464], [-2.22833, 37.26901], [-2.23096, 37.26137], [-2.23857, 37.265], [-2.24187, 37.27065], [-2.25638, 37.27301], [-2.26229, 37.28051], [-2.27064, 37.28476]]]}}, {"type": "Feature", "properties": {"ine_code": "04059", "name": "Lubrín", "province": "Almería"}, "geometry": {"type": "Polygon", "coordinates": [[[-2.03837, 37.16033], [-2.06119, 37.15979], [-2.07972, 37.17011], [-2.09193, 37.16779], [-2.10709, 37.17586], [-2.10007, 37.18907], [-2.12608, 37.19958], [-2.12987, 37.20332], [-2.12885, 37.21031], [-2.13427, 37.21374], [-2.14747, 37.21724], [-2.1551, 37.21547], [-2.14941, 37.21826], [-2.13905, 37.23331], [-2.14205, 37.23875], [-2.13789, 37.24248], [-2.13613, 37.25315], [-2.1188, 37.26859], [-2.121, 37.27764], [-2.11901, 37.28005], [-2.10742, 37.28511], [-2.0858, 37.28628], [-2.08223, 37.29172], [-2.07424, 37.29533], [-2.0596, 37.29369], [-2.04879, 37.28802], [-2.04081, 37.28936], [-2.02923, 37.279], [-2.03188, 37.27595], [-2.02976, 37.26946], [-2.02088, 37.26649], [-2.01695, 37.25962], [-2.00908, 37.25755], [-1.99044, 37.2368], [-1.98281, 37.2252], [-1.98811, 37.21547], [-1.99381, 37.21588], [-2.00377, 37.20573], [-2.00856, 37.20809], [-2.01119, 37.19895], [-2.01929, 37.19397], [-2.02754, 37.17474], [-2.03139, 37.17291], [-2.03102, 37.16656], [-2.03837, 37.16033]]]}}, {"type": "Feature", "properties": {"ine_code": "04060", "name": "Lucainena de las Torres", "province": "Almería"}, "geometry": {"type": "Polygon", "coordinates": [[[-2.22983, 37.05916], [-2.22585, 37.06392], [-2.23723, 37.09506], [-2.2502, 37.11167], [-2.24481, 37.10854], [-2.23748, 37.11161], [-2.21319, 37.12579], [-2.20969, 37.13383], [-2.19943, 37.13377], [-2.19501, 37.12914], [-2.19784, 37.09539], [-2.18218, 37.08474], [-2.1797, 37.07687], [-2.16222, 37.06103], [-2.15057, 37.056], [-2.12453, 37.0565], [-2.11158, 37.04229], [-2.09873, 37.04555], [-2.07694, 37.03904], [-2.06915, 37.04158], [-2.02111, 36.98095], [-2.01548, 36.97877], [-2.01909, 36.97672], [-2.04091, 36.98283], [-2.04752, 36.98134], [-2.06558, 36.9968], [-2.07479, 36.99982], [-2.10108, 36.99515], [-2.14436, 37.00019], [-2.17339, 37.00818], [-2.20064, 37.00973], [-2.21818, 37.02325], [-2.2351, 37.02535], [-2.23536, 37.03879], [-2.22983, 37.05916]]]}}, {"type": "Feature", "properties": {"ine_code": "04061", "name": "Lúcar", "province": "Almería"}, "geometry": {"type": "Polygon", "coordinates": [[[-2.51444, 37.47797], [-2.50309, 37.48351], [-2.4741, 37.48347], [-2.45752, 37.49083], [-2.46197, 37.49869], [-2.45923, 37.50317], [-2.42393, 37.49103], [-2.41066, 37.49133], [-2.39596, 37.48181], [-2.39703, 37.46447], [-2.40182, 37.45684], [-2.39422, 37.44093], [-2.39966, 37.41446], [-2.39522, 37.4083], [-2.40166, 37.38416], [-2.40179, 37.37027], [-2.42008, 37.37224], [-2.43208, 37.36822], [-2.43909, 37.37102], [-2.43935, 37.36716], [-2.44454, 37.36729], [-2.46668, 37.3998], [-2.47647, 37.4042], [-2.49176, 37.44304], [-2.4901, 37.44998], [-2.51444, 37.47797]]]}}, {"type": "Feature", "properties": {"ine_code": "04062", "name": "Macael", "province": "Almería"}, "geometry": {"type": "Polygon", "coordinates": [[[-2.33172, 37.32442], [-2.33669, 37.33273], [-2.32986, 37.33882], [-2.31265, 37.34685], [-2.29081, 37.33886], [-2.26904, 37.33603], [-2.243, 37.32176], [-2.26733, 37.29726], [-2.27084, 37.28454], [-2.3087, 37.26938], [-2.33012, 37.26436], [-2.33285, 37.26666], [-2.33232, 37.28151], [-2.31958, 37.29581], [-2.31638, 37.3059], [-2.32725, 37.3181], [-2.3338, 37.32046], [-2.33172, 37.32442]]]}}, {"type": "Feature", "properties": {"ine_code": "04063", "name": "María", "province": "Almería"}, "geometry": {"type": "Polygon", "coordinates": [[[-2.20061, 37.65226], [-2.20233, 37.66074], [-2.19918, 37.66319], [-2.19913, 37.67085], [-2.24157, 37.66662], [-2.2644, 37.66719], [-2.28688, 37.67213], [-2.32346, 37.66545], [-2.325, 37.66917], [-2.32211, 37.697], [-2.31327, 37.71137], [-2.30659, 37.71021], [-2.30795, 37.71671], [-2.30502, 37.71914], [-2.30751, 37.72327], [-2.29472, 37.74817], [-2.28707, 37.7514], [-2.27678, 37.77622], [-2.29127, 37.78919], [-2.30177, 37.80828], [-2.29356, 37.82812], [-2.28938, 37.83148], [-2.29384, 37.84156], [-2.29637, 37.86546], [-2.29494, 37.87632], [-2.28851, 37.88514], [-2.26538, 37.88095], [-2.2568, 37.88997], [-2.23164, 37.85642], [-2.23114, 37.84419], [-2.21932, 37.8145], [-2.22066, 37.79506], [-2.21528, 37.77664], [-2.21778, 37.77152], [-2.21007, 37.76984], [-2.20164, 37.76202], [-2.17963, 37.76271], [-2.17633, 37.76194], [-2.17171, 37.75276], [-2.15914, 37.75325], [-2.13703, 37.72557], [-2.13402, 37.71544], [-2.13648, 37.69317], [-2.13974, 37.68964], [-2.15461, 37.69015], [-2.16014, 37.68511], [-2.1805, 37.67819], [-2.18295, 37.67636], [-2.17716, 37.6614], [-2.20061, 37.65226]]]}}, {"type": "Feature", "properties": {"ine_code": "04064", "name": "Mojácar", "province": "Almería"}, "geometry": {"type": "Polygon", "coordinates": [[[-1.91563, 37.05149], [-1.9014, 37.07729], [-1.90215, 37.0807], [-1.89476, 37.08403], [-1.90028, 37.09381], [-1.89149, 37.09845], [-1.87508, 37.11987], [-1.88383, 37.1387], [-1.87992, 37.14101], [-1.87903, 37.16083], [-1.88191, 37.18437], [-1.88648, 37.19081], [-1.84097, 37.18795], [-1.84429, 37.17578], [-1.83958, 37.17476], [-1.83836, 37.16887], [-1.8344, 37.16704], [-1.82362, 37.16956], [-1.82307, 37.15254], [-1.83314, 37.11925], [-1.84204, 37.1122], [-1.84857, 37.09739], [-1.84945, 37.06843], [-1.85473, 37.05867], [-1.86675, 37.04326], [-1.87671, 37.04522], [-1.89082, 37.03843], [-1.90174, 37.04025], [-1.9016, 37.04255], [-1.90854, 37.03993], [-1.91563, 37.05149]]]}}, {"type": "Feature", "properties": {"ine_code": "04065", "name": "Nacimiento", "province": "Almería"}, "geometry": {"type": "Polygon", "coordinates": [[[-2.69668, 37.08569], [-2.70915, 37.10775], [-2.68749, 37.12955], [-2.68866, 37.15755], [-2.68603, 37.17123], [-2.68873, 37.17959], [-2.68454, 37.20085], [-2.67819, 37.21007], [-2.68171, 37.21703], [-2.66911, 37.2172], [-2.66437, 37.21171], [-2.65433, 37.21215], [-2.64756, 37.20696], [-2.65277, 37.19413], [-2.64719, 37.18821], [-2.64445, 37.17595], [-2.63851, 37.1701], [-2.63834, 37.16221], [-2.63253, 37.15767], [-2.62571, 37.141], [-2.61534, 37.13385], [-2.60268, 37.11803], [-2.60518, 37.11136], [-2.62942, 37.09213], [-2.62906, 37.07852], [-2.63274, 37.07272], [-2.64391, 37.07106], [-2.65396, 37.07545], [-2.65216, 37.07871], [-2.65498, 37.08168], [-2.66214, 37.08389], [-2.68975, 37.08214], [-2.69668, 37.08569]]]}}, {"type": "Feature", "properties": {"ine_code": "04066", "name": "Níjar", "province": "Almería"}, "geometry": {"type": "MultiPolygon", "coordinates": [[[[-2.19116, 36.72023], [-2.19104, 36.72004], [-2.19129, 36.72005], [-2.19116, 36.72023]]], [[[-2.19075, 36.72027], [-2.19082, 36.72085], [-2.19064, 36.72084], [-2.19075, 36.72027]]], [[[-2.19377, 36.72179], [-2.19389, 36.72234], [-2.19357, 36.72223], [-2.19377, 36.72179]]], [[[-2.17496, 36.72267], [-2.17494, 36.72232], [-2.17509, 36.72263], [-2.17496, 36.72267]]], [[[-2.0491, 36.81197], [-2.04904, 36.81267], [-2.04892, 36.81209], [-2.0491, 36.81197]]], [[[-2.00274, 36.83641], [-2.00254, 36.83674], [-2.00232, 36.83649], [-2.00274, 36.83641]]], [[[-2.20842, 36.74012], [-2.20648, 36.74955], [-2.21384, 36.7631], [-2.21444, 36.77158], [-2.22317, 36.77691], [-2.23272, 36.79739], [-2.22508, 36.82166], [-2.21614, 36.8334], [-2.2022, 36.86331], [-2.22082, 36.87784], [-2.24401, 36.90917], [-2.25874, 36.91597], [-2.27863, 36.94221], [-2.28805, 36.94856], [-2.29047, 36.95703], [-2.29624, 36.95974], [-2.29867, 36.96657], [-2.29956, 36.99299], [-2.2792, 36.98904], [-2.25592, 37.00255], [-2.22764, 37.00851], [-2.21103, 37.01856], [-2.20064, 37.00973], [-2.17339, 37.00818], [-2.14436, 37.00019], [-2.10108, 36.99515], [-2.07479, 36.99982], [-2.06558, 36.9968], [-2.04787, 36.9815], [-2.04091, 36.98283], [-2.01909, 36.97672], [-2.01737, 36.97149], [-2.00594, 36.97332], [-1.98159, 36.96985], [-1.95947, 36.97396], [-1.93411, 36.96305], [-1.92515, 36.93783], [-1.93322, 36.9391], [-1.94597, 36.93289], [-1.9544, 36.92361], [-1.95293, 36.91996], [-1.95857, 36.91486], [-1.95902, 36.90917], [-1.96512, 36.9064], [-1.9673, 36.89886], [-1.98183, 36.9025], [-1.99219, 36.89361], [-1.9951, 36.88546], [-2.00224, 36.88333], [-2.00406, 36.87641], [-2.00111, 36.8702], [-2.00587, 36.86109], [-1.99865, 36.85658], [-1.99986, 36.85191], [-1.99545, 36.8505], [-2.00108, 36.84558], [-1.99961, 36.84002], [-2.00903, 36.83405], [-2.02536, 36.83488], [-2.02519, 36.8312], [-2.03406, 36.82896], [-2.04082, 36.82326], [-2.04108, 36.81893], [-2.04818, 36.81777], [-2.04962, 36.81282], [-2.05523, 36.81342], [-2.06002, 36.80972], [-2.06358, 36.78136], [-2.06041, 36.77768], [-2.07064, 36.77504], [-2.07284, 36.77], [-2.08327, 36.76496], [-2.1062, 36.76265], [-2.10977, 36.75578], [-2.1067, 36.75208], [-2.12118, 36.74687], [-2.12101, 36.74017], [-2.11483, 36.73763], [-2.13338, 36.72966], [-2.15175, 36.73117], [-2.16386, 36.72669], [-2.16783, 36.722], [-2.17925, 36.72418], [-2.185, 36.71932], [-2.18723, 36.72181], [-2.19341, 36.7211], [-2.19335, 36.72326], [-2.19576, 36.72628], [-2.20084, 36.72692], [-2.20842, 36.74012]]]]}}, {"type": "Feature", "properties": {"ine_code": "04067", "name": "Ohanes", "province": "Almería"}, "geometry": {"type": "Polygon", "coordinates": [[[-2.80409, 37.08156], [-2.7984, 37.08635], [-2.79748, 37.09268], [-2.79125, 37.09555], [-2.78452, 37.0935], [-2.78605, 37.09033], [-2.7673, 37.08629], [-2.73426, 37.08374], [-2.72752, 37.071], [-2.72932, 37.06022], [-2.7327, 37.05994], [-2.73079, 37.04848], [-2.73549, 37.03741], [-2.73622, 37.02485], [-2.74151, 37.02279], [-2.74521, 37.02792], [-2.758, 37.02837], [-2.77052, 37.03389], [-2.77926, 37.04282], [-2.77941, 37.05011], [-2.79013, 37.04973], [-2.78575, 37.05637], [-2.78676, 37.05982], [-2.80409, 37.08156]]]}}, {"type": "Feature", "properties": {"ine_code": "04068", "name": "Olula de Castro", "province": "Almería"}, "geometry": {"type": "Polygon", "coordinates": [[[-2.52526, 37.2147], [-2.49931, 37.20879], [-2.49848, 37.20131], [-2.48788, 37.19488], [-2.4698, 37.19464], [-2.46248, 37.18478], [-2.45999, 37.16905], [-2.46382, 37.16113], [-2.45302, 37.15714], [-2.44768, 37.14792], [-2.44814, 37.14168], [-2.4565, 37.141], [-2.46026, 37.13194], [-2.47351, 37.12795], [-2.47412, 37.13081], [-2.48255, 37.13331], [-2.48386, 37.14157], [-2.49447, 37.15762], [-2.51121, 37.16641], [-2.51948, 37.17807], [-2.52806, 37.19636], [-2.52526, 37.2147]]]}}, {"type": "Feature", "properties": {"ine_code": "04069", "name": "Olula del Río", "province": "Almería"}, "geometry": {"type": "Polygon", "coordinates": [[[-2.33214, 37.41937], [-2.32231, 37.4223], [-2.30633, 37.41426], [-2.30442, 37.41033], [-2.29595, 37.41046], [-2.28834, 37.40172], [-2.28968, 37.39193], [-2.28528, 37.38357], [-2.28668, 37.36959], [-2.27901, 37.34777], [-2.27978, 37.33929], [-2.29081, 37.33886], [-2.31265, 37.34685], [-2.30951, 37.35521], [-2.31552, 37.35939], [-2.32371, 37.37343], [-2.31664, 37.37988], [-2.31917, 37.38227], [-2.3161, 37.3895], [-2.32384, 37.39875], [-2.32532, 37.41369], [-2.33214, 37.41937]]]}}, {"type": "Feature", "properties": {"ine_code": "04070", "name": "Oria", "province": "Almería"}, "geometry": {"type": "Polygon", "coordinates": [[[-2.45923, 37.50317], [-2.46016, 37.50755], [-2.45632, 37.50943], [-2.43428, 37.50948], [-2.41604, 37.51598], [-2.4117, 37.52494], [-2.4072, 37.52446], [-2.40295, 37.51556], [-2.39722, 37.51338], [-2.3944, 37.51762], [-2.38115, 37.52292], [-2.36264, 37.52003], [-2.35851, 37.52229], [-2.36044, 37.5375], [-2.35574, 37.54755], [-2.32631, 37.55125], [-2.31234, 37.55774], [-2.28514, 37.55408], [-2.26928, 37.55676], [-2.25992, 37.55007], [-2.24486, 37.55697], [-2.24018, 37.55405], [-2.21496, 37.55257], [-2.20079, 37.54484], [-2.16211, 37.53834], [-2.17167, 37.5316], [-2.1689, 37.51823], [-2.1842, 37.48097], [-2.19773, 37.45928], [-2.21071, 37.45262], [-2.21296, 37.45406], [-2.2551, 37.43954], [-2.2891, 37.4106], [-2.30442, 37.41033], [-2.30633, 37.41426], [-2.32231, 37.4223], [-2.3282, 37.42151], [-2.33293, 37.43148], [-2.35325, 37.43472], [-2.3517, 37.4385], [-2.35941, 37.45292], [-2.36012, 37.46546], [-2.36967, 37.46819], [-2.38416, 37.47845], [-2.39973, 37.48229], [-2.41066, 37.49133], [-2.42393, 37.49103], [-2.45923, 37.50317]]]}}, {"type": "Feature", "properties": {"ine_code": "04071", "name": "Padules", "province": "Almería"}, "geometry": {"type": "Polygon", "coordinates": [[[-2.7982, 36.919], [-2.79475, 36.93347], [-2.77704, 36.95279], [-2.78467, 37.00313], [-2.76898, 37.01842], [-2.76284, 37.00844], [-2.74583, 36.9955], [-2.74721, 36.97989], [-2.75775, 36.95133], [-2.77231, 36.93512], [-2.77205, 36.90616], [-2.7982, 36.919]]]}}, {"type": "Feature", "properties": {"ine_code": "04072", "name": "Partaloa", "province": "Almería"}, "geometry": {"type": "Polygon", "coordinates": [[[-2.28167, 37.40924], [-2.28746, 37.41423], [-2.27714, 37.41905], [-2.2551, 37.43954], [-2.21616, 37.45233], [-2.19389, 37.43748], [-2.1949, 37.4351], [-2.19074, 37.43205], [-2.19235, 37.41353], [-2.18491, 37.40211], [-2.18374, 37.38234], [-2.19015, 37.38515], [-2.2013, 37.38212], [-2.20135, 37.37987], [-2.21508, 37.38101], [-2.24013, 37.37203], [-2.25237, 37.37321], [-2.25584, 37.38745], [-2.2611, 37.38789], [-2.27003, 37.39835], [-2.27985, 37.40214], [-2.28167, 37.40924]]]}}, {"type": "Feature", "properties": {"ine_code": "04073", "name": "Paterna del Río", "province": "Almería"}, "geometry": {"type": "Polygon", "coordinates": [[[-2.98416, 37.09305], [-2.95394, 37.09687], [-2.93942, 37.0939], [-2.93378, 37.08927], [-2.92686, 37.075], [-2.92896, 37.07354], [-2.92338, 37.0571], [-2.92534, 37.04599], [-2.91846, 37.03366], [-2.91494, 37.01534], [-2.93042, 37.01151], [-2.94189, 36.99571], [-2.97062, 36.99747], [-2.9646, 37.00078], [-2.96416, 37.01391], [-2.97237, 37.03717], [-2.97345, 37.04517], [-2.9701, 37.05344], [-2.97676, 37.0556], [-2.9774, 37.07696], [-2.98416, 37.09305]]]}}, {"type": "Feature", "properties": {"ine_code": "04074", "name": "Pechina", "province": "Almería"}, "geometry": {"type": "Polygon", "coordinates": [[[-2.4495, 36.93067], [-2.42979, 36.93863], [-2.41694, 36.94899], [-2.41649, 36.95616], [-2.404, 36.97341], [-2.40565, 36.98285], [-2.39433, 36.98716], [-2.35748, 36.98896], [-2.35484, 36.98047], [-2.35753, 36.9672], [-2.36848, 36.94443], [-2.38649, 36.91879], [-2.39894, 36.90841], [-2.43526, 36.89377], [-2.44518, 36.90627], [-2.4495, 36.93067]]]}}, {"type": "Feature", "properties": {"ine_code": "04075", "name": "Pulpí", "province": "Almería"}, "geometry": {"type": "MultiPolygon", "coordinates": [[[[-1.65147, 37.34754], [-1.65294, 37.34697], [-1.65286, 37.34755], [-1.65147, 37.34754]]], [[[-1.64831, 37.35932], [-1.64827, 37.35998], [-1.64784, 37.35982], [-1.64831, 37.35932]]], [[[-1.77984, 37.44698], [-1.73708, 37.44263], [-1.70502, 37.42102], [-1.66597, 37.40086], [-1.63075, 37.37361], [-1.63663, 37.37529], [-1.64458, 37.37137], [-1.65345, 37.35419], [-1.66107, 37.35799], [-1.67269, 37.35618], [-1.69185, 37.33618], [-1.72265, 37.3653], [-1.82466, 37.42063], [-1.80856, 37.43353], [-1.81176, 37.45156], [-1.7963, 37.45219], [-1.77984, 37.44698]]]]}}, {"type": "Feature", "properties": {"ine_code": "04076", "name": "Purchena", "province": "Almería"}, "geometry": {"type": "MultiPolygon", "coordinates": [[[[-2.40228, 37.36991], [-2.39053, 37.36709], [-2.37836, 37.36914], [-2.38634, 37.38235], [-2.37712, 37.38464], [-2.35967, 37.36728], [-2.34101, 37.36969], [-2.32045, 37.36761], [-2.30951, 37.35521], [-2.31265, 37.34685], [-2.33633, 37.33316], [-2.33538, 37.32717], [-2.35019, 37.31528], [-2.35001, 37.30504], [-2.35833, 37.29917], [-2.3674, 37.30563], [-2.37036, 37.31558], [-2.37479, 37.3192], [-2.37297, 37.32456], [-2.37737, 37.32971], [-2.3755, 37.33349], [-2.38113, 37.33581], [-2.38354, 37.34781], [-2.39645, 37.34376], [-2.39777, 37.34773], [-2.41069, 37.35498], [-2.40334, 37.36174], [-2.40228, 37.36991]]], [[[-2.38024, 37.41871], [-2.38631, 37.42489], [-2.38404, 37.42721], [-2.38806, 37.42735], [-2.38979, 37.44834], [-2.38434, 37.46789], [-2.3793, 37.47458], [-2.36012, 37.46546], [-2.35941, 37.45292], [-2.3517, 37.4385], [-2.35325, 37.43472], [-2.33293, 37.43148], [-2.3282, 37.42151], [-2.34826, 37.4145], [-2.36717, 37.41471], [-2.38024, 37.41871]]]]}}, {"type": "Feature", "properties": {"ine_code": "04077", "name": "Rágol", "province": "Almería"}, "geometry": {"type": "Polygon", "coordinates": [[[-2.71793, 36.95601], [-2.71505, 36.97863], [-2.70943, 36.98339], [-2.70399, 36.99886], [-2.70507, 37.01098], [-2.69784, 37.01988], [-2.70041, 37.02239], [-2.70538, 37.05997], [-2.70332, 37.07266], [-2.6836, 37.03661], [-2.67001, 36.9818], [-2.67986, 36.97871], [-2.67725, 36.97392], [-2.68766, 36.96081], [-2.71297, 36.9534], [-2.71793, 36.95601]]]}}, {"type": "Feature", "properties": {"ine_code": "04078", "name": "Rioja", "province": "Almería"}, "geometry": {"type": "Polygon", "coordinates": [[[-2.46546, 36.9408], [-2.47433, 36.95045], [-2.46185, 36.97107], [-2.45938, 36.97096], [-2.46604, 36.97403], [-2.46707, 36.98717], [-2.46325, 36.99117], [-2.46709, 36.99372], [-2.45855, 37.006], [-2.4423, 37.00902], [-2.40962, 36.98933], [-2.40188, 36.98789], [-2.40055, 36.98557], [-2.40565, 36.98285], [-2.404, 36.97341], [-2.41649, 36.95616], [-2.41694, 36.94899], [-2.42979, 36.93863], [-2.4495, 36.93067], [-2.46546, 36.9408]]]}}, {"type": "Feature", "properties": {"ine_code": "04079", "name": "Roquetas de Mar", "province": "Almería"}, "geometry": {"type": "MultiPolygon", "coordinates": [[[[-2.66333, 36.72719], [-2.65879, 36.73991], [-2.65541, 36.77466], [-2.63781, 36.78872], [-2.61381, 36.79322], [-2.60181, 36.80598], [-2.59819, 36.82176], [-2.6137, 36.83779], [-2.61507, 36.84089], [-2.6094, 36.84222], [-2.60942, 36.84576], [-2.61621, 36.85664], [-2.60463, 36.85366], [-2.60316, 36.84773], [-2.59789, 36.85021], [-2.59086, 36.8472], [-2.58634, 36.84352], [-2.58775, 36.83819], [-2.58445, 36.83668], [-2.57423, 36.84215], [-2.56826, 36.84172], [-2.5681, 36.83725], [-2.55185, 36.81888], [-2.56844, 36.81112], [-2.59868, 36.77658], [-2.60627, 36.75491], [-2.60303, 36.75734], [-2.61861, 36.72807], [-2.64611, 36.70318], [-2.6572, 36.69795], [-2.66333, 36.72719]]], [[[-2.56703, 36.81113], [-2.56692, 36.8114], [-2.56648, 36.81168], [-2.56703, 36.81113]]]]}}, {"type": "Feature", "properties": {"ine_code": "04080", "name": "Santa Cruz de Marchena", "province": "Almería"}, "geometry": {"type": "Polygon", "coordinates": [[[-2.64228, 37.02313], [-2.60917, 37.02229], [-2.59648, 37.03796], [-2.58623, 37.03834], [-2.58764, 37.04194], [-2.57615, 37.05949], [-2.56262, 37.06552], [-2.55153, 37.06667], [-2.54319, 37.06265], [-2.5437, 37.05822], [-2.53265, 37.0479], [-2.5337, 37.04156], [-2.55651, 37.04081], [-2.58825, 37.02423], [-2.59463, 37.01283], [-2.61602, 37.00615], [-2.64228, 37.02313]]]}}, {"type": "Feature", "properties": {"ine_code": "04081", "name": "Santa Fe de Mondújar", "province": "Almería"}, "geometry": {"type": "Polygon", "coordinates": [[[-2.57764, 36.92165], [-2.55829, 36.93074], [-2.55124, 36.94791], [-2.53743, 36.95987], [-2.54218, 36.96973], [-2.54257, 36.98119], [-2.5378, 36.98895], [-2.53621, 37.00191], [-2.53897, 37.01539], [-2.53619, 37.02211], [-2.53859, 37.02932], [-2.5337, 37.04156], [-2.5271, 37.04501], [-2.50572, 37.04382], [-2.50721, 37.0175], [-2.50484, 37.00691], [-2.49099, 36.98773], [-2.49492, 36.98536], [-2.49564, 36.97231], [-2.48984, 36.96639], [-2.49188, 36.95592], [-2.50538, 36.96641], [-2.51219, 36.96766], [-2.51777, 36.96364], [-2.51838, 36.95884], [-2.52553, 36.95821], [-2.54671, 36.94577], [-2.54705, 36.93822], [-2.55229, 36.92967], [-2.57201, 36.91727], [-2.57764, 36.92165]]]}}, {"type": "Feature", "properties": {"ine_code": "04082", "name": "Senés", "province": "Almería"}, "geometry": {"type": "Polygon", "coordinates": [[[-2.37235, 37.23613], [-2.36685, 37.2588], [-2.35889, 37.24467], [-2.36116, 37.23927], [-2.35308, 37.23327], [-2.3551, 37.22673], [-2.35047, 37.22175], [-2.34044, 37.22033], [-2.32443, 37.21225], [-2.30863, 37.21465], [-2.29487, 37.20737], [-2.29316, 37.19731], [-2.29681, 37.18047], [-2.29203, 37.16537], [-2.30637, 37.15588], [-2.30625, 37.15237], [-2.31233, 37.1511], [-2.31816, 37.14272], [-2.34692, 37.15371], [-2.36257, 37.15257], [-2.36773, 37.16216], [-2.36909, 37.17151], [-2.36306, 37.18619], [-2.36224, 37.20133], [-2.3744, 37.221], [-2.37033, 37.22571], [-2.37235, 37.23613]]]}}, {"type": "Feature", "properties": {"ine_code": "04083", "name": "Serón", "province": "Almería"}, "geometry": {"type": "Polygon", "coordinates": [[[-2.61928, 37.24221], [-2.59094, 37.27478], [-2.59022, 37.28146], [-2.58438, 37.29126], [-2.58061, 37.29195], [-2.57305, 37.31069], [-2.60167, 37.30192], [-2.5912, 37.32255], [-2.57889, 37.33279], [-2.57956, 37.34465], [-2.59912, 37.35269], [-2.60958, 37.36817], [-2.60705, 37.37293], [-2.59367, 37.3807], [-2.58778, 37.39619], [-2.60821, 37.41107], [-2.59679, 37.42102], [-2.57727, 37.42903], [-2.56845, 37.44639], [-2.53505, 37.46204], [-2.54777, 37.43832], [-2.54158, 37.4266], [-2.53693, 37.42437], [-2.54116, 37.42052], [-2.54, 37.41137], [-2.52694, 37.40162], [-2.51706, 37.39854], [-2.48766, 37.37303], [-2.47907, 37.33685], [-2.48328, 37.32666], [-2.48018, 37.32165], [-2.48088, 37.30159], [-2.47574, 37.29458], [-2.47709, 37.28785], [-2.53609, 37.27021], [-2.55977, 37.25758], [-2.57009, 37.24513], [-2.57644, 37.24701], [-2.61928, 37.24221]]]}}, {"type": "Feature", "properties": {"ine_code": "04084", "name": "Sierro", "province": "Almería"}, "geometry": {"type": "Polygon", "coordinates": [[[-2.41892, 37.33475], [-2.41451, 37.33669], [-2.40663, 37.33216], [-2.39261, 37.33922], [-2.39181, 37.32441], [-2.38002, 37.3142], [-2.37837, 37.28835], [-2.36445, 37.27751], [-2.36721, 37.26674], [-2.36584, 37.25401], [-2.36846, 37.24993], [-2.38804, 37.25815], [-2.39396, 37.25546], [-2.40601, 37.26659], [-2.40553, 37.27755], [-2.41835, 37.30623], [-2.4216, 37.32134], [-2.41892, 37.33475]]]}}, {"type": "Feature", "properties": {"ine_code": "04085", "name": "Somontín", "province": "Almería"}, "geometry": {"type": "Polygon", "coordinates": [[[-2.40142, 37.37067], [-2.40166, 37.38416], [-2.39522, 37.4083], [-2.39966, 37.41446], [-2.39391, 37.43724], [-2.40182, 37.45684], [-2.39703, 37.46447], [-2.39596, 37.48181], [-2.3793, 37.47458], [-2.38434, 37.46789], [-2.38979, 37.44834], [-2.38806, 37.42735], [-2.38404, 37.42721], [-2.38612, 37.42449], [-2.37888, 37.41887], [-2.37753, 37.41389], [-2.38091, 37.40578], [-2.37995, 37.38348], [-2.38634, 37.38235], [-2.37836, 37.36914], [-2.39053, 37.36709], [-2.40142, 37.37067]]]}}, {"type": "Feature", "properties": {"ine_code": "04086", "name": "Sorbas", "province": "Almería"}, "geometry": {"type": "Polygon", "coordinates": [[[-2.19943, 37.13377], [-2.16603, 37.15635], [-2.15695, 37.17006], [-2.15249, 37.20623], [-2.1551, 37.21547], [-2.15112, 37.21679], [-2.13269, 37.21294], [-2.12885, 37.21031], [-2.12987, 37.20332], [-2.12608, 37.19958], [-2.09975, 37.1888], [-2.10709, 37.17586], [-2.09193, 37.16779], [-2.07972, 37.17011], [-2.06119, 37.15979], [-2.03837, 37.16033], [-2.02913, 37.13414], [-2.00784, 37.11875], [-1.99791, 37.08977], [-2.00089, 37.08669], [-1.99568, 37.08129], [-1.9955, 37.0735], [-2.0036, 37.06484], [-1.99383, 37.04228], [-1.99585, 37.03673], [-1.99356, 37.03291], [-1.99635, 37.0306], [-1.98914, 37.02417], [-1.99587, 37.01689], [-1.99388, 37.00213], [-2.00379, 36.9843], [-2.01587, 36.9798], [-2.02111, 36.98095], [-2.06915, 37.04158], [-2.07694, 37.03904], [-2.09873, 37.04555], [-2.11158, 37.04229], [-2.12453, 37.0565], [-2.15057, 37.056], [-2.16222, 37.06103], [-2.1797, 37.07687], [-2.18218, 37.08474], [-2.19784, 37.09539], [-2.19501, 37.12914], [-2.19943, 37.13377]]]}}, {"type": "Feature", "properties": {"ine_code": "04087", "name": "Suflí", "province": "Almería"}, "geometry": {"type": "Polygon", "coordinates": [[[-2.41451, 37.33669], [-2.40367, 37.3426], [-2.38314, 37.34737], [-2.38113, 37.33581], [-2.3755, 37.33349], [-2.37737, 37.32971], [-2.37297, 37.32456], [-2.37479, 37.3192], [-2.37036, 37.31558], [-2.3674, 37.30563], [-2.35833, 37.29917], [-2.36691, 37.28106], [-2.37837, 37.28835], [-2.38002, 37.3142], [-2.39181, 37.32441], [-2.39261, 37.33922], [-2.40663, 37.33216], [-2.41451, 37.33669]]]}}, {"type": "Feature", "properties": {"ine_code": "04088", "name": "Tabernas", "province": "Almería"}, "geometry": {"type": "Polygon", "coordinates": [[[-2.4454, 37.00978], [-2.45831, 37.033], [-2.47009, 37.04661], [-2.48896, 37.06053], [-2.47866, 37.05838], [-2.47859, 37.07101], [-2.47464, 37.07632], [-2.48036, 37.08368], [-2.4642, 37.09688], [-2.44353, 37.12897], [-2.37892, 37.14889], [-2.34692, 37.15371], [-2.29121, 37.13364], [-2.26829, 37.12192], [-2.2502, 37.11167], [-2.23723, 37.09506], [-2.22585, 37.06392], [-2.22983, 37.05916], [-2.26559, 37.0639], [-2.28797, 37.06123], [-2.29194, 37.05826], [-2.29501, 37.03788], [-2.28164, 37.01524], [-2.30354, 36.99762], [-2.31067, 37.00001], [-2.32065, 36.9952], [-2.32779, 36.99716], [-2.34035, 36.99295], [-2.35337, 36.99325], [-2.36529, 36.98703], [-2.40055, 36.98557], [-2.4454, 37.00978]]]}}, {"type": "Feature", "properties": {"ine_code": "04089", "name": "Taberno", "province": "Almería"}, "geometry": {"type": "Polygon", "coordinates": [[[-2.09801, 37.53299], [-2.07488, 37.52317], [-2.06564, 37.52539], [-2.05908, 37.51967], [-2.05157, 37.51882], [-2.0412, 37.50131], [-2.04042, 37.49575], [-2.04359, 37.49099], [-2.03377, 37.47941], [-2.0327, 37.46265], [-2.02721, 37.45421], [-2.02862, 37.44659], [-2.02154, 37.44084], [-2.02104, 37.43493], [-2.01461, 37.43144], [-2.02021, 37.429], [-2.02317, 37.43181], [-2.03906, 37.43246], [-2.04196, 37.4362], [-2.08283, 37.45408], [-2.09828, 37.46887], [-2.10218, 37.48195], [-2.08807, 37.47576], [-2.08871, 37.47979], [-2.08461, 37.48253], [-2.08661, 37.50015], [-2.09454, 37.50582], [-2.10066, 37.52503], [-2.09801, 37.53299]]]}}, {"type": "Feature", "properties": {"ine_code": "04090", "name": "Tahal", "province": "Almería"}, "geometry": {"type": "Polygon", "coordinates": [[[-2.36195, 37.25365], [-2.34285, 37.2532], [-2.33316, 37.2655], [-2.3087, 37.26938], [-2.29415, 37.27638], [-2.29858, 37.27087], [-2.29736, 37.26443], [-2.27496, 37.24684], [-2.27371, 37.2416], [-2.28113, 37.23761], [-2.2762, 37.22919], [-2.26992, 37.22686], [-2.27533, 37.21292], [-2.26679, 37.20555], [-2.25734, 37.20449], [-2.2558, 37.19356], [-2.25323, 37.19257], [-2.25488, 37.18763], [-2.25105, 37.18777], [-2.23992, 37.17807], [-2.23722, 37.16592], [-2.21793, 37.14767], [-2.20969, 37.13383], [-2.21319, 37.12579], [-2.24481, 37.10854], [-2.28348, 37.13013], [-2.31816, 37.14272], [-2.31233, 37.1511], [-2.30625, 37.15237], [-2.30637, 37.15588], [-2.29203, 37.16537], [-2.29681, 37.18047], [-2.29316, 37.19731], [-2.29487, 37.20737], [-2.30863, 37.21465], [-2.32443, 37.21225], [-2.34044, 37.22033], [-2.35088, 37.22199], [-2.3551, 37.22673], [-2.35308, 37.23327], [-2.36116, 37.23927], [-2.35852, 37.24242], [-2.36195, 37.25365]]]}}, {"type": "Feature", "properties": {"ine_code": "04091", "name": "Terque", "province": "Almería"}, "geometry": {"type": "MultiPolygon", "coordinates": [[[[-2.60681, 36.90773], [-2.63471, 36.91693], [-2.66243, 36.91574], [-2.67944, 36.91926], [-2.69164, 36.91411], [-2.69437, 36.92577], [-2.68228, 36.93331], [-2.66649, 36.92563], [-2.63078, 36.92102], [-2.62371, 36.92451], [-2.612, 36.92486], [-2.60681, 36.90773]]], [[[-2.61462, 36.97717], [-2.6109, 36.98624], [-2.61408, 36.99253], [-2.61336, 37.00478], [-2.59852, 36.99706], [-2.59405, 36.98907], [-2.58917, 36.98745], [-2.58892, 36.98081], [-2.58293, 36.98], [-2.58443, 36.97276], [-2.58093, 36.96585], [-2.58988, 36.94653], [-2.59688, 36.94502], [-2.59547, 36.95982], [-2.5899, 36.97148], [-2.59312, 36.977], [-2.59834, 36.97579], [-2.59919, 36.97882], [-2.60551, 36.98039], [-2.60868, 36.97813], [-2.61322, 36.98003], [-2.61462, 36.97717]]]]}}, {"type": "Feature", "properties": {"ine_code": "04092", "name": "Tíjola", "province": "Almería"}, "geometry": {"type": "Polygon", "coordinates": [[[-2.53505, 37.46204], [-2.51444, 37.47797], [-2.50813, 37.4724], [-2.50521, 37.46495], [-2.4901, 37.44998], [-2.49176, 37.44304], [-2.47647, 37.4042], [-2.46668, 37.3998], [-2.44454, 37.36729], [-2.42277, 37.35566], [-2.42087, 37.34152], [-2.44233, 37.33197], [-2.45244, 37.34037], [-2.45812, 37.33995], [-2.47754, 37.32546], [-2.47316, 37.33578], [-2.47907, 37.33685], [-2.48766, 37.37303], [-2.51706, 37.39854], [-2.52694, 37.40162], [-2.54, 37.41137], [-2.54116, 37.42052], [-2.53693, 37.42437], [-2.54158, 37.4266], [-2.54777, 37.43832], [-2.53505, 37.46204]]]}}, {"type": "Feature", "properties": {"ine_code": "04093", "name": "Turre", "province": "Almería"}, "geometry": {"type": "Polygon", "coordinates": [[[-2.00889, 37.11938], [-2.00661, 37.12537], [-1.99586, 37.12333], [-1.9902, 37.13201], [-1.98347, 37.12934], [-1.98286, 37.13413], [-1.97062, 37.13246], [-1.96239, 37.13901], [-1.95327, 37.14026], [-1.94907, 37.14698], [-1.93407, 37.14025], [-1.91379, 37.15479], [-1.90231, 37.15758], [-1.90897, 37.18733], [-1.88648, 37.19081], [-1.88191, 37.18437], [-1.87864, 37.15023], [-1.87992, 37.14101], [-1.88383, 37.1387], [-1.87508, 37.11987], [-1.89149, 37.09845], [-1.90028, 37.09381], [-1.89476, 37.08403], [-1.90215, 37.0807], [-1.9014, 37.07729], [-1.91563, 37.05149], [-1.95303, 37.0518], [-1.9955, 37.04455], [-2.00361, 37.06513], [-1.9955, 37.0735], [-1.99568, 37.08129], [-2.00089, 37.08669], [-1.99791, 37.08977], [-2.00889, 37.11938]]]}}, {"type": "Feature", "properties": {"ine_code": "04094", "name": "Turrillas", "province": "Almería"}, "geometry": {"type": "Polygon", "coordinates": [[[-2.30354, 36.99762], [-2.28164, 37.01524], [-2.29501, 37.03788], [-2.29194, 37.05826], [-2.28797, 37.06123], [-2.26559, 37.0639], [-2.22983, 37.05916], [-2.23536, 37.03879], [-2.23525, 37.02565], [-2.21818, 37.02325], [-2.21103, 37.01856], [-2.22764, 37.00851], [-2.25592, 37.00255], [-2.2792, 36.98904], [-2.29956, 36.99299], [-2.30354, 36.99762]]]}}, {"type": "Feature", "properties": {"ine_code": "04095", "name": "Uleila del Campo", "province": "Almería"}, "geometry": {"type": "Polygon", "coordinates": [[[-2.22664, 37.15692], [-2.21622, 37.16406], [-2.20881, 37.18938], [-2.20504, 37.19252], [-2.20536, 37.21145], [-2.18211, 37.21317], [-2.17254, 37.20815], [-2.16951, 37.21227], [-2.15762, 37.21634], [-2.15314, 37.2132], [-2.15686, 37.17032], [-2.16603, 37.15635], [-2.19943, 37.13377], [-2.20969, 37.13383], [-2.22664, 37.15692]]]}}, {"type": "Feature", "properties": {"ine_code": "04096", "name": "Urrácal", "province": "Almería"}, "geometry": {"type": "Polygon", "coordinates": [[[-2.32045, 37.36761], [-2.34101, 37.36969], [-2.35875, 37.36696], [-2.37412, 37.38275], [-2.37995, 37.38348], [-2.37888, 37.41887], [-2.37547, 37.41598], [-2.35633, 37.41417], [-2.33214, 37.41937], [-2.32637, 37.41533], [-2.32384, 37.39875], [-2.316, 37.38901], [-2.31917, 37.38227], [-2.31664, 37.37988], [-2.32373, 37.37387], [-2.32045, 37.36761]]]}}, {"type": "Feature", "properties": {"ine_code": "04097", "name": "Velefique", "province": "Almería"}, "geometry": {"type": "Polygon", "coordinates": [[[-2.45634, 37.21622], [-2.4363, 37.22489], [-2.42691, 37.22252], [-2.42021, 37.22508], [-2.41507, 37.2367], [-2.4065, 37.24625], [-2.40441, 37.2653], [-2.39396, 37.25546], [-2.38804, 37.25815], [-2.37093, 37.25188], [-2.36846, 37.24993], [-2.37235, 37.23613], [-2.37033, 37.22571], [-2.3744, 37.221], [-2.36224, 37.20133], [-2.36306, 37.18619], [-2.36909, 37.17151], [-2.36257, 37.15257], [-2.42239, 37.13644], [-2.42108, 37.146], [-2.42708, 37.14822], [-2.42628, 37.18086], [-2.43207, 37.18844], [-2.43191, 37.19759], [-2.45634, 37.21622]]]}}, {"type": "Feature", "properties": {"ine_code": "04098", "name": "Vélez-Blanco", "province": "Almería"}, "geometry": {"type": "Polygon", "coordinates": [[[-2.2568, 37.88997], [-2.25078, 37.89718], [-2.20779, 37.91625], [-2.18492, 37.90376], [-2.17215, 37.88865], [-2.16481, 37.89266], [-2.15615, 37.89212], [-2.15069, 37.89838], [-2.12489, 37.90028], [-2.10955, 37.88977], [-2.10821, 37.88099], [-2.09727, 37.8769], [-2.05709, 37.88085], [-2.05058, 37.87956], [-2.04523, 37.87397], [-2.02156, 37.8682], [-2.00487, 37.88001], [-2.00341, 37.87651], [-1.99892, 37.8758], [-1.99497, 37.88028], [-1.98797, 37.87354], [-1.98269, 37.87388], [-1.97422, 37.86847], [-1.97739, 37.86033], [-1.98856, 37.85334], [-1.99528, 37.84139], [-1.99951, 37.82314], [-1.99648, 37.81901], [-2.00884, 37.77495], [-1.99583, 37.72805], [-2.00765, 37.71979], [-2.01265, 37.7006], [-2.00977, 37.68679], [-2.01192, 37.67254], [-1.99277, 37.6433], [-2.0124, 37.64276], [-2.01355, 37.64524], [-2.02468, 37.64673], [-2.03286, 37.65352], [-2.0386, 37.66537], [-2.04962, 37.66794], [-2.05945, 37.66632], [-2.06685, 37.66921], [-2.07073, 37.66301], [-2.08083, 37.65699], [-2.08232, 37.65214], [-2.10745, 37.6623], [-2.13158, 37.65526], [-2.14621, 37.65769], [-2.15723, 37.66439], [-2.17716, 37.6614], [-2.18295, 37.67636], [-2.16014, 37.68511], [-2.15461, 37.69015], [-2.13974, 37.68964], [-2.13648, 37.69317], [-2.13402, 37.71544], [-2.13703, 37.72557], [-2.15914, 37.75325], [-2.17171, 37.75276], [-2.17633, 37.76194], [-2.17963, 37.76271], [-2.20164, 37.76202], [-2.21007, 37.76984], [-2.21778, 37.77152], [-2.21528, 37.77664], [-2.22066, 37.79506], [-2.21932, 37.8145], [-2.23114, 37.84419], [-2.23164, 37.85642], [-2.2568, 37.88997]]]}}, {"type": "Feature", "properties": {"ine_code": "04099", "name": "Vélez-Rubio", "province": "Almería"}, "geometry": {"type": "Polygon", "coordinates": [[[-2.15379, 37.54514], [-2.16174, 37.55075], [-2.16584, 37.55882], [-2.17283, 37.58549], [-2.17643, 37.5898], [-2.17397, 37.59387], [-2.18271, 37.60097], [-2.18637, 37.62802], [-2.1999, 37.6422], [-2.20061, 37.65226], [-2.18425, 37.65969], [-2.15723, 37.66439], [-2.14621, 37.65769], [-2.13158, 37.65526], [-2.10745, 37.6623], [-2.08232, 37.65214], [-2.08083, 37.65699], [-2.07073, 37.66301], [-2.06685, 37.66921], [-2.0386, 37.66537], [-2.03286, 37.65352], [-2.02468, 37.64673], [-2.01355, 37.64524], [-2.0124, 37.64276], [-1.98747, 37.64519], [-1.98174, 37.63672], [-1.97681, 37.61873], [-1.97005, 37.61414], [-1.96514, 37.60504], [-1.95528, 37.60086], [-1.95378, 37.58795], [-1.91075, 37.53784], [-1.91651, 37.53553], [-1.94608, 37.53616], [-1.98797, 37.52697], [-2.01218, 37.52604], [-2.02517, 37.51362], [-2.03375, 37.47879], [-2.0437, 37.49124], [-2.04042, 37.49575], [-2.0412, 37.50131], [-2.05157, 37.51882], [-2.05908, 37.51967], [-2.06564, 37.52539], [-2.07488, 37.52317], [-2.12849, 37.54445], [-2.15379, 37.54514]]]}}, {"type": "Feature", "properties": {"ine_code": "04100", "name": "Vera", "province": "Almería"}, "geometry": {"type": "Polygon", "coordinates": [[[-1.91835, 37.19191], [-1.88677, 37.22039], [-1.89154, 37.23331], [-1.89051, 37.26944], [-1.8682, 37.26741], [-1.84214, 37.25887], [-1.81485, 37.24461], [-1.79728, 37.23004], [-1.81537, 37.18836], [-1.8196, 37.18823], [-1.81893, 37.19627], [-1.83259, 37.20833], [-1.83786, 37.20794], [-1.83873, 37.20333], [-1.84223, 37.20324], [-1.8438, 37.19787], [-1.83997, 37.1941], [-1.84711, 37.19254], [-1.84172, 37.18805], [-1.87999, 37.19132], [-1.91465, 37.18747], [-1.91835, 37.19191]]]}}, {"type": "Feature", "properties": {"ine_code": "04101", "name": "Viator", "province": "Almería"}, "geometry": {"type": "Polygon", "coordinates": [[[-2.43526, 36.89377], [-2.39894, 36.90841], [-2.38008, 36.92699], [-2.37088, 36.92193], [-2.36741, 36.91209], [-2.37064, 36.89238], [-2.38876, 36.87985], [-2.42095, 36.86617], [-2.4257, 36.86609], [-2.43526, 36.89377]]]}}, {"type": "Feature", "properties": {"ine_code": "04102", "name": "Vícar", "province": "Almería"}, "geometry": {"type": "Polygon", "coordinates": [[[-2.7504, 36.86133], [-2.7416, 36.86804], [-2.7358, 36.86698], [-2.72387, 36.85296], [-2.71926, 36.85209], [-2.70953, 36.84235], [-2.6991, 36.84156], [-2.70201, 36.83546], [-2.69936, 36.83237], [-2.70499, 36.82679], [-2.70212, 36.82187], [-2.68736, 36.81884], [-2.67782, 36.82408], [-2.67473, 36.83386], [-2.66679, 36.83899], [-2.63063, 36.85323], [-2.6232, 36.85182], [-2.60997, 36.83265], [-2.59819, 36.82176], [-2.60314, 36.80243], [-2.61381, 36.79322], [-2.63781, 36.78872], [-2.65541, 36.77466], [-2.66129, 36.73317], [-2.67073, 36.7425], [-2.67888, 36.7689], [-2.68169, 36.81232], [-2.68994, 36.81334], [-2.6984, 36.80958], [-2.71028, 36.81392], [-2.71686, 36.81296], [-2.72485, 36.83475], [-2.73928, 36.84684], [-2.7504, 36.86133]]]}}, {"type": "Feature", "properties": {"ine_code": "04103", "name": "Zurgena", "province": "Almería"}, "geometry": {"type": "Polygon", "coordinates": [[[-2.07092, 37.29533], [-2.0711, 37.30581], [-2.06365, 37.31429], [-2.06244, 37.33702], [-2.05835, 37.34262], [-2.06029, 37.3506], [-2.05259, 37.3684], [-2.05873, 37.37632], [-2.05691, 37.38244], [-2.05954, 37.39012], [-2.05514, 37.3937], [-2.05631, 37.39723], [-2.04606, 37.42616], [-2.03152, 37.42939], [-2.03072, 37.43282], [-2.02021, 37.429], [-2.01504, 37.43145], [-2.01103, 37.42529], [-2.00319, 37.42283], [-2.00067, 37.41761], [-1.99765, 37.38157], [-2.00771, 37.36739], [-2.00823, 37.3557], [-2.00102, 37.34966], [-2.00721, 37.33348], [-2.00981, 37.31021], [-2.02462, 37.29512], [-2.03461, 37.29057], [-2.04879, 37.28802], [-2.07092, 37.29533]]]}}, {"type": "Feature", "properties": {"ine_code": "04901", "name": "Las Tres Villas", "province": "Almería"}, "geometry": {"type": "Polygon", "coordinates": [[[-2.75773, 37.08524], [-2.7615, 37.08816], [-2.74821, 37.09278], [-2.76018, 37.10103], [-2.74897, 37.10967], [-2.74828, 37.11822], [-2.75631, 37.12801], [-2.75062, 37.13305], [-2.74997, 37.14536], [-2.7417, 37.14964], [-2.74288, 37.16354], [-2.74957, 37.16323], [-2.75223, 37.16716], [-2.75276, 37.17409], [-2.74882, 37.18249], [-2.74974, 37.20209], [-2.75337, 37.22152], [-2.75903, 37.22671], [-2.73999, 37.22876], [-2.73302, 37.23732], [-2.7304, 37.23285], [-2.72532, 37.23114], [-2.71853, 37.2338], [-2.70494, 37.22278], [-2.69416, 37.22076], [-2.69273, 37.21723], [-2.68249, 37.21735], [-2.67791, 37.213], [-2.68029, 37.20414], [-2.68454, 37.20085], [-2.68863, 37.18055], [-2.68603, 37.17123], [-2.68866, 37.15755], [-2.68737, 37.13008], [-2.70915, 37.10775], [-2.70078, 37.09673], [-2.71288, 37.07817], [-2.73865, 37.08586], [-2.75773, 37.08524]]]}}, {"type": "Feature", "properties": {"ine_code": "04902", "name": "El Ejido", "province": "Almería"}, "geometry": {"type": "Polygon", "coordinates": [[[-2.90708, 36.7431], [-2.89736, 36.75165], [-2.89943, 36.75418], [-2.89411, 36.7737], [-2.897, 36.77421], [-2.89766, 36.7801], [-2.89259, 36.77616], [-2.88468, 36.78264], [-2.88021, 36.77825], [-2.87452, 36.78325], [-2.87717, 36.78628], [-2.87075, 36.78554], [-2.87097, 36.79083], [-2.86348, 36.78862], [-2.86441, 36.78413], [-2.86097, 36.7831], [-2.85694, 36.79097], [-2.8592, 36.79402], [-2.86236, 36.79369], [-2.86576, 36.7955], [-2.86577, 36.79618], [-2.84857, 36.79378], [-2.85, 36.79778], [-2.84588, 36.80611], [-2.83832, 36.80817], [-2.83828, 36.81251], [-2.83477, 36.81011], [-2.82908, 36.81402], [-2.83012, 36.80851], [-2.82606, 36.80894], [-2.82391, 36.81304], [-2.818, 36.80851], [-2.81284, 36.81191], [-2.81179, 36.80867], [-2.80569, 36.81317], [-2.80194, 36.81169], [-2.80237, 36.8153], [-2.79989, 36.81548], [-2.79637, 36.81105], [-2.79408, 36.82053], [-2.78216, 36.81907], [-2.77949, 36.82222], [-2.77826, 36.81715], [-2.77003, 36.81767], [-2.7682, 36.82035], [-2.76585, 36.81529], [-2.75755, 36.81634], [-2.75401, 36.821], [-2.75219, 36.81581], [-2.74242, 36.82073], [-2.73937, 36.81546], [-2.73612, 36.8186], [-2.73178, 36.81496], [-2.72165, 36.82029], [-2.72058, 36.82853], [-2.71174, 36.77923], [-2.70399, 36.75594], [-2.69595, 36.74467], [-2.6645, 36.72317], [-2.6572, 36.69795], [-2.67362, 36.69452], [-2.70033, 36.683], [-2.72521, 36.6852], [-2.75968, 36.68029], [-2.7696, 36.68243], [-2.77723, 36.68886], [-2.78095, 36.6874], [-2.78609, 36.69371], [-2.79169, 36.69334], [-2.79731, 36.6955], [-2.79799, 36.69602], [-2.79114, 36.69374], [-2.78755, 36.69657], [-2.79277, 36.69482], [-2.78891, 36.69848], [-2.79403, 36.69559], [-2.79741, 36.7004], [-2.8156, 36.70629], [-2.83296, 36.70372], [-2.84843, 36.69519], [-2.85873, 36.69948], [-2.89124, 36.73256], [-2.90708, 36.7431]]]}}, {"type": "Feature", "properties": {"ine_code": "04903", "name": "La Mojonera", "province": "Almería"}, "geometry": {"type": "Polygon", "coordinates": [[[-2.6645, 36.72317], [-2.69595, 36.74467], [-2.70399, 36.75594], [-2.71174, 36.77923], [-2.71831, 36.81474], [-2.6984, 36.80958], [-2.68994, 36.81334], [-2.68169, 36.81232], [-2.67925, 36.77059], [-2.67073, 36.7425], [-2.66129, 36.73317], [-2.6645, 36.72317]]]}}, {"type": "Feature", "properties": {"ine_code": "04904", "name": "Balanegra", "province": "Almería"}, "geometry": {"type": "Polygon", "coordinates": [[[-2.98979, 36.78295], [-2.94311, 36.7992], [-2.90206, 36.80189], [-2.89777, 36.77645], [-2.89414, 36.77408], [-2.89943, 36.75418], [-2.89736, 36.75165], [-2.90708, 36.7431], [-2.9193, 36.75008], [-2.93165, 36.75072], [-2.9302, 36.75326], [-2.98979, 36.78295]]]}}, {"type": "Feature", "properties": {"ine_code": "11001", "name": "Alcalá de los Gazules", "province": "Cádiz"}, "geometry": {"type": "Polygon", "coordinates": [[[-5.83951, 36.49689], [-5.82989, 36.5112], [-5.83105, 36.538], [-5.79678, 36.54907], [-5.73709, 36.55616], [-5.71505, 36.55625], [-5.66376, 36.54416], [-5.6355, 36.5261], [-5.60765, 36.51579], [-5.60792, 36.51203], [-5.59914, 36.50829], [-5.58299, 36.51369], [-5.57025, 36.51162], [-5.55898, 36.5015], [-5.56127, 36.48697], [-5.57054, 36.4397], [-5.57508, 36.43452], [-5.58998, 36.38878], [-5.58003, 36.35594], [-5.5734, 36.35037], [-5.57375, 36.34202], [-5.60559, 36.3184], [-5.61617, 36.31736], [-5.62129, 36.32207], [-5.63637, 36.32308], [-5.64773, 36.33118], [-5.68126, 36.33029], [-5.71775, 36.34298], [-5.754, 36.34641], [-5.77422, 36.35682], [-5.77991, 36.35277], [-5.7853, 36.35508], [-5.78707, 36.35182], [-5.78771, 36.35798], [-5.7921, 36.35663], [-5.79188, 36.36071], [-5.7998, 36.36914], [-5.79321, 36.37518], [-5.79605, 36.38089], [-5.79112, 36.38521], [-5.79438, 36.38665], [-5.78984, 36.38905], [-5.78961, 36.39263], [-5.7936, 36.39411], [-5.79178, 36.40018], [-5.79553, 36.4025], [-5.7982, 36.41316], [-5.80893, 36.42222], [-5.80579, 36.42733], [-5.81853, 36.47749], [-5.83951, 36.49689]]]}}, {"type": "Feature", "properties": {"ine_code": "11002", "name": "Alcalá del Valle", "province": "Cádiz"}, "geometry": {"type": "Polygon", "coordinates": [[[-5.20062, 36.92841], [-5.17802, 36.94189], [-5.16718, 36.94205], [-5.16169, 36.94624], [-5.15316, 36.94459], [-5.14854, 36.95035], [-5.14305, 36.94612], [-5.13719, 36.95238], [-5.13229, 36.94942], [-5.12416, 36.95126], [-5.11674, 36.95814], [-5.11011, 36.95933], [-5.10556, 36.95484], [-5.09984, 36.93259], [-5.09187, 36.92062], [-5.10859, 36.91109], [-5.1154, 36.91694], [-5.11382, 36.90989], [-5.11663, 36.90764], [-5.12889, 36.9059], [-5.14716, 36.89797], [-5.16571, 36.88562], [-5.18608, 36.88697], [-5.19431, 36.89405], [-5.19648, 36.91924], [-5.20062, 36.92841]]]}}, {"type": "Feature", "properties": {"ine_code": "11003", "name": "Algar", "province": "Cádiz"}, "geometry": {"type": "Polygon", "coordinates": [[[-5.68952, 36.65669], [-5.68603, 36.66813], [-5.67482, 36.67944], [-5.66296, 36.66751], [-5.64175, 36.66567], [-5.61822, 36.67556], [-5.61812, 36.68065], [-5.59148, 36.68975], [-5.59939, 36.68516], [-5.60315, 36.67646], [-5.61146, 36.66845], [-5.60502, 36.65993], [-5.61693, 36.64819], [-5.61799, 36.64314], [-5.61355, 36.63923], [-5.6206, 36.63635], [-5.63088, 36.64127], [-5.64179, 36.62585], [-5.65276, 36.62388], [-5.65368, 36.62883], [-5.65903, 36.62987], [-5.66026, 36.63619], [-5.67289, 36.64265], [-5.66928, 36.64684], [-5.67357, 36.65106], [-5.6811, 36.65113], [-5.68287, 36.64703], [-5.68952, 36.65669]]]}}, {"type": "Feature", "properties": {"ine_code": "11004", "name": "Algeciras", "province": "Cádiz"}, "geometry": {"type": "MultiPolygon", "coordinates": [[[[-5.43747, 36.06424], [-5.43733, 36.06423], [-5.43753, 36.06417], [-5.43747, 36.06424]]], [[[-5.43733, 36.06449], [-5.43722, 36.06446], [-5.4374, 36.06441], [-5.43733, 36.06449]]], [[[-5.4346, 36.06478], [-5.43511, 36.06528], [-5.43428, 36.06521], [-5.4346, 36.06478]]], [[[-5.43646, 36.06517], [-5.43661, 36.06529], [-5.43653, 36.06536], [-5.43646, 36.06517]]], [[[-5.43603, 36.0656], [-5.43619, 36.06546], [-5.43621, 36.06565], [-5.43603, 36.0656]]], [[[-5.43631, 36.06573], [-5.43636, 36.0655], [-5.43643, 36.06577], [-5.43631, 36.06573]]], [[[-5.42383, 36.07636], [-5.42341, 36.07626], [-5.42335, 36.07617], [-5.42383, 36.07636]]], [[[-5.42376, 36.077], [-5.42397, 36.07741], [-5.42362, 36.07703], [-5.42376, 36.077]]], [[[-5.53917, 36.12292], [-5.53638, 36.13136], [-5.51949, 36.12883], [-5.51387, 36.13775], [-5.48955, 36.1439], [-5.48818, 36.15088], [-5.48131, 36.15297], [-5.47694, 36.15857], [-5.47819, 36.16396], [-5.46553, 36.16851], [-5.45933, 36.16294], [-5.4549, 36.16302], [-5.4498, 36.16965], [-5.44292, 36.17059], [-5.44226, 36.17626], [-5.43094, 36.17262], [-5.44322, 36.15785], [-5.44724, 36.13871], [-5.44344, 36.13763], [-5.44283, 36.13111], [-5.44173, 36.14757], [-5.43556, 36.14833], [-5.43619, 36.13489], [-5.43962, 36.13278], [-5.43629, 36.13096], [-5.44246, 36.12778], [-5.43193, 36.12801], [-5.43021, 36.14362], [-5.42823, 36.14765], [-5.42793, 36.14755], [-5.43008, 36.13332], [-5.42283, 36.13282], [-5.4223, 36.11992], [-5.43692, 36.11881], [-5.43582, 36.12261], [-5.44155, 36.12129], [-5.44253, 36.11792], [-5.43513, 36.11857], [-5.43766, 36.11243], [-5.43118, 36.10567], [-5.44019, 36.10286], [-5.44355, 36.09161], [-5.44097, 36.08611], [-5.42656, 36.08299], [-5.42543, 36.0773], [-5.42976, 36.07074], [-5.44764, 36.06162], [-5.44877, 36.05706], [-5.46459, 36.05028], [-5.48505, 36.05463], [-5.49502, 36.05019], [-5.50674, 36.06373], [-5.51261, 36.06522], [-5.51076, 36.06835], [-5.51992, 36.08124], [-5.51879, 36.08726], [-5.52447, 36.09662], [-5.53576, 36.10554], [-5.55173, 36.10933], [-5.53917, 36.12292]]]]}}, {"type": "Feature", "properties": {"ine_code": "11005", "name": "Algodonales", "province": "Cádiz"}, "geometry": {"type": "Polygon", "coordinates": [[[-5.53378, 36.89354], [-5.51301, 36.91476], [-5.49563, 36.92321], [-5.46642, 36.92711], [-5.42369, 36.93902], [-5.40327, 36.93972], [-5.38277, 36.92632], [-5.37464, 36.92584], [-5.35284, 36.9115], [-5.34689, 36.90105], [-5.30506, 36.87639], [-5.34187, 36.87229], [-5.35774, 36.86707], [-5.36947, 36.86117], [-5.37845, 36.84907], [-5.3935, 36.85852], [-5.40164, 36.85646], [-5.42283, 36.86018], [-5.43365, 36.85312], [-5.44405, 36.85368], [-5.45233, 36.85026], [-5.4581, 36.85517], [-5.47363, 36.85695], [-5.50999, 36.85558], [-5.51759, 36.85252], [-5.51639, 36.84219], [-5.52454, 36.83694], [-5.52897, 36.84133], [-5.52744, 36.86728], [-5.52919, 36.87792], [-5.53446, 36.88497], [-5.53378, 36.89354]]]}}, {"type": "Feature", "properties": {"ine_code": "11006", "name": "Arcos de la Frontera", "province": "Cádiz"}, "geometry": {"type": "Polygon", "coordinates": [[[-5.89101, 36.83512], [-5.88883, 36.84677], [-5.88096, 36.84708], [-5.86629, 36.8426], [-5.85869, 36.83598], [-5.83487, 36.83482], [-5.82739, 36.83024], [-5.8277, 36.82679], [-5.81672, 36.83212], [-5.80753, 36.82585], [-5.79468, 36.82834], [-5.77733, 36.83893], [-5.76109, 36.83832], [-5.76068, 36.83473], [-5.75567, 36.833], [-5.76028, 36.83105], [-5.75644, 36.81826], [-5.74936, 36.81492], [-5.74296, 36.80503], [-5.73787, 36.80886], [-5.73091, 36.80265], [-5.72439, 36.80596], [-5.71902, 36.80483], [-5.7162, 36.80874], [-5.71087, 36.80591], [-5.7074, 36.80779], [-5.70787, 36.81262], [-5.70126, 36.81362], [-5.70372, 36.81797], [-5.69706, 36.81871], [-5.69985, 36.82093], [-5.6983, 36.82551], [-5.68644, 36.82992], [-5.68593, 36.8333], [-5.68095, 36.83283], [-5.68028, 36.83725], [-5.67603, 36.83956], [-5.67658, 36.84481], [-5.6675, 36.85158], [-5.65919, 36.83054], [-5.6413, 36.80244], [-5.64228, 36.78883], [-5.59999, 36.76261], [-5.58021, 36.75504], [-5.55789, 36.73412], [-5.54432, 36.7331], [-5.53181, 36.71804], [-5.5323, 36.71134], [-5.54377, 36.70829], [-5.53818, 36.70226], [-5.53033, 36.70095], [-5.52833, 36.69701], [-5.52921, 36.68963], [-5.53477, 36.68771], [-5.5329, 36.67838], [-5.54154, 36.67008], [-5.54867, 36.67934], [-5.57394, 36.6841], [-5.58542, 36.69103], [-5.62888, 36.67773], [-5.65664, 36.67644], [-5.66996, 36.68185], [-5.68603, 36.66813], [-5.68952, 36.65669], [-5.702, 36.66123], [-5.70928, 36.65687], [-5.71083, 36.65475], [-5.70759, 36.6521], [-5.71247, 36.64467], [-5.71958, 36.65126], [-5.72685, 36.64677], [-5.73208, 36.6521], [-5.74088, 36.6514], [-5.73994, 36.65938], [-5.74984, 36.65511], [-5.75299, 36.65982], [-5.76599, 36.65295], [-5.76338, 36.66021], [-5.76938, 36.665], [-5.77462, 36.66245], [-5.77983, 36.67018], [-5.78338, 36.66725], [-5.83002, 36.67101], [-5.84555, 36.66871], [-5.8568, 36.66995], [-5.88008, 36.67907], [-5.88969, 36.67353], [-5.89461, 36.67682], [-5.90254, 36.67508], [-5.9273, 36.69806], [-5.94604, 36.72735], [-5.92441, 36.74555], [-5.91789, 36.76506], [-5.92248, 36.79462], [-5.89101, 36.83512]]]}}, {"type": "Feature", "properties": {"ine_code": "11007", "name": "Barbate", "province": "Cádiz"}, "geometry": {"type": "MultiPolygon", "coordinates": [[[[-6.0059, 36.18125], [-6.00666, 36.18143], [-6.0057, 36.18133], [-6.0059, 36.18125]]], [[[-6.009, 36.18144], [-6.00849, 36.18157], [-6.00792, 36.18142], [-6.009, 36.18144]]], [[[-5.84171, 36.1266], [-5.87329, 36.15691], [-5.91529, 36.18491], [-5.92297, 36.18594], [-5.92765, 36.18229], [-5.93034, 36.18272], [-5.92672, 36.18604], [-5.93482, 36.18609], [-5.93521, 36.18341], [-5.93259, 36.18448], [-5.92608, 36.17934], [-5.94472, 36.18659], [-5.98079, 36.17657], [-6.01979, 36.18617], [-6.02698, 36.1861], [-6.03417, 36.18095], [-6.04037, 36.19235], [-6.05457, 36.2055], [-6.04308, 36.20965], [-6.03468, 36.20808], [-6.03015, 36.21265], [-6.0188, 36.21074], [-6.01576, 36.21486], [-5.99514, 36.21783], [-5.98321, 36.22901], [-5.97478, 36.23248], [-5.96022, 36.22463], [-5.94896, 36.22469], [-5.94675, 36.21902], [-5.94057, 36.21979], [-5.93823, 36.22113], [-5.94574, 36.22742], [-5.93734, 36.23221], [-5.93434, 36.23866], [-5.92868, 36.23713], [-5.92415, 36.24494], [-5.89071, 36.23306], [-5.88869, 36.24322], [-5.87244, 36.23967], [-5.83019, 36.2406], [-5.78632, 36.21632], [-5.80107, 36.18978], [-5.82436, 36.16497], [-5.84171, 36.1266]]]]}}, {"type": "Feature", "properties": {"ine_code": "11008", "name": "Los Barrios", "province": "Cádiz"}, "geometry": {"type": "Polygon", "coordinates": [[[-5.69561, 36.21478], [-5.69801, 36.23504], [-5.70739, 36.24749], [-5.6993, 36.25458], [-5.6845, 36.24639], [-5.6557, 36.24949], [-5.64963, 36.25474], [-5.65215, 36.25547], [-5.64586, 36.26768], [-5.65023, 36.2746], [-5.63738, 36.29119], [-5.62722, 36.29655], [-5.61617, 36.31736], [-5.60559, 36.3184], [-5.58915, 36.33283], [-5.58349, 36.33391], [-5.57375, 36.34202], [-5.5734, 36.35037], [-5.57099, 36.35012], [-5.55972, 36.34769], [-5.55901, 36.34245], [-5.54647, 36.33189], [-5.54128, 36.31993], [-5.53419, 36.31949], [-5.52767, 36.31373], [-5.52822, 36.31064], [-5.55471, 36.29307], [-5.55574, 36.27969], [-5.54042, 36.27377], [-5.51901, 36.27127], [-5.51684, 36.26319], [-5.49228, 36.26102], [-5.48201, 36.26324], [-5.47553, 36.25396], [-5.45922, 36.25485], [-5.4547, 36.24723], [-5.44539, 36.24275], [-5.43853, 36.24435], [-5.4392, 36.22638], [-5.43596, 36.21475], [-5.42362, 36.20083], [-5.42476, 36.1944], [-5.41416, 36.17757], [-5.41729, 36.17649], [-5.4162, 36.17446], [-5.41985, 36.17316], [-5.41671, 36.17453], [-5.4194, 36.17882], [-5.41816, 36.1754], [-5.42536, 36.17648], [-5.43012, 36.17262], [-5.44226, 36.17626], [-5.44292, 36.17059], [-5.4498, 36.16965], [-5.45539, 36.16292], [-5.46861, 36.16801], [-5.47947, 36.1628], [-5.47694, 36.15857], [-5.48131, 36.15297], [-5.48818, 36.15088], [-5.48999, 36.1436], [-5.51387, 36.13775], [-5.51949, 36.12883], [-5.53638, 36.13136], [-5.53925, 36.12172], [-5.55173, 36.10933], [-5.57566, 36.11148], [-5.60051, 36.12303], [-5.59736, 36.1522], [-5.59869, 36.15695], [-5.60811, 36.1634], [-5.61002, 36.16842], [-5.60692, 36.17487], [-5.62385, 36.18305], [-5.62845, 36.1918], [-5.63843, 36.18969], [-5.65854, 36.206], [-5.67065, 36.1975], [-5.68109, 36.19711], [-5.69561, 36.21478]]]}}, {"type": "Feature", "properties": {"ine_code": "11009", "name": "Benaocaz", "province": "Cádiz"}, "geometry": {"type": "Polygon", "coordinates": [[[-5.52914, 36.69419], [-5.53033, 36.70095], [-5.53943, 36.70297], [-5.54367, 36.70862], [-5.50076, 36.72206], [-5.49818, 36.72421], [-5.50044, 36.73628], [-5.48189, 36.75459], [-5.46604, 36.74529], [-5.46189, 36.74779], [-5.45427, 36.74529], [-5.44808, 36.74055], [-5.44712, 36.73586], [-5.42832, 36.73954], [-5.42546, 36.7452], [-5.41964, 36.74739], [-5.4124, 36.74347], [-5.41309, 36.74097], [-5.40776, 36.74227], [-5.39374, 36.73784], [-5.38833, 36.72795], [-5.39259, 36.72345], [-5.38847, 36.71858], [-5.39585, 36.70978], [-5.39483, 36.70484], [-5.41206, 36.68898], [-5.39473, 36.66553], [-5.4053, 36.65454], [-5.40888, 36.66171], [-5.42074, 36.6719], [-5.42383, 36.68053], [-5.43631, 36.68346], [-5.43929, 36.68892], [-5.43775, 36.69348], [-5.4551, 36.6919], [-5.47071, 36.6844], [-5.47341, 36.68021], [-5.48531, 36.68217], [-5.49394, 36.69919], [-5.52914, 36.69419]]]}}, {"type": "Feature", "properties": {"ine_code": "11010", "name": "Bornos", "province": "Cádiz"}, "geometry": {"type": "Polygon", "coordinates": [[[-5.76068, 36.83473], [-5.75561, 36.85329], [-5.72839, 36.8698], [-5.72376, 36.88097], [-5.70932, 36.89171], [-5.7052, 36.90345], [-5.67412, 36.88184], [-5.66273, 36.866], [-5.66647, 36.85967], [-5.66395, 36.85614], [-5.67658, 36.84481], [-5.67727, 36.8374], [-5.68028, 36.83725], [-5.68095, 36.83283], [-5.68593, 36.8333], [-5.68644, 36.82992], [-5.6983, 36.82551], [-5.69985, 36.82093], [-5.69716, 36.81854], [-5.70372, 36.81797], [-5.70126, 36.81362], [-5.70787, 36.81262], [-5.70674, 36.80876], [-5.71071, 36.80593], [-5.7162, 36.80874], [-5.71902, 36.80483], [-5.72439, 36.80596], [-5.73107, 36.80265], [-5.73787, 36.80886], [-5.74296, 36.80503], [-5.74936, 36.81492], [-5.75644, 36.81826], [-5.76028, 36.83105], [-5.75567, 36.833], [-5.76068, 36.83473]]]}}, {"type": "Feature", "properties": {"ine_code": "11011", "name": "El Bosque", "province": "Cádiz"}, "geometry": {"type": "Polygon", "coordinates": [[[-5.54432, 36.7331], [-5.52981, 36.75809], [-5.52664, 36.7752], [-5.51803, 36.78559], [-5.50151, 36.79478], [-5.48663, 36.78695], [-5.48325, 36.77446], [-5.47926, 36.77138], [-5.48189, 36.75459], [-5.50044, 36.73628], [-5.49823, 36.72409], [-5.505, 36.71967], [-5.51577, 36.71936], [-5.53167, 36.71057], [-5.53181, 36.71804], [-5.54432, 36.7331]]]}}, {"type": "Feature", "properties": {"ine_code": "11012", "name": "Cádiz", "province": "Cádiz"}, "geometry": {"type": "MultiPolygon", "coordinates": [[[[-6.2277, 36.46652], [-6.23039, 36.44874], [-6.2426, 36.44378], [-6.24876, 36.44881], [-6.24683, 36.44156], [-6.25943, 36.47333], [-6.28847, 36.51787], [-6.28883, 36.52342], [-6.29691, 36.52881], [-6.30956, 36.52851], [-6.30603, 36.53013], [-6.30807, 36.53407], [-6.29932, 36.53839], [-6.2905, 36.5377], [-6.28655, 36.54312], [-6.27936, 36.543], [-6.29229, 36.53287], [-6.28995, 36.53076], [-6.28422, 36.53468], [-6.28128, 36.53368], [-6.28717, 36.53086], [-6.28195, 36.53284], [-6.2811, 36.5289], [-6.27534, 36.53324], [-6.27684, 36.54074], [-6.27538, 36.53507], [-6.26863, 36.532], [-6.27479, 36.53226], [-6.27286, 36.53004], [-6.27826, 36.5295], [-6.27653, 36.52684], [-6.28193, 36.52747], [-6.27515, 36.52473], [-6.26984, 36.50858], [-6.26143, 36.50903], [-6.26001, 36.50769], [-6.26318, 36.50281], [-6.26033, 36.49968], [-6.25502, 36.50138], [-6.2571, 36.50705], [-6.25643, 36.50782], [-6.25435, 36.50058], [-6.26243, 36.49601], [-6.26213, 36.49151], [-6.2667, 36.48933], [-6.2576, 36.47311], [-6.25352, 36.46791], [-6.2454, 36.46483], [-6.22933, 36.46261], [-6.2277, 36.46652]]], [[[-6.31728, 36.52709], [-6.31683, 36.5291], [-6.31232, 36.52782], [-6.31728, 36.52709]]]]}}, {"type": "Feature", "properties": {"ine_code": "11013", "name": "Castellar de la Frontera", "province": "Cádiz"}, "geometry": {"type": "Polygon", "coordinates": [[[-5.5734, 36.35037], [-5.58003, 36.35594], [-5.58057, 36.36421], [-5.51891, 36.36544], [-5.47111, 36.37335], [-5.43807, 36.36177], [-5.42682, 36.36271], [-5.41986, 36.34714], [-5.40643, 36.34396], [-5.38976, 36.33054], [-5.3849, 36.33319], [-5.37831, 36.32944], [-5.36659, 36.3322], [-5.36484, 36.32706], [-5.35524, 36.32341], [-5.35329, 36.31907], [-5.36061, 36.31082], [-5.35943, 36.29334], [-5.36713, 36.28365], [-5.38528, 36.2808], [-5.40322, 36.267], [-5.41134, 36.25006], [-5.42552, 36.24844], [-5.43672, 36.24082], [-5.43853, 36.24435], [-5.44539, 36.24275], [-5.4547, 36.24723], [-5.45922, 36.25485], [-5.47553, 36.25396], [-5.48201, 36.26324], [-5.49228, 36.26102], [-5.51684, 36.26319], [-5.51901, 36.27127], [-5.55363, 36.27748], [-5.55674, 36.28109], [-5.55471, 36.29307], [-5.52822, 36.31064], [-5.52767, 36.31373], [-5.53419, 36.31949], [-5.54128, 36.31993], [-5.54647, 36.33189], [-5.55901, 36.34245], [-5.55972, 36.34769], [-5.5734, 36.35037]]]}}, {"type": "Feature", "properties": {"ine_code": "11014", "name": "Conil de la Frontera", "province": "Cádiz"}, "geometry": {"type": "Polygon", "coordinates": [[[-6.16246, 36.33074], [-6.13682, 36.34101], [-6.04949, 36.34583], [-6.01786, 36.34126], [-6.00456, 36.34648], [-5.99576, 36.34377], [-5.98922, 36.32061], [-5.99504, 36.31938], [-5.99901, 36.3145], [-6.01046, 36.3178], [-6.01253, 36.3122], [-6.02109, 36.31521], [-6.03864, 36.30284], [-6.03886, 36.29844], [-6.05604, 36.28361], [-6.05069, 36.25957], [-6.05778, 36.25875], [-6.05655, 36.25635], [-6.06035, 36.25251], [-6.06644, 36.25044], [-6.07331, 36.25195], [-6.07914, 36.24392], [-6.08865, 36.26516], [-6.10294, 36.28429], [-6.1161, 36.29455], [-6.13181, 36.29672], [-6.13565, 36.29442], [-6.13775, 36.29691], [-6.13463, 36.29252], [-6.14185, 36.29541], [-6.15247, 36.30886], [-6.16246, 36.33074]]]}}, {"type": "Feature", "properties": {"ine_code": "11015", "name": "Chiclana de la Frontera", "province": "Cádiz"}, "geometry": {"type": "Polygon", "coordinates": [[[-6.21132, 36.38743], [-6.20849, 36.39993], [-6.214, 36.41738], [-6.20572, 36.43781], [-6.19949, 36.44131], [-6.18593, 36.43436], [-6.18343, 36.44267], [-6.17331, 36.44729], [-6.18693, 36.45977], [-6.1697, 36.45568], [-6.16627, 36.4654], [-6.14386, 36.47201], [-6.14217, 36.46848], [-6.13819, 36.47071], [-6.10342, 36.46351], [-6.07119, 36.46856], [-6.07271, 36.46095], [-6.05731, 36.44839], [-6.04972, 36.43535], [-6.03534, 36.42286], [-6.02507, 36.40345], [-5.99411, 36.37088], [-5.99926, 36.36825], [-6.00456, 36.34648], [-6.01786, 36.34126], [-6.04949, 36.34583], [-6.11544, 36.34265], [-6.13682, 36.34101], [-6.16246, 36.33074], [-6.16812, 36.34623], [-6.18221, 36.36857], [-6.21132, 36.38743]]]}}, {"type": "Feature", "properties": {"ine_code": "11016", "name": "Chipiona", "province": "Cádiz"}, "geometry": {"type": "MultiPolygon", "coordinates": [[[[-6.37035, 36.7341], [-6.37913, 36.71369], [-6.39565, 36.69778], [-6.42189, 36.68882], [-6.43994, 36.72024], [-6.44025, 36.73063], [-6.44376, 36.73629], [-6.42848, 36.74948], [-6.43175, 36.74583], [-6.42981, 36.74419], [-6.42854, 36.74822], [-6.42605, 36.74412], [-6.42016, 36.74546], [-6.40959, 36.76105], [-6.39656, 36.76254], [-6.3764, 36.74634], [-6.37035, 36.7341]]], [[[-6.4685, 36.73225], [-6.47207, 36.73759], [-6.46916, 36.73804], [-6.4685, 36.73225]]], [[[-6.45723, 36.73586], [-6.4581, 36.73541], [-6.45811, 36.73564], [-6.45723, 36.73586]]]]}}, {"type": "Feature", "properties": {"ine_code": "11017", "name": "Espera", "province": "Cádiz"}, "geometry": {"type": "Polygon", "coordinates": [[[-5.88883, 36.84677], [-5.89358, 36.85158], [-5.87652, 36.89471], [-5.86672, 36.89518], [-5.84551, 36.91521], [-5.82889, 36.91579], [-5.80498, 36.92546], [-5.763, 36.92572], [-5.74402, 36.92294], [-5.7052, 36.90345], [-5.70932, 36.89171], [-5.72376, 36.88097], [-5.72839, 36.8698], [-5.75532, 36.85356], [-5.7595, 36.84022], [-5.76421, 36.83693], [-5.77733, 36.83893], [-5.79468, 36.82834], [-5.80455, 36.82631], [-5.81672, 36.83212], [-5.8277, 36.82679], [-5.82739, 36.83024], [-5.83487, 36.83482], [-5.85869, 36.83598], [-5.86629, 36.8426], [-5.88883, 36.84677]]]}}, {"type": "Feature", "properties": {"ine_code": "11018", "name": "El Gastor", "province": "Cádiz"}, "geometry": {"type": "Polygon", "coordinates": [[[-5.38275, 36.84976], [-5.37819, 36.84925], [-5.36927, 36.86131], [-5.34268, 36.87214], [-5.30506, 36.87639], [-5.30158, 36.86964], [-5.30629, 36.85759], [-5.31543, 36.85545], [-5.33251, 36.8386], [-5.34071, 36.81942], [-5.35073, 36.81305], [-5.36665, 36.81116], [-5.37167, 36.80518], [-5.38051, 36.80815], [-5.37306, 36.81149], [-5.37432, 36.82076], [-5.36483, 36.83129], [-5.36602, 36.83862], [-5.38275, 36.84976]]]}}, {"type": "Feature", "properties": {"ine_code": "11019", "name": "Grazalema", "province": "Cádiz"}, "geometry": {"type": "Polygon", "coordinates": [[[-5.50151, 36.79478], [-5.46023, 36.80637], [-5.40734, 36.80358], [-5.38051, 36.80815], [-5.37167, 36.80518], [-5.36665, 36.81116], [-5.35073, 36.81305], [-5.34071, 36.81942], [-5.33536, 36.81729], [-5.32654, 36.80527], [-5.31982, 36.78673], [-5.29093, 36.77517], [-5.29523, 36.76365], [-5.30762, 36.75101], [-5.31624, 36.7303], [-5.32463, 36.72401], [-5.33449, 36.72934], [-5.34432, 36.72056], [-5.35313, 36.73012], [-5.36344, 36.72415], [-5.36935, 36.73265], [-5.39138, 36.73342], [-5.39374, 36.73784], [-5.40776, 36.74227], [-5.41309, 36.74097], [-5.4124, 36.74347], [-5.41964, 36.74739], [-5.42546, 36.7452], [-5.42832, 36.73954], [-5.44712, 36.73586], [-5.44808, 36.74055], [-5.45427, 36.74529], [-5.46189, 36.74779], [-5.46604, 36.74529], [-5.48189, 36.75459], [-5.47926, 36.77138], [-5.48325, 36.77446], [-5.48345, 36.78107], [-5.48663, 36.78695], [-5.50151, 36.79478]]]}}, {"type": "Feature", "properties": {"ine_code": "11020", "name": "Jerez de la Frontera", "province": "Cádiz"}, "geometry": {"type": "MultiPolygon", "coordinates": [[[[-5.67376, 36.68038], [-5.66996, 36.68185], [-5.65664, 36.67644], [-5.61802, 36.67999], [-5.61822, 36.67556], [-5.64175, 36.66567], [-5.65156, 36.6654], [-5.66335, 36.6677], [-5.67376, 36.68038]]], [[[-6.30504, 36.72027], [-6.30449, 36.7289], [-6.29419, 36.74276], [-6.29505, 36.7509], [-6.27022, 36.78217], [-6.27127, 36.79118], [-6.24404, 36.78817], [-6.23871, 36.79232], [-6.23273, 36.81091], [-6.22566, 36.82033], [-6.15718, 36.85166], [-6.13364, 36.85223], [-6.12199, 36.86379], [-6.10524, 36.85742], [-6.0857, 36.85449], [-6.05059, 36.85344], [-6.0336, 36.84884], [-5.97312, 36.84419], [-5.95285, 36.85313], [-5.92535, 36.85307], [-5.89105, 36.84219], [-5.89087, 36.83537], [-5.92248, 36.79462], [-5.91789, 36.76506], [-5.92441, 36.74555], [-5.94604, 36.72735], [-5.9273, 36.69806], [-5.90254, 36.67508], [-5.89461, 36.67682], [-5.88969, 36.67353], [-5.88008, 36.67907], [-5.8544, 36.66955], [-5.85836, 36.64725], [-5.85209, 36.59129], [-5.85475, 36.57986], [-5.86237, 36.57015], [-5.86962, 36.55251], [-5.85461, 36.5503], [-5.82082, 36.55393], [-5.81056, 36.55128], [-5.79939, 36.55265], [-5.79712, 36.54984], [-5.78556, 36.55984], [-5.76838, 36.56688], [-5.76244, 36.56484], [-5.75004, 36.57449], [-5.72838, 36.58417], [-5.72635, 36.57839], [-5.7318, 36.57243], [-5.72323, 36.56639], [-5.71564, 36.56534], [-5.71374, 36.56994], [-5.70512, 36.56689], [-5.70771, 36.57207], [-5.69473, 36.57545], [-5.68961, 36.56771], [-5.69067, 36.56281], [-5.68114, 36.56246], [-5.67857, 36.55324], [-5.66931, 36.55241], [-5.6614, 36.56493], [-5.65991, 36.57358], [-5.66784, 36.59965], [-5.66333, 36.59876], [-5.62498, 36.6245], [-5.60338, 36.62282], [-5.60591, 36.62572], [-5.59893, 36.63733], [-5.59064, 36.64195], [-5.59193, 36.64495], [-5.58105, 36.64766], [-5.57042, 36.64409], [-5.56249, 36.65566], [-5.5625, 36.66022], [-5.5463, 36.66218], [-5.53874, 36.66919], [-5.53267, 36.66511], [-5.53149, 36.65995], [-5.51363, 36.65698], [-5.49109, 36.64327], [-5.4873, 36.63637], [-5.46929, 36.6278], [-5.46444, 36.62166], [-5.45554, 36.6197], [-5.45833, 36.61395], [-5.45718, 36.60209], [-5.46082, 36.58879], [-5.47697, 36.57408], [-5.48955, 36.57046], [-5.50206, 36.54761], [-5.51277, 36.54239], [-5.52216, 36.53179], [-5.53707, 36.52716], [-5.53951, 36.53567], [-5.5439, 36.53855], [-5.56704, 36.54245], [-5.57457, 36.54841], [-5.59971, 36.55068], [-5.61178, 36.5416], [-5.60625, 36.52527], [-5.60765, 36.51579], [-5.6355, 36.5261], [-5.66376, 36.54416], [-5.72496, 36.55652], [-5.79678, 36.54907], [-5.8239, 36.53921], [-5.85124, 36.53463], [-5.89929, 36.5357], [-5.91783, 36.52934], [-5.95048, 36.52594], [-5.98045, 36.51841], [-5.98024, 36.52151], [-5.99713, 36.52856], [-5.99845, 36.54199], [-5.98844, 36.54655], [-6.00257, 36.55932], [-6.00946, 36.56195], [-6.01612, 36.55232], [-6.02235, 36.5495], [-6.04192, 36.56296], [-6.06162, 36.55809], [-6.07001, 36.56455], [-6.08029, 36.56366], [-6.08541, 36.56638], [-6.09155, 36.56318], [-6.1165, 36.57349], [-6.13232, 36.5936], [-6.15294, 36.6003], [-6.14858, 36.60362], [-6.14399, 36.60231], [-6.14199, 36.60564], [-6.13903, 36.60353], [-6.14195, 36.61503], [-6.13991, 36.6159], [-6.15575, 36.63807], [-6.17499, 36.64219], [-6.18686, 36.64925], [-6.18553, 36.65169], [-6.19084, 36.65191], [-6.19517, 36.65696], [-6.20424, 36.65754], [-6.20318, 36.65954], [-6.20988, 36.66454], [-6.22903, 36.67408], [-6.23906, 36.68477], [-6.23921, 36.69372], [-6.25553, 36.70606], [-6.27633, 36.7089], [-6.30504, 36.72027]]]]}}, {"type": "Feature", "properties": {"ine_code": "11021", "name": "Jimena de la Frontera", "province": "Cádiz"}, "geometry": {"type": "Polygon", "coordinates": [[[-5.58057, 36.36421], [-5.58826, 36.37717], [-5.58998, 36.38878], [-5.57508, 36.43452], [-5.57054, 36.4397], [-5.5598, 36.50372], [-5.53473, 36.50346], [-5.52303, 36.49845], [-5.5148, 36.50139], [-5.51384, 36.5107], [-5.49142, 36.53722], [-5.47372, 36.53715], [-5.46551, 36.52871], [-5.46032, 36.53791], [-5.43158, 36.53456], [-5.42365, 36.52368], [-5.4129, 36.52034], [-5.40984, 36.49655], [-5.40414, 36.49462], [-5.39555, 36.46958], [-5.36066, 36.44002], [-5.35545, 36.4338], [-5.35805, 36.43226], [-5.35728, 36.42384], [-5.34734, 36.41883], [-5.34411, 36.41229], [-5.35364, 36.40019], [-5.35515, 36.40436], [-5.36, 36.40442], [-5.35904, 36.39554], [-5.36632, 36.38973], [-5.36526, 36.38332], [-5.37189, 36.38229], [-5.37411, 36.37615], [-5.39414, 36.37689], [-5.40938, 36.38607], [-5.41617, 36.3824], [-5.40772, 36.37718], [-5.40818, 36.37299], [-5.41419, 36.3704], [-5.40797, 36.35972], [-5.40628, 36.34377], [-5.42059, 36.34774], [-5.42682, 36.36271], [-5.43807, 36.36177], [-5.47111, 36.37335], [-5.51891, 36.36544], [-5.58057, 36.36421]]]}}, {"type": "Feature", "properties": {"ine_code": "11022", "name": "La Línea de la Concepción", "province": "Cádiz"}, "geometry": {"type": "Polygon", "coordinates": [[[-5.35162, 36.15253], [-5.35196, 36.15506], [-5.36506, 36.15506], [-5.36744, 36.15694], [-5.36034, 36.15516], [-5.35589, 36.15901], [-5.35299, 36.15697], [-5.35508, 36.15976], [-5.35854, 36.15846], [-5.35658, 36.16118], [-5.36129, 36.15913], [-5.3579, 36.16083], [-5.35897, 36.16356], [-5.37085, 36.16933], [-5.36535, 36.17356], [-5.36668, 36.17759], [-5.35918, 36.17937], [-5.36096, 36.21461], [-5.34606, 36.22654], [-5.34588, 36.23545], [-5.33857, 36.24608], [-5.31302, 36.24162], [-5.31073, 36.2379], [-5.3254, 36.20731], [-5.33386, 36.1819], [-5.33184, 36.1803], [-5.33176, 36.17889], [-5.33431, 36.18203], [-5.33527, 36.18179], [-5.33298, 36.18005], [-5.33885, 36.15345], [-5.35162, 36.15253]]]}}, {"type": "Feature", "properties": {"ine_code": "11023", "name": "Medina Sidonia", "province": "Cádiz"}, "geometry": {"type": "Polygon", "coordinates": [[[-6.07119, 36.46856], [-6.01942, 36.49286], [-5.97698, 36.52027], [-5.91783, 36.52934], [-5.89619, 36.53596], [-5.88375, 36.5256], [-5.86563, 36.51711], [-5.8242, 36.48499], [-5.81853, 36.47749], [-5.80579, 36.42733], [-5.80893, 36.42222], [-5.7982, 36.41316], [-5.79553, 36.4025], [-5.79178, 36.40018], [-5.79433, 36.39592], [-5.78953, 36.38989], [-5.79438, 36.38665], [-5.79111, 36.38523], [-5.79605, 36.38089], [-5.79321, 36.37518], [-5.79969, 36.36978], [-5.79844, 36.36687], [-5.80502, 36.37225], [-5.8104, 36.37251], [-5.81282, 36.3673], [-5.83701, 36.36889], [-5.84333, 36.35163], [-5.83508, 36.3368], [-5.84075, 36.33297], [-5.83535, 36.32515], [-5.81866, 36.32685], [-5.81084, 36.33225], [-5.8028, 36.32935], [-5.80437, 36.32129], [-5.79854, 36.30889], [-5.79722, 36.29468], [-5.77613, 36.29949], [-5.77474, 36.30486], [-5.77078, 36.30136], [-5.76236, 36.30059], [-5.7581, 36.29377], [-5.75344, 36.29254], [-5.75692, 36.29449], [-5.75208, 36.29759], [-5.75582, 36.29925], [-5.75602, 36.30292], [-5.75044, 36.30024], [-5.7443, 36.3043], [-5.74257, 36.30179], [-5.73074, 36.30902], [-5.7223, 36.30623], [-5.71745, 36.29957], [-5.70651, 36.30363], [-5.70622, 36.31571], [-5.71134, 36.32389], [-5.70657, 36.33942], [-5.68126, 36.33029], [-5.64773, 36.33118], [-5.63637, 36.32308], [-5.62129, 36.32207], [-5.61617, 36.31736], [-5.62722, 36.29655], [-5.63738, 36.29119], [-5.65023, 36.2746], [-5.64586, 36.26768], [-5.65215, 36.25547], [-5.64963, 36.25474], [-5.6557, 36.24949], [-5.6845, 36.24639], [-5.6993, 36.25458], [-5.70739, 36.24749], [-5.69801, 36.23504], [-5.69561, 36.21478], [-5.74967, 36.25716], [-5.76747, 36.26477], [-5.79155, 36.25205], [-5.86487, 36.32528], [-5.88726, 36.34204], [-5.91527, 36.35495], [-5.93927, 36.36024], [-5.97581, 36.37403], [-5.98697, 36.37546], [-5.99411, 36.37088], [-6.02507, 36.40345], [-6.03534, 36.42286], [-6.04972, 36.43535], [-6.05731, 36.44839], [-6.07271, 36.46095], [-6.07119, 36.46856]]]}}, {"type": "Feature", "properties": {"ine_code": "11024", "name": "Olvera", "province": "Cádiz"}, "geometry": {"type": "Polygon", "coordinates": [[[-5.30506, 36.87639], [-5.34689, 36.90105], [-5.35284, 36.9115], [-5.37464, 36.92584], [-5.38277, 36.92632], [-5.40327, 36.93972], [-5.41366, 36.93979], [-5.4168, 36.94535], [-5.41304, 36.95448], [-5.40097, 36.96273], [-5.39239, 36.97328], [-5.3653, 36.98566], [-5.36076, 36.98516], [-5.35968, 36.99249], [-5.34514, 36.99754], [-5.3375, 37.01174], [-5.3021, 37.03736], [-5.30022, 37.01374], [-5.27403, 36.99057], [-5.26828, 36.97843], [-5.26239, 36.97578], [-5.25673, 36.96404], [-5.23502, 36.94118], [-5.22522, 36.9423], [-5.22005, 36.9507], [-5.20604, 36.96264], [-5.19166, 36.96641], [-5.18981, 36.96973], [-5.16264, 36.98142], [-5.1584, 36.98932], [-5.14238, 37.00386], [-5.12331, 36.9906], [-5.11514, 36.98896], [-5.11074, 36.98395], [-5.11233, 36.97629], [-5.09906, 36.97234], [-5.09558, 36.9683], [-5.11674, 36.95814], [-5.1225, 36.9517], [-5.13229, 36.94942], [-5.13719, 36.95238], [-5.14305, 36.94612], [-5.14854, 36.95035], [-5.15316, 36.94459], [-5.16169, 36.94624], [-5.16718, 36.94205], [-5.17802, 36.94189], [-5.20062, 36.92841], [-5.20722, 36.92887], [-5.21806, 36.93562], [-5.24292, 36.92523], [-5.24969, 36.92084], [-5.25562, 36.8996], [-5.26386, 36.89384], [-5.2693, 36.884], [-5.30035, 36.8697], [-5.30506, 36.87639]]]}}, {"type": "Feature", "properties": {"ine_code": "11025", "name": "Paterna de Rivera", "province": "Cádiz"}, "geometry": {"type": "Polygon", "coordinates": [[[-5.83951, 36.49689], [-5.86563, 36.51711], [-5.88375, 36.5256], [-5.89619, 36.53596], [-5.85137, 36.53462], [-5.83105, 36.538], [-5.82989, 36.5112], [-5.83951, 36.49689]]]}}, {"type": "Feature", "properties": {"ine_code": "11026", "name": "Prado del Rey", "province": "Cádiz"}, "geometry": {"type": "Polygon", "coordinates": [[[-5.59999, 36.76261], [-5.58255, 36.7872], [-5.5776, 36.78992], [-5.56693, 36.78877], [-5.56803, 36.79127], [-5.56353, 36.79387], [-5.55863, 36.79177], [-5.5546, 36.79437], [-5.5527, 36.80715], [-5.55816, 36.82052], [-5.53694, 36.8324], [-5.52454, 36.83694], [-5.5218, 36.8349], [-5.50081, 36.80532], [-5.50151, 36.79478], [-5.5164, 36.78692], [-5.52664, 36.7752], [-5.52981, 36.75809], [-5.54432, 36.7331], [-5.55789, 36.73412], [-5.58021, 36.75504], [-5.59999, 36.76261]]]}}, {"type": "Feature", "properties": {"ine_code": "11027", "name": "El Puerto de Santa María", "province": "Cádiz"}, "geometry": {"type": "Polygon", "coordinates": [[[-6.32363, 36.70286], [-6.31652, 36.71282], [-6.30341, 36.71869], [-6.28311, 36.71364], [-6.27633, 36.7089], [-6.25684, 36.70657], [-6.23921, 36.69372], [-6.23906, 36.68477], [-6.22903, 36.67408], [-6.20988, 36.66454], [-6.20318, 36.65954], [-6.20424, 36.65754], [-6.19517, 36.65696], [-6.19084, 36.65191], [-6.18553, 36.65169], [-6.18686, 36.64925], [-6.17499, 36.64219], [-6.16078, 36.64107], [-6.15453, 36.63711], [-6.14249, 36.62208], [-6.13903, 36.60353], [-6.14139, 36.60574], [-6.1441, 36.60225], [-6.14888, 36.60353], [-6.15727, 36.59588], [-6.15089, 36.58756], [-6.15153, 36.57867], [-6.15802, 36.58077], [-6.1718, 36.56913], [-6.16141, 36.56693], [-6.16207, 36.56164], [-6.16879, 36.55938], [-6.17857, 36.56227], [-6.17935, 36.57074], [-6.19821, 36.56358], [-6.18799, 36.57778], [-6.19532, 36.58116], [-6.20344, 36.5792], [-6.21261, 36.57218], [-6.2062, 36.55763], [-6.2142, 36.53406], [-6.22115, 36.52776], [-6.2329, 36.52874], [-6.22537, 36.55358], [-6.22548, 36.57398], [-6.23214, 36.58087], [-6.2393, 36.57416], [-6.23574, 36.57774], [-6.24232, 36.57888], [-6.2377, 36.58333], [-6.24234, 36.58548], [-6.24991, 36.58356], [-6.24884, 36.58092], [-6.25351, 36.57822], [-6.25256, 36.58147], [-6.2578, 36.58133], [-6.25409, 36.57706], [-6.26594, 36.57986], [-6.27878, 36.6026], [-6.288, 36.61154], [-6.29826, 36.61628], [-6.30663, 36.63684], [-6.29689, 36.65372], [-6.30264, 36.65887], [-6.31137, 36.66054], [-6.31496, 36.66559], [-6.31314, 36.6686], [-6.30752, 36.66793], [-6.30717, 36.67773], [-6.31366, 36.68516], [-6.31382, 36.69523], [-6.32363, 36.70286]]]}}, {"type": "Feature", "properties": {"ine_code": "11028", "name": "Puerto Real", "province": "Cádiz"}, "geometry": {"type": "Polygon", "coordinates": [[[-6.18033, 36.50797], [-6.17143, 36.51192], [-6.17324, 36.52141], [-6.18455, 36.52518], [-6.19125, 36.52387], [-6.20053, 36.52872], [-6.19986, 36.52377], [-6.19636, 36.5221], [-6.20748, 36.5098], [-6.21888, 36.50997], [-6.23416, 36.50386], [-6.24563, 36.50896], [-6.24511, 36.51284], [-6.24963, 36.51269], [-6.25078, 36.5158], [-6.24361, 36.51844], [-6.25566, 36.51995], [-6.25779, 36.52516], [-6.255, 36.52554], [-6.25578, 36.5289], [-6.25896, 36.52919], [-6.24102, 36.52839], [-6.23024, 36.52481], [-6.2329, 36.52874], [-6.2174, 36.52986], [-6.20648, 36.55484], [-6.21249, 36.57267], [-6.20054, 36.58025], [-6.18799, 36.57778], [-6.19872, 36.56381], [-6.17935, 36.57074], [-6.17933, 36.56269], [-6.16879, 36.55938], [-6.16242, 36.56133], [-6.16141, 36.56693], [-6.1718, 36.56913], [-6.15802, 36.58077], [-6.15153, 36.57867], [-6.15099, 36.58784], [-6.15736, 36.59507], [-6.15294, 36.6003], [-6.13232, 36.5936], [-6.1165, 36.57349], [-6.10092, 36.56534], [-6.07001, 36.56455], [-6.06092, 36.55805], [-6.04192, 36.56296], [-6.02235, 36.5495], [-6.01612, 36.55232], [-6.00946, 36.56195], [-6.00257, 36.55932], [-5.98844, 36.54655], [-5.99845, 36.54199], [-5.99713, 36.52856], [-5.98024, 36.52151], [-5.98045, 36.51841], [-6.01942, 36.49286], [-6.07119, 36.46856], [-6.10342, 36.46351], [-6.13819, 36.47071], [-6.14217, 36.46848], [-6.14386, 36.47201], [-6.16627, 36.4654], [-6.16841, 36.45672], [-6.17144, 36.45537], [-6.18944, 36.4624], [-6.17975, 36.47434], [-6.17932, 36.48093], [-6.17441, 36.48341], [-6.16843, 36.49312], [-6.17234, 36.4982], [-6.17911, 36.5001], [-6.18033, 36.50797]]]}}, {"type": "Feature", "properties": {"ine_code": "11029", "name": "Puerto Serrano", "province": "Cádiz"}, "geometry": {"type": "Polygon", "coordinates": [[[-5.5507, 36.9223], [-5.54612, 36.93018], [-5.53577, 36.92998], [-5.53276, 36.93585], [-5.52479, 36.93733], [-5.51389, 36.95654], [-5.50234, 36.95832], [-5.49343, 36.97092], [-5.48143, 36.97237], [-5.46973, 36.98395], [-5.47304, 36.99523], [-5.4953, 37.01147], [-5.51099, 37.0336], [-5.49688, 37.0397], [-5.47312, 37.04294], [-5.46269, 37.04123], [-5.44791, 37.05022], [-5.43305, 37.05222], [-5.42774, 37.04457], [-5.42011, 37.01321], [-5.43524, 36.99112], [-5.44247, 36.98986], [-5.45604, 36.97815], [-5.45958, 36.97851], [-5.46029, 36.9753], [-5.45717, 36.97414], [-5.45456, 36.9612], [-5.44592, 36.95667], [-5.44627, 36.94644], [-5.44126, 36.94396], [-5.43895, 36.93529], [-5.50306, 36.92033], [-5.51301, 36.91476], [-5.53378, 36.89354], [-5.5507, 36.9223]]]}}, {"type": "Feature", "properties": {"ine_code": "11030", "name": "Rota", "province": "Cádiz"}, "geometry": {"type": "Polygon", "coordinates": [[[-6.42189, 36.68882], [-6.39565, 36.69778], [-6.37913, 36.71369], [-6.37035, 36.7341], [-6.35822, 36.72098], [-6.33263, 36.7091], [-6.31382, 36.69523], [-6.31366, 36.68516], [-6.30809, 36.67967], [-6.3067, 36.67164], [-6.30752, 36.66793], [-6.31314, 36.6686], [-6.31496, 36.66559], [-6.31137, 36.66054], [-6.30264, 36.65887], [-6.29685, 36.65358], [-6.30663, 36.63684], [-6.29826, 36.61628], [-6.30388, 36.61862], [-6.30888, 36.61594], [-6.31576, 36.62284], [-6.32202, 36.61934], [-6.32442, 36.6217], [-6.32028, 36.623], [-6.33042, 36.62435], [-6.3333, 36.62237], [-6.33032, 36.61958], [-6.33343, 36.6223], [-6.33503, 36.62085], [-6.32613, 36.61039], [-6.33682, 36.62097], [-6.33557, 36.62469], [-6.34296, 36.62605], [-6.35444, 36.62159], [-6.35545, 36.61925], [-6.35239, 36.61827], [-6.35326, 36.61813], [-6.35134, 36.61674], [-6.35152, 36.61512], [-6.35357, 36.61825], [-6.35265, 36.61536], [-6.35641, 36.61537], [-6.35216, 36.61371], [-6.35824, 36.61529], [-6.38661, 36.62798], [-6.39434, 36.63438], [-6.39332, 36.64468], [-6.39845, 36.65837], [-6.4048, 36.66276], [-6.42189, 36.68882]]]}}, {"type": "Feature", "properties": {"ine_code": "11031", "name": "San Fernando", "province": "Cádiz"}, "geometry": {"type": "MultiPolygon", "coordinates": [[[[-6.2148, 36.38321], [-6.21565, 36.3839], [-6.21545, 36.38396], [-6.2148, 36.38321]]], [[[-6.21976, 36.38308], [-6.22, 36.3854], [-6.22064, 36.38686], [-6.21937, 36.38545], [-6.21976, 36.38308]]], [[[-6.22534, 36.39617], [-6.21978, 36.37895], [-6.22126, 36.38025], [-6.22534, 36.39617]]], [[[-6.22159, 36.38836], [-6.22091, 36.38773], [-6.22106, 36.38754], [-6.22159, 36.38836]]], [[[-6.2426, 36.44378], [-6.23039, 36.44874], [-6.22667, 36.46649], [-6.21243, 36.47016], [-6.21319, 36.48123], [-6.2069, 36.48019], [-6.20113, 36.4854], [-6.19367, 36.48674], [-6.19073, 36.49243], [-6.19261, 36.49833], [-6.18089, 36.5077], [-6.17911, 36.5001], [-6.16847, 36.49437], [-6.18945, 36.46318], [-6.17339, 36.44715], [-6.18343, 36.44267], [-6.18593, 36.43436], [-6.20297, 36.44069], [-6.212, 36.42586], [-6.2135, 36.4109], [-6.20849, 36.39993], [-6.21132, 36.38743], [-6.21875, 36.39255], [-6.21817, 36.3997], [-6.22296, 36.41287], [-6.2344, 36.43627], [-6.2426, 36.44378]]]]}}, {"type": "Feature", "properties": {"ine_code": "11032", "name": "Sanlúcar de Barrameda", "province": "Cádiz"}, "geometry": {"type": "Polygon", "coordinates": [[[-6.39656, 36.76254], [-6.36362, 36.78275], [-6.36519, 36.78972], [-6.34103, 36.79964], [-6.34141, 36.80917], [-6.35457, 36.82994], [-6.35559, 36.84623], [-6.34587, 36.88978], [-6.33698, 36.89909], [-6.29905, 36.90638], [-6.28383, 36.88061], [-6.28424, 36.86195], [-6.28074, 36.85694], [-6.25788, 36.84601], [-6.24185, 36.85215], [-6.21894, 36.84929], [-6.20377, 36.82921], [-6.22566, 36.82033], [-6.23273, 36.81091], [-6.23871, 36.79232], [-6.24404, 36.78817], [-6.27127, 36.79118], [-6.27022, 36.78217], [-6.29505, 36.7509], [-6.29419, 36.74276], [-6.30449, 36.7289], [-6.30612, 36.7216], [-6.30341, 36.71869], [-6.31652, 36.71282], [-6.32363, 36.70286], [-6.3431, 36.71186], [-6.36786, 36.72858], [-6.3787, 36.74933], [-6.39656, 36.76254]]]}}, {"type": "Feature", "properties": {"ine_code": "11033", "name": "San Roque", "province": "Cádiz"}, "geometry": {"type": "MultiPolygon", "coordinates": [[[[-5.29382, 36.24528], [-5.29542, 36.24552], [-5.29309, 36.2455], [-5.29382, 36.24528]]], [[[-5.43838, 36.23771], [-5.42552, 36.24844], [-5.41134, 36.25006], [-5.40322, 36.267], [-5.38528, 36.2808], [-5.36628, 36.2845], [-5.35943, 36.29334], [-5.36072, 36.31037], [-5.35362, 36.31718], [-5.35332, 36.31941], [-5.35531, 36.32057], [-5.35524, 36.32341], [-5.35066, 36.32234], [-5.34041, 36.32845], [-5.33483, 36.32724], [-5.33308, 36.33066], [-5.32921, 36.32506], [-5.32008, 36.32507], [-5.28246, 36.33773], [-5.27586, 36.33593], [-5.26785, 36.32418], [-5.2595, 36.32235], [-5.25235, 36.31122], [-5.26905, 36.29911], [-5.26971, 36.28586], [-5.26976, 36.29023], [-5.27287, 36.28937], [-5.27336, 36.29184], [-5.27506, 36.28932], [-5.2739, 36.292], [-5.27841, 36.28716], [-5.28305, 36.28851], [-5.28034, 36.28598], [-5.27567, 36.28874], [-5.2717, 36.2889], [-5.27064, 36.28814], [-5.27993, 36.28029], [-5.29879, 36.24397], [-5.30538, 36.24386], [-5.31069, 36.23831], [-5.32405, 36.24539], [-5.33857, 36.24608], [-5.34588, 36.23545], [-5.34606, 36.22654], [-5.36096, 36.21461], [-5.35918, 36.17937], [-5.36668, 36.17759], [-5.36535, 36.17356], [-5.37432, 36.16378], [-5.38201, 36.1694], [-5.37709, 36.17056], [-5.38348, 36.17436], [-5.37997, 36.17534], [-5.38326, 36.1794], [-5.3984, 36.18061], [-5.39803, 36.17716], [-5.39383, 36.17745], [-5.4041, 36.17587], [-5.39818, 36.17718], [-5.39872, 36.18052], [-5.41494, 36.18019], [-5.42476, 36.1944], [-5.42362, 36.20083], [-5.43533, 36.21329], [-5.43901, 36.2251], [-5.43838, 36.23771]]]]}}, {"type": "Feature", "properties": {"ine_code": "11034", "name": "Setenil de las Bodegas", "province": "Cádiz"}, "geometry": {"type": "Polygon", "coordinates": [[[-5.2693, 36.884], [-5.24739, 36.89193], [-5.22477, 36.89247], [-5.2161, 36.89604], [-5.21007, 36.90358], [-5.20459, 36.92401], [-5.20062, 36.92841], [-5.19648, 36.91924], [-5.19431, 36.89405], [-5.18608, 36.88697], [-5.16513, 36.88585], [-5.14716, 36.89797], [-5.12889, 36.9059], [-5.11663, 36.90764], [-5.11382, 36.90989], [-5.11624, 36.91506], [-5.11426, 36.9174], [-5.10859, 36.91109], [-5.09187, 36.92062], [-5.09315, 36.91195], [-5.08679, 36.90501], [-5.10565, 36.89779], [-5.10275, 36.89136], [-5.11103, 36.8882], [-5.11341, 36.87356], [-5.11777, 36.87091], [-5.12183, 36.85789], [-5.13478, 36.83854], [-5.16909, 36.82436], [-5.17806, 36.82953], [-5.18696, 36.82901], [-5.19988, 36.83753], [-5.22185, 36.84249], [-5.22513, 36.85633], [-5.23173, 36.86154], [-5.2418, 36.86171], [-5.26589, 36.87543], [-5.2693, 36.884]]]}}, {"type": "Feature", "properties": {"ine_code": "11035", "name": "Tarifa", "province": "Cádiz"}, "geometry": {"type": "Polygon", "coordinates": [[[-5.84171, 36.1266], [-5.82436, 36.16497], [-5.80107, 36.18978], [-5.79065, 36.21229], [-5.78228, 36.22006], [-5.78949, 36.2351], [-5.79155, 36.25205], [-5.76747, 36.26477], [-5.74967, 36.25716], [-5.70448, 36.22245], [-5.68647, 36.2062], [-5.68109, 36.19711], [-5.67065, 36.1975], [-5.65854, 36.206], [-5.63843, 36.18969], [-5.62845, 36.1918], [-5.62385, 36.18305], [-5.60692, 36.17487], [-5.61002, 36.16842], [-5.60811, 36.1634], [-5.59869, 36.15695], [-5.59736, 36.1522], [-5.60051, 36.12303], [-5.57566, 36.11148], [-5.5613, 36.11138], [-5.53576, 36.10554], [-5.52204, 36.09372], [-5.51869, 36.0868], [-5.51992, 36.08124], [-5.51076, 36.06835], [-5.51261, 36.06522], [-5.50674, 36.06373], [-5.49502, 36.05019], [-5.51692, 36.0373], [-5.53878, 36.03166], [-5.57419, 36.01505], [-5.5996, 36.01177], [-5.60106, 36.00797], [-5.60339, 36.00642], [-5.60192, 36.01008], [-5.60562, 36.0103], [-5.60257, 36.00848], [-5.6073, 36.00786], [-5.60928, 36.0053], [-5.60619, 36.00351], [-5.61026, 36.00028], [-5.61265, 36.00389], [-5.60839, 36.00718], [-5.6123, 36.01453], [-5.62978, 36.03509], [-5.65025, 36.05202], [-5.67057, 36.05778], [-5.68929, 36.06736], [-5.70873, 36.05895], [-5.72382, 36.06006], [-5.73119, 36.06603], [-5.75015, 36.07079], [-5.77634, 36.08776], [-5.78355, 36.0877], [-5.78856, 36.08072], [-5.79697, 36.07813], [-5.80631, 36.08938], [-5.81317, 36.08881], [-5.81839, 36.10081], [-5.82575, 36.10229], [-5.84171, 36.1266]]]}}, {"type": "Feature", "properties": {"ine_code": "11036", "name": "Torre Alháquime", "province": "Cádiz"}, "geometry": {"type": "Polygon", "coordinates": [[[-5.20062, 36.92841], [-5.20459, 36.92401], [-5.21007, 36.90358], [-5.2161, 36.89604], [-5.22477, 36.89247], [-5.24739, 36.89193], [-5.2693, 36.884], [-5.26386, 36.89384], [-5.25562, 36.8996], [-5.2522, 36.91686], [-5.24489, 36.92427], [-5.21806, 36.93562], [-5.20722, 36.92887], [-5.20062, 36.92841]]]}}, {"type": "Feature", "properties": {"ine_code": "11037", "name": "Trebujena", "province": "Cádiz"}, "geometry": {"type": "Polygon", "coordinates": [[[-6.20377, 36.82921], [-6.21894, 36.84929], [-6.24185, 36.85215], [-6.25788, 36.84601], [-6.28074, 36.85694], [-6.28424, 36.86195], [-6.28383, 36.88061], [-6.29905, 36.90638], [-6.27529, 36.91093], [-6.26132, 36.8957], [-6.25136, 36.89244], [-6.23099, 36.89811], [-6.20868, 36.89343], [-6.18716, 36.89359], [-6.1555, 36.88538], [-6.12199, 36.86379], [-6.13364, 36.85223], [-6.15491, 36.8524], [-6.19546, 36.83607], [-6.20377, 36.82921]]]}}, {"type": "Feature", "properties": {"ine_code": "11038", "name": "Ubrique", "province": "Cádiz"}, "geometry": {"type": "Polygon", "coordinates": [[[-5.54047, 36.67042], [-5.5329, 36.67838], [-5.53434, 36.68891], [-5.52966, 36.68911], [-5.52914, 36.69419], [-5.51768, 36.69778], [-5.49394, 36.69919], [-5.48531, 36.68217], [-5.47341, 36.68021], [-5.47071, 36.6844], [-5.4551, 36.6919], [-5.43775, 36.69348], [-5.43929, 36.68892], [-5.43631, 36.68346], [-5.42416, 36.68079], [-5.42226, 36.6741], [-5.40888, 36.66171], [-5.40712, 36.65528], [-5.39692, 36.65316], [-5.40515, 36.6456], [-5.39803, 36.63971], [-5.39602, 36.63002], [-5.41277, 36.62138], [-5.43386, 36.6182], [-5.4385, 36.61417], [-5.44437, 36.6156], [-5.46444, 36.62166], [-5.46929, 36.6278], [-5.4873, 36.63637], [-5.49109, 36.64327], [-5.51195, 36.65608], [-5.53296, 36.66085], [-5.53267, 36.66511], [-5.54047, 36.67042]]]}}, {"type": "Feature", "properties": {"ine_code": "11039", "name": "Vejer de la Frontera", "province": "Cádiz"}, "geometry": {"type": "Polygon", "coordinates": [[[-6.07914, 36.24392], [-6.07331, 36.25195], [-6.06644, 36.25044], [-6.06035, 36.25251], [-6.05655, 36.25635], [-6.05778, 36.25875], [-6.05069, 36.25957], [-6.05604, 36.28361], [-6.03886, 36.29844], [-6.03864, 36.30284], [-6.02109, 36.31521], [-6.01253, 36.3122], [-6.01046, 36.3178], [-5.99901, 36.3145], [-5.99504, 36.31938], [-5.98922, 36.32061], [-5.99576, 36.34377], [-6.00458, 36.34636], [-5.99926, 36.36825], [-5.99194, 36.37445], [-5.98378, 36.37595], [-5.9132, 36.35419], [-5.87658, 36.335], [-5.79197, 36.25273], [-5.78949, 36.2351], [-5.78228, 36.22006], [-5.78632, 36.21632], [-5.83019, 36.2406], [-5.87244, 36.23967], [-5.88869, 36.24322], [-5.89071, 36.23306], [-5.92415, 36.24494], [-5.92868, 36.23713], [-5.93434, 36.23866], [-5.93734, 36.23221], [-5.94574, 36.22742], [-5.93823, 36.22113], [-5.94057, 36.21979], [-5.94675, 36.21902], [-5.94896, 36.22469], [-5.96022, 36.22463], [-5.97478, 36.23248], [-5.98321, 36.22901], [-5.99514, 36.21783], [-6.01576, 36.21486], [-6.0188, 36.21074], [-6.03015, 36.21265], [-6.03468, 36.20808], [-6.04308, 36.20965], [-6.05457, 36.20551], [-6.07914, 36.24392]]]}}, {"type": "Feature", "properties": {"ine_code": "11040", "name": "Villaluenga del Rosario", "province": "Cádiz"}, "geometry": {"type": "Polygon", "coordinates": [[[-5.40266, 36.65636], [-5.39479, 36.6658], [-5.41207, 36.68892], [-5.39483, 36.70484], [-5.39585, 36.70978], [-5.38924, 36.71636], [-5.38867, 36.71965], [-5.39257, 36.72174], [-5.38837, 36.72728], [-5.39138, 36.73342], [-5.36935, 36.73265], [-5.36317, 36.7241], [-5.35313, 36.73012], [-5.34432, 36.72056], [-5.33449, 36.72934], [-5.32463, 36.72401], [-5.32313, 36.71873], [-5.32762, 36.69489], [-5.32159, 36.69444], [-5.31871, 36.69048], [-5.3304, 36.67932], [-5.32403, 36.67334], [-5.33382, 36.67239], [-5.34335, 36.65992], [-5.38317, 36.63093], [-5.39858, 36.62897], [-5.39602, 36.63002], [-5.39647, 36.63581], [-5.40515, 36.6456], [-5.39692, 36.65316], [-5.40266, 36.65636]]]}}, {"type": "Feature", "properties": {"ine_code": "11041", "name": "Villamartín", "province": "Cádiz"}, "geometry": {"type": "Polygon", "coordinates": [[[-5.73631, 36.91822], [-5.72638, 36.92156], [-5.71701, 36.91952], [-5.7032, 36.9256], [-5.69618, 36.93528], [-5.69461, 36.95678], [-5.66795, 36.97595], [-5.64967, 36.95432], [-5.63283, 36.9506], [-5.62614, 36.95444], [-5.61809, 36.94016], [-5.61025, 36.94142], [-5.60628, 36.95079], [-5.59492, 36.94467], [-5.58711, 36.94701], [-5.5834, 36.91509], [-5.53355, 36.89345], [-5.53446, 36.88497], [-5.52919, 36.87792], [-5.52744, 36.86728], [-5.52897, 36.84133], [-5.52454, 36.83694], [-5.55816, 36.82052], [-5.5527, 36.80715], [-5.5546, 36.79437], [-5.55863, 36.79177], [-5.56353, 36.79387], [-5.56803, 36.79127], [-5.56693, 36.78877], [-5.5776, 36.78992], [-5.58255, 36.7872], [-5.59999, 36.76261], [-5.6425, 36.78916], [-5.6413, 36.80244], [-5.65919, 36.83054], [-5.6675, 36.85158], [-5.66273, 36.866], [-5.67412, 36.88184], [-5.7052, 36.90345], [-5.73631, 36.91822]]]}}, {"type": "Feature", "properties": {"ine_code": "11042", "name": "Zahara", "province": "Cádiz"}, "geometry": {"type": "Polygon", "coordinates": [[[-5.52454, 36.83694], [-5.51639, 36.84219], [-5.51759, 36.85252], [-5.50999, 36.85558], [-5.47363, 36.85695], [-5.4581, 36.85517], [-5.45233, 36.85026], [-5.44405, 36.85368], [-5.43365, 36.85312], [-5.42283, 36.86018], [-5.40164, 36.85646], [-5.39317, 36.85841], [-5.36646, 36.83925], [-5.36479, 36.83144], [-5.37432, 36.82076], [-5.37306, 36.81149], [-5.38141, 36.80788], [-5.40734, 36.80358], [-5.46023, 36.80637], [-5.50151, 36.79478], [-5.50081, 36.80532], [-5.51517, 36.82829], [-5.52454, 36.83694]]]}}, {"type": "Feature", "properties": {"ine_code": "11901", "name": "Benalup-Casas Viejas", "province": "Cádiz"}, "geometry": {"type": "Polygon", "coordinates": [[[-5.70657, 36.33942], [-5.71134, 36.32389], [-5.70622, 36.31571], [-5.70651, 36.30363], [-5.71745, 36.29957], [-5.7223, 36.30623], [-5.73074, 36.30902], [-5.74257, 36.30179], [-5.7443, 36.3043], [-5.75044, 36.30024], [-5.75602, 36.30292], [-5.75582, 36.29925], [-5.75208, 36.29759], [-5.75692, 36.29449], [-5.7525, 36.29287], [-5.75344, 36.29254], [-5.7581, 36.29377], [-5.76236, 36.30059], [-5.77078, 36.30136], [-5.77474, 36.30486], [-5.77613, 36.29949], [-5.7968, 36.29462], [-5.79854, 36.30889], [-5.80437, 36.32129], [-5.8028, 36.32935], [-5.81084, 36.33225], [-5.81866, 36.32685], [-5.83535, 36.32515], [-5.84075, 36.33297], [-5.83508, 36.3368], [-5.84333, 36.35163], [-5.83701, 36.36889], [-5.81282, 36.3673], [-5.8104, 36.37251], [-5.80502, 36.37225], [-5.79203, 36.3609], [-5.79202, 36.35656], [-5.78771, 36.35798], [-5.78707, 36.35182], [-5.7853, 36.35508], [-5.77991, 36.35277], [-5.77422, 36.35682], [-5.754, 36.34641], [-5.70657, 36.33942]]]}}, {"type": "Feature", "properties": {"ine_code": "11902", "name": "San José del Valle", "province": "Cádiz"}, "geometry": {"type": "Polygon", "coordinates": [[[-5.53874, 36.66919], [-5.5463, 36.66218], [-5.5625, 36.66022], [-5.56249, 36.65566], [-5.57042, 36.64409], [-5.58105, 36.64766], [-5.59193, 36.64495], [-5.59064, 36.64195], [-5.59893, 36.63733], [-5.60591, 36.62572], [-5.60338, 36.62282], [-5.62498, 36.6245], [-5.66333, 36.59876], [-5.66784, 36.59965], [-5.65991, 36.57358], [-5.6614, 36.56493], [-5.66931, 36.55241], [-5.67857, 36.55324], [-5.68114, 36.56246], [-5.69067, 36.56281], [-5.68961, 36.56771], [-5.69473, 36.57545], [-5.70771, 36.57207], [-5.70512, 36.56689], [-5.71374, 36.56994], [-5.71564, 36.56534], [-5.72323, 36.56639], [-5.7318, 36.57243], [-5.72635, 36.57839], [-5.72838, 36.58417], [-5.75004, 36.57449], [-5.76244, 36.56484], [-5.76838, 36.56688], [-5.78556, 36.55984], [-5.79712, 36.54984], [-5.79939, 36.55265], [-5.81056, 36.55128], [-5.82082, 36.55393], [-5.85461, 36.5503], [-5.86962, 36.55251], [-5.86237, 36.57015], [-5.85475, 36.57986], [-5.85209, 36.59129], [-5.85836, 36.64725], [-5.8544, 36.66955], [-5.83002, 36.67101], [-5.78338, 36.66725], [-5.77983, 36.67018], [-5.77462, 36.66245], [-5.76938, 36.665], [-5.76338, 36.66021], [-5.76599, 36.65295], [-5.75299, 36.65982], [-5.74984, 36.65511], [-5.73994, 36.65938], [-5.74088, 36.6514], [-5.73208, 36.6521], [-5.72685, 36.64677], [-5.71958, 36.65126], [-5.71289, 36.64467], [-5.70759, 36.6521], [-5.71037, 36.65579], [-5.70129, 36.66111], [-5.68845, 36.65631], [-5.68287, 36.64703], [-5.6811, 36.65113], [-5.67357, 36.65106], [-5.66928, 36.64684], [-5.67289, 36.64265], [-5.66026, 36.63619], [-5.65903, 36.62987], [-5.65368, 36.62883], [-5.65239, 36.62378], [-5.63995, 36.62708], [-5.64128, 36.62913], [-5.63501, 36.63256], [-5.63057, 36.64141], [-5.6206, 36.63635], [-5.61355, 36.63923], [-5.61799, 36.64314], [-5.61693, 36.64819], [-5.60502, 36.65993], [-5.61146, 36.66845], [-5.60315, 36.67646], [-5.59939, 36.68516], [-5.58989, 36.69057], [-5.58237, 36.68984], [-5.57394, 36.6841], [-5.54867, 36.67934], [-5.53874, 36.66919]]]}}, {"type": "Feature", "properties": {"ine_code": "11903", "name": "San Martín del Tesorillo", "province": "Cádiz"}, "geometry": {"type": "Polygon", "coordinates": [[[-5.40628, 36.34377], [-5.40797, 36.35972], [-5.41419, 36.3704], [-5.40818, 36.37299], [-5.40772, 36.37718], [-5.41617, 36.3824], [-5.40938, 36.38607], [-5.39414, 36.37689], [-5.37411, 36.37615], [-5.37189, 36.38229], [-5.36526, 36.38332], [-5.36632, 36.38973], [-5.35904, 36.39554], [-5.36, 36.40442], [-5.35515, 36.40436], [-5.35364, 36.40019], [-5.34411, 36.41229], [-5.33497, 36.39487], [-5.33512, 36.37052], [-5.32131, 36.3465], [-5.31516, 36.34334], [-5.323, 36.33217], [-5.32008, 36.32507], [-5.32921, 36.32506], [-5.33308, 36.33066], [-5.33483, 36.32724], [-5.34041, 36.32845], [-5.355, 36.32219], [-5.36452, 36.32674], [-5.36676, 36.33225], [-5.37831, 36.32944], [-5.3849, 36.33319], [-5.38976, 36.33054], [-5.40628, 36.34377]]]}}, {"type": "Feature", "properties": {"ine_code": "14001", "name": "Adamuz", "province": "Córdoba"}, "geometry": {"type": "Polygon", "coordinates": [[[-4.68016, 38.08855], [-4.67153, 38.08943], [-4.66299, 38.10072], [-4.6585, 38.10099], [-4.66025, 38.10437], [-4.65353, 38.11453], [-4.64345, 38.11515], [-4.63552, 38.12092], [-4.63638, 38.13428], [-4.63195, 38.14553], [-4.6365, 38.16178], [-4.63378, 38.16686], [-4.63763, 38.17485], [-4.62543, 38.1843], [-4.63767, 38.19156], [-4.64208, 38.19825], [-4.63246, 38.19948], [-4.61908, 38.21157], [-4.60728, 38.20738], [-4.56712, 38.21992], [-4.5538, 38.2401], [-4.54494, 38.23307], [-4.53491, 38.212], [-4.5234, 38.20277], [-4.52166, 38.17545], [-4.51197, 38.1596], [-4.52702, 38.14034], [-4.54032, 38.13807], [-4.53991, 38.12765], [-4.5269, 38.1188], [-4.51845, 38.11919], [-4.50405, 38.11292], [-4.49614, 38.10633], [-4.49332, 38.09566], [-4.48674, 38.09297], [-4.48066, 38.08393], [-4.47433, 38.06491], [-4.46795, 38.06133], [-4.46123, 38.05035], [-4.45821, 38.01618], [-4.45203, 38.00897], [-4.44446, 38.00748], [-4.44208, 38.00402], [-4.44391, 37.9821], [-4.45003, 37.97842], [-4.45816, 37.9911], [-4.46571, 37.99558], [-4.48264, 37.99041], [-4.49104, 37.99162], [-4.49654, 37.9849], [-4.50646, 37.98366], [-4.51439, 37.98927], [-4.52098, 37.98958], [-4.52453, 37.98589], [-4.54032, 37.99021], [-4.55269, 37.98753], [-4.58289, 38.0063], [-4.59483, 37.99993], [-4.60241, 38.00265], [-4.62234, 38.01953], [-4.6335, 38.02372], [-4.64829, 38.02229], [-4.65474, 38.03116], [-4.66456, 38.03051], [-4.67095, 38.02609], [-4.66857, 38.03252], [-4.6745, 38.04126], [-4.66845, 38.04718], [-4.68194, 38.04894], [-4.68084, 38.05892], [-4.68614, 38.05995], [-4.68887, 38.074], [-4.68016, 38.08855]]]}}, {"type": "Feature", "properties": {"ine_code": "14002", "name": "Aguilar de la Frontera", "province": "Córdoba"}, "geometry": {"type": "Polygon", "coordinates": [[[-4.7919, 37.48236], [-4.7831, 37.48428], [-4.78564, 37.49284], [-4.78151, 37.4995], [-4.77402, 37.49387], [-4.77263, 37.49842], [-4.76212, 37.50164], [-4.76372, 37.5044], [-4.74582, 37.502], [-4.73004, 37.50914], [-4.72145, 37.51871], [-4.72835, 37.521], [-4.72487, 37.53121], [-4.7169, 37.53106], [-4.71166, 37.535], [-4.70363, 37.52439], [-4.69079, 37.5207], [-4.6835, 37.52203], [-4.67743, 37.53623], [-4.67322, 37.52832], [-4.66691, 37.53163], [-4.67142, 37.53664], [-4.66877, 37.53864], [-4.66579, 37.53539], [-4.66732, 37.53764], [-4.66513, 37.53652], [-4.66439, 37.54061], [-4.65883, 37.53994], [-4.65677, 37.53327], [-4.65193, 37.53752], [-4.64639, 37.53362], [-4.64317, 37.53604], [-4.63818, 37.53379], [-4.63692, 37.53638], [-4.62745, 37.5332], [-4.62579, 37.53587], [-4.61282, 37.52562], [-4.60886, 37.52736], [-4.59593, 37.5188], [-4.59471, 37.51506], [-4.60048, 37.51231], [-4.60142, 37.5017], [-4.62051, 37.4862], [-4.59493, 37.46068], [-4.59343, 37.45438], [-4.60527, 37.45432], [-4.60487, 37.45991], [-4.60914, 37.45922], [-4.60943, 37.4653], [-4.61964, 37.46425], [-4.61557, 37.45066], [-4.61938, 37.44473], [-4.62593, 37.44658], [-4.62627, 37.45064], [-4.63097, 37.44722], [-4.62641, 37.4451], [-4.62805, 37.4432], [-4.63418, 37.44208], [-4.63255, 37.43626], [-4.65763, 37.42344], [-4.65393, 37.4006], [-4.65892, 37.38817], [-4.66317, 37.38674], [-4.65852, 37.38322], [-4.65406, 37.38188], [-4.64946, 37.39271], [-4.62908, 37.40485], [-4.63832, 37.38408], [-4.64222, 37.35768], [-4.66407, 37.32536], [-4.66603, 37.32409], [-4.66806, 37.3236], [-4.66872, 37.32677], [-4.67914, 37.32941], [-4.67802, 37.33238], [-4.67143, 37.33245], [-4.67204, 37.33561], [-4.68001, 37.33678], [-4.6826, 37.33114], [-4.68682, 37.33123], [-4.68472, 37.34072], [-4.69434, 37.34272], [-4.69634, 37.34722], [-4.70431, 37.34736], [-4.68632, 37.3522], [-4.68047, 37.36015], [-4.68155, 37.36699], [-4.67675, 37.37522], [-4.67716, 37.38613], [-4.68298, 37.39523], [-4.68326, 37.41316], [-4.69205, 37.42659], [-4.6899, 37.43311], [-4.69355, 37.43823], [-4.70391, 37.43461], [-4.70665, 37.43907], [-4.70221, 37.4529], [-4.71701, 37.45177], [-4.71735, 37.45676], [-4.72241, 37.46122], [-4.72875, 37.45731], [-4.73455, 37.46106], [-4.74205, 37.45822], [-4.74256, 37.46469], [-4.7514, 37.46873], [-4.78718, 37.46409], [-4.79515, 37.46968], [-4.79383, 37.47186], [-4.79853, 37.47297], [-4.7919, 37.48236]]]}}, {"type": "Feature", "properties": {"ine_code": "14003", "name": "Alcaracejos", "province": "Córdoba"}, "geometry": {"type": "Polygon", "coordinates": [[[-4.99834, 38.27092], [-4.97243, 38.27732], [-4.98049, 38.30267], [-4.97704, 38.33479], [-4.98159, 38.34776], [-4.97544, 38.37438], [-4.97775, 38.38433], [-4.97538, 38.41633], [-4.95058, 38.42883], [-4.94038, 38.42508], [-4.92794, 38.41457], [-4.91851, 38.41257], [-4.92419, 38.39385], [-4.93269, 38.38346], [-4.91115, 38.38058], [-4.92608, 38.35657], [-4.90928, 38.34415], [-4.90919, 38.34045], [-4.897, 38.33018], [-4.89557, 38.32567], [-4.90119, 38.32205], [-4.89742, 38.31509], [-4.89411, 38.31643], [-4.89233, 38.31211], [-4.89778, 38.31112], [-4.89146, 38.30575], [-4.89971, 38.30171], [-4.8928, 38.29706], [-4.89873, 38.29135], [-4.88951, 38.29472], [-4.88601, 38.28856], [-4.87645, 38.29448], [-4.88044, 38.28592], [-4.87685, 38.26894], [-4.87967, 38.26322], [-4.87876, 38.25523], [-4.88143, 38.25491], [-4.87779, 38.25254], [-4.88029, 38.24949], [-4.87795, 38.24446], [-4.88346, 38.24131], [-4.87665, 38.23807], [-4.88816, 38.2335], [-4.89012, 38.22683], [-4.8881, 38.21712], [-4.89071, 38.21583], [-4.88171, 38.2065], [-4.88485, 38.20211], [-4.88401, 38.19645], [-4.88736, 38.19468], [-4.88242, 38.18994], [-4.88348, 38.18559], [-4.89937, 38.17658], [-4.90978, 38.18489], [-4.91861, 38.18257], [-4.92382, 38.18714], [-4.93308, 38.18674], [-4.93843, 38.20008], [-4.97497, 38.22317], [-4.98215, 38.23936], [-4.98562, 38.24071], [-4.98876, 38.25247], [-4.98638, 38.25887], [-4.99834, 38.27092]]]}}, {"type": "Feature", "properties": {"ine_code": "14004", "name": "Almedinilla", "province": "Córdoba"}, "geometry": {"type": "Polygon", "coordinates": [[[-4.00082, 37.40209], [-4.01746, 37.40133], [-4.03158, 37.40628], [-4.05373, 37.40256], [-4.08594, 37.40375], [-4.09823, 37.40012], [-4.10635, 37.4111], [-4.11435, 37.43549], [-4.11031, 37.43648], [-4.1131, 37.44241], [-4.10416, 37.45107], [-4.10261, 37.4658], [-4.09857, 37.47151], [-4.09486, 37.47148], [-4.10243, 37.47734], [-4.10304, 37.48371], [-4.0896, 37.48193], [-4.08589, 37.48631], [-4.07274, 37.47334], [-4.04814, 37.46797], [-4.03187, 37.44246], [-4.02902, 37.44219], [-4.01888, 37.41973], [-4.00082, 37.40209]]]}}, {"type": "Feature", "properties": {"ine_code": "14005", "name": "Almodóvar del Río", "province": "Córdoba"}, "geometry": {"type": "MultiPolygon", "coordinates": [[[[-5.03906, 37.75714], [-5.0514, 37.75857], [-5.05773, 37.76809], [-5.04002, 37.77315], [-5.03906, 37.75714]]], [[[-5.10369, 37.92145], [-5.08817, 37.93276], [-5.05364, 37.92717], [-5.02487, 37.92712], [-4.9986, 37.90983], [-4.99002, 37.89769], [-4.96659, 37.88455], [-4.94454, 37.86075], [-4.94366, 37.84952], [-4.93846, 37.84447], [-4.93935, 37.83789], [-4.94627, 37.83297], [-4.94511, 37.82855], [-4.93121, 37.79976], [-4.92307, 37.79972], [-4.91937, 37.79579], [-4.92699, 37.78329], [-4.94002, 37.78257], [-4.94516, 37.77678], [-4.95756, 37.77746], [-4.9759, 37.78682], [-4.99153, 37.78606], [-4.9878, 37.77158], [-4.99166, 37.7686], [-4.99395, 37.75993], [-5.02517, 37.73863], [-5.02896, 37.75934], [-5.03272, 37.75732], [-5.03585, 37.76173], [-5.03033, 37.76937], [-5.03816, 37.78236], [-5.03648, 37.78577], [-5.04305, 37.78999], [-5.04367, 37.78585], [-5.05112, 37.78079], [-5.06488, 37.78226], [-5.07103, 37.77853], [-5.06872, 37.79625], [-5.07263, 37.79672], [-5.07162, 37.80269], [-5.06149, 37.8245], [-5.06552, 37.84673], [-5.06329, 37.85254], [-5.06766, 37.86239], [-5.06702, 37.91254], [-5.07369, 37.92034], [-5.10369, 37.92145]]]]}}, {"type": "Feature", "properties": {"ine_code": "14006", "name": "Añora", "province": "Córdoba"}, "geometry": {"type": "Polygon", "coordinates": [[[-4.92776, 38.4156], [-4.91807, 38.42637], [-4.91115, 38.42411], [-4.90803, 38.42717], [-4.90801, 38.42379], [-4.8953, 38.4341], [-4.89816, 38.42476], [-4.8946, 38.42386], [-4.8931, 38.42723], [-4.88905, 38.42166], [-4.88508, 38.42722], [-4.88154, 38.4274], [-4.87976, 38.41904], [-4.86899, 38.41907], [-4.86433, 38.42312], [-4.8585, 38.42043], [-4.85715, 38.41605], [-4.86139, 38.40811], [-4.86679, 38.40725], [-4.85832, 38.39344], [-4.86715, 38.3952], [-4.87383, 38.38829], [-4.8868, 38.38526], [-4.88188, 38.37485], [-4.87131, 38.36824], [-4.86248, 38.34572], [-4.83183, 38.33004], [-4.83148, 38.31893], [-4.82508, 38.3119], [-4.82463, 38.30616], [-4.80864, 38.27788], [-4.8105, 38.27039], [-4.80628, 38.266], [-4.80386, 38.2542], [-4.80959, 38.24694], [-4.80492, 38.23777], [-4.81362, 38.22224], [-4.8177, 38.22066], [-4.82024, 38.21186], [-4.8279, 38.21747], [-4.82259, 38.22061], [-4.82175, 38.22575], [-4.84007, 38.2312], [-4.84521, 38.22889], [-4.8459, 38.23441], [-4.84192, 38.23774], [-4.84639, 38.24273], [-4.83841, 38.24887], [-4.84174, 38.2528], [-4.84793, 38.24743], [-4.85218, 38.24777], [-4.85865, 38.25468], [-4.86901, 38.24804], [-4.87718, 38.25145], [-4.87825, 38.24537], [-4.88029, 38.2496], [-4.87779, 38.25254], [-4.88143, 38.25491], [-4.87876, 38.25523], [-4.87967, 38.26322], [-4.87685, 38.26894], [-4.8805, 38.28523], [-4.87645, 38.29448], [-4.88601, 38.28856], [-4.88944, 38.2947], [-4.8988, 38.2915], [-4.8928, 38.29706], [-4.89971, 38.30171], [-4.89146, 38.30575], [-4.89778, 38.31112], [-4.89233, 38.31211], [-4.89411, 38.31643], [-4.89742, 38.31509], [-4.90119, 38.32205], [-4.89557, 38.32567], [-4.897, 38.33018], [-4.90919, 38.34045], [-4.90928, 38.34415], [-4.92608, 38.35657], [-4.91115, 38.38058], [-4.93269, 38.38346], [-4.92419, 38.39385], [-4.91851, 38.41257], [-4.92776, 38.4156]]]}}, {"type": "Feature", "properties": {"ine_code": "14007", "name": "Baena", "province": "Córdoba"}, "geometry": {"type": "Polygon", "coordinates": [[[-4.38861, 37.53876], [-4.4061, 37.5548], [-4.41274, 37.55589], [-4.41069, 37.56385], [-4.40248, 37.57183], [-4.40319, 37.57764], [-4.38921, 37.58417], [-4.39785, 37.58965], [-4.40827, 37.59036], [-4.41851, 37.60038], [-4.42721, 37.61827], [-4.42438, 37.62279], [-4.42529, 37.63002], [-4.40154, 37.64718], [-4.39699, 37.6653], [-4.40683, 37.6772], [-4.39745, 37.68956], [-4.39297, 37.68942], [-4.39039, 37.6935], [-4.39621, 37.69488], [-4.39782, 37.70613], [-4.3888, 37.71832], [-4.38742, 37.72964], [-4.37626, 37.74562], [-4.37705, 37.7578], [-4.38317, 37.7614], [-4.38352, 37.76611], [-4.37415, 37.76593], [-4.35919, 37.78536], [-4.35114, 37.78486], [-4.32324, 37.80837], [-4.30453, 37.81883], [-4.28454, 37.81846], [-4.28657, 37.79618], [-4.27931, 37.79406], [-4.26662, 37.77984], [-4.26399, 37.7735], [-4.26645, 37.77319], [-4.26663, 37.76874], [-4.25743, 37.75937], [-4.25485, 37.74955], [-4.23665, 37.73858], [-4.24032, 37.72636], [-4.23822, 37.71946], [-4.18273, 37.706], [-4.18007, 37.69902], [-4.16437, 37.68151], [-4.18765, 37.67003], [-4.2142, 37.6472], [-4.22787, 37.63978], [-4.21876, 37.62689], [-4.22426, 37.62715], [-4.24929, 37.61557], [-4.25147, 37.60938], [-4.25733, 37.60531], [-4.29271, 37.59224], [-4.29979, 37.58098], [-4.31061, 37.57345], [-4.34278, 37.56658], [-4.34991, 37.562], [-4.35502, 37.56321], [-4.35931, 37.56923], [-4.3584, 37.57889], [-4.37302, 37.57671], [-4.38755, 37.57933], [-4.38288, 37.57029], [-4.38445, 37.55996], [-4.38017, 37.555], [-4.38857, 37.54641], [-4.38861, 37.53876]]]}}, {"type": "Feature", "properties": {"ine_code": "14008", "name": "Belalcázar", "province": "Córdoba"}, "geometry": {"type": "Polygon", "coordinates": [[[-5.36969, 38.57934], [-5.37175, 38.58357], [-5.36899, 38.58492], [-5.35658, 38.58548], [-5.33573, 38.5785], [-5.32382, 38.58056], [-5.30851, 38.57762], [-5.30592, 38.582], [-5.31023, 38.59358], [-5.30063, 38.59905], [-5.29224, 38.61081], [-5.27831, 38.6126], [-5.26803, 38.62263], [-5.25443, 38.62573], [-5.254, 38.63319], [-5.2447, 38.63233], [-5.24746, 38.63984], [-5.23911, 38.63675], [-5.23563, 38.64303], [-5.22291, 38.64835], [-5.22377, 38.65671], [-5.21954, 38.65603], [-5.21474, 38.64857], [-5.20848, 38.6677], [-5.20416, 38.6661], [-5.19878, 38.65634], [-5.1973, 38.66719], [-5.18659, 38.65951], [-5.18039, 38.66342], [-5.17942, 38.66639], [-5.18753, 38.6707], [-5.18278, 38.67613], [-5.15809, 38.6757], [-5.14893, 38.67852], [-5.13451, 38.67392], [-5.1022, 38.68631], [-5.10077, 38.67393], [-5.05033, 38.67344], [-5.02987, 38.65693], [-5.01988, 38.64141], [-5.02132, 38.63588], [-5.05593, 38.62011], [-5.07524, 38.61509], [-5.07874, 38.60935], [-5.07376, 38.60677], [-5.06187, 38.6084], [-5.0531, 38.59479], [-5.04225, 38.59488], [-5.03072, 38.58919], [-5.02316, 38.56558], [-5.00882, 38.5506], [-5.01222, 38.54602], [-5.00851, 38.54116], [-5.01024, 38.53661], [-5.00357, 38.53043], [-5.00644, 38.52528], [-5.00643, 38.50167], [-5.01586, 38.49592], [-5.01424, 38.49272], [-5.04507, 38.49843], [-5.07939, 38.5095], [-5.07866, 38.52039], [-5.08939, 38.53211], [-5.10307, 38.52818], [-5.10412, 38.53263], [-5.11813, 38.53086], [-5.11948, 38.53563], [-5.13509, 38.53775], [-5.1626, 38.53511], [-5.16721, 38.51976], [-5.17359, 38.52303], [-5.18183, 38.52095], [-5.21154, 38.52433], [-5.22526, 38.53561], [-5.22405, 38.54246], [-5.23218, 38.54469], [-5.26519, 38.53935], [-5.28392, 38.54248], [-5.32727, 38.57172], [-5.33941, 38.57519], [-5.35237, 38.56946], [-5.35622, 38.57433], [-5.36969, 38.57934]]]}}, {"type": "Feature", "properties": {"ine_code": "14009", "name": "Belmez", "province": "Córdoba"}, "geometry": {"type": "Polygon", "coordinates": [[[-5.2676, 38.18754], [-5.29156, 38.19725], [-5.29078, 38.21068], [-5.29999, 38.2259], [-5.30336, 38.25134], [-5.29801, 38.26144], [-5.26998, 38.25106], [-5.27082, 38.25847], [-5.26013, 38.26403], [-5.25221, 38.27334], [-5.2394, 38.30143], [-5.22799, 38.29694], [-5.2162, 38.31316], [-5.21526, 38.32353], [-5.21023, 38.32977], [-5.22557, 38.33534], [-5.22511, 38.33902], [-5.20348, 38.33628], [-5.20196, 38.34446], [-5.18969, 38.34426], [-5.19749, 38.32619], [-5.16825, 38.31812], [-5.16239, 38.3413], [-5.11712, 38.33493], [-5.09788, 38.32364], [-5.08873, 38.31073], [-5.05204, 38.2834], [-5.08686, 38.25352], [-5.09848, 38.25002], [-5.10375, 38.24246], [-5.12278, 38.23651], [-5.13548, 38.22868], [-5.18022, 38.21817], [-5.19905, 38.20855], [-5.21949, 38.20406], [-5.25247, 38.18595], [-5.2676, 38.18754]]]}}, {"type": "Feature", "properties": {"ine_code": "14010", "name": "Benamejí", "province": "Córdoba"}, "geometry": {"type": "Polygon", "coordinates": [[[-4.50895, 37.22189], [-4.53947, 37.21131], [-4.53969, 37.21514], [-4.54472, 37.21739], [-4.56026, 37.21933], [-4.56957, 37.21664], [-4.57025, 37.21104], [-4.57543, 37.20926], [-4.60166, 37.20945], [-4.60323, 37.2135], [-4.59488, 37.22336], [-4.56868, 37.23203], [-4.56413, 37.24969], [-4.57221, 37.25069], [-4.57102, 37.25287], [-4.58114, 37.25742], [-4.57967, 37.26052], [-4.58213, 37.26235], [-4.57702, 37.2797], [-4.55642, 37.2897], [-4.53744, 37.28926], [-4.52255, 37.2819], [-4.49215, 37.25101], [-4.49401, 37.24515], [-4.49108, 37.24347], [-4.48895, 37.23293], [-4.49228, 37.22698], [-4.49942, 37.22343], [-4.49935, 37.23035], [-4.50895, 37.22189]]]}}, {"type": "Feature", "properties": {"ine_code": "14011", "name": "Los Blázquez", "province": "Córdoba"}, "geometry": {"type": "Polygon", "coordinates": [[[-5.52316, 38.45903], [-5.52002, 38.46317], [-5.51281, 38.46386], [-5.5058, 38.45686], [-5.49616, 38.45851], [-5.4913, 38.46643], [-5.4846, 38.46295], [-5.47952, 38.48425], [-5.46851, 38.48491], [-5.45874, 38.494], [-5.45761, 38.49924], [-5.44763, 38.49908], [-5.44777, 38.48284], [-5.40364, 38.43389], [-5.39322, 38.40115], [-5.38272, 38.39226], [-5.37596, 38.39149], [-5.41197, 38.36821], [-5.4254, 38.36571], [-5.44129, 38.37001], [-5.45433, 38.37833], [-5.49233, 38.38949], [-5.51366, 38.41009], [-5.51396, 38.42468], [-5.52316, 38.45903]]]}}, {"type": "Feature", "properties": {"ine_code": "14012", "name": "Bujalance", "province": "Córdoba"}, "geometry": {"type": "Polygon", "coordinates": [[[-4.47042, 37.9456], [-4.46272, 37.94845], [-4.42468, 37.94901], [-4.40434, 37.9568], [-4.38885, 37.94363], [-4.37822, 37.93915], [-4.36656, 37.94814], [-4.36004, 37.94129], [-4.35076, 37.94532], [-4.3451, 37.95739], [-4.33598, 37.95747], [-4.32899, 37.96754], [-4.32469, 37.96413], [-4.32616, 37.95857], [-4.31402, 37.95298], [-4.31373, 37.95883], [-4.30336, 37.96802], [-4.29642, 37.96208], [-4.27499, 37.96274], [-4.26906, 37.96552], [-4.2675, 37.97244], [-4.26399, 37.96729], [-4.26598, 37.96416], [-4.25991, 37.95776], [-4.25805, 37.93932], [-4.25887, 37.93478], [-4.2697, 37.9279], [-4.2766, 37.92855], [-4.28437, 37.92211], [-4.28399, 37.91699], [-4.29969, 37.91481], [-4.30451, 37.9194], [-4.31948, 37.92141], [-4.32784, 37.89659], [-4.36091, 37.89464], [-4.37103, 37.86555], [-4.41492, 37.84418], [-4.46215, 37.90159], [-4.44843, 37.90155], [-4.44209, 37.91102], [-4.44635, 37.91408], [-4.44447, 37.91955], [-4.45135, 37.92266], [-4.4516, 37.92914], [-4.46568, 37.93582], [-4.46056, 37.94254], [-4.47042, 37.9456]]]}}, {"type": "Feature", "properties": {"ine_code": "14013", "name": "Cabra", "province": "Córdoba"}, "geometry": {"type": "Polygon", "coordinates": [[[-4.55726, 37.51975], [-4.54303, 37.53362], [-4.53323, 37.55133], [-4.52939, 37.55355], [-4.5262, 37.54651], [-4.51745, 37.54678], [-4.50308, 37.56915], [-4.4763, 37.56266], [-4.46472, 37.56488], [-4.4542, 37.55934], [-4.42425, 37.55283], [-4.4061, 37.5548], [-4.37482, 37.5248], [-4.38121, 37.52158], [-4.37741, 37.51474], [-4.35547, 37.49207], [-4.34959, 37.49121], [-4.35446, 37.4834], [-4.35098, 37.4661], [-4.35317, 37.44568], [-4.34785, 37.4209], [-4.34084, 37.40963], [-4.37079, 37.40679], [-4.39503, 37.4166], [-4.40707, 37.41684], [-4.42192, 37.4112], [-4.437, 37.42081], [-4.45481, 37.43807], [-4.4795, 37.44627], [-4.51275, 37.45026], [-4.55531, 37.465], [-4.56126, 37.47199], [-4.56778, 37.47116], [-4.5629, 37.47358], [-4.55885, 37.50187], [-4.56042, 37.51247], [-4.55726, 37.51975]]]}}, {"type": "Feature", "properties": {"ine_code": "14014", "name": "Cañete de las Torres", "province": "Córdoba"}, "geometry": {"type": "Polygon", "coordinates": [[[-4.40962, 37.77568], [-4.39628, 37.77889], [-4.39771, 37.79721], [-4.3943, 37.80021], [-4.40238, 37.82465], [-4.39126, 37.82152], [-4.38667, 37.81629], [-4.35963, 37.81736], [-4.35952, 37.82965], [-4.35328, 37.8348], [-4.35143, 37.8426], [-4.36008, 37.84519], [-4.36024, 37.84824], [-4.35348, 37.85969], [-4.37103, 37.86555], [-4.36091, 37.89464], [-4.3281, 37.8964], [-4.31948, 37.92141], [-4.30451, 37.9194], [-4.29969, 37.91481], [-4.29119, 37.91508], [-4.28942, 37.91765], [-4.28399, 37.91699], [-4.28437, 37.92211], [-4.2766, 37.92855], [-4.2697, 37.9279], [-4.25887, 37.93478], [-4.26239, 37.91508], [-4.26488, 37.91076], [-4.27287, 37.9103], [-4.27095, 37.90546], [-4.27481, 37.90279], [-4.27331, 37.89669], [-4.27992, 37.87651], [-4.2781, 37.85056], [-4.28454, 37.81846], [-4.30124, 37.82011], [-4.31861, 37.81133], [-4.34613, 37.79154], [-4.35114, 37.78486], [-4.35919, 37.78536], [-4.37468, 37.76565], [-4.39295, 37.76679], [-4.40123, 37.76326], [-4.40962, 37.77568]]]}}, {"type": "Feature", "properties": {"ine_code": "14015", "name": "Carcabuey", "province": "Córdoba"}, "geometry": {"type": "Polygon", "coordinates": [[[-4.34959, 37.49121], [-4.32974, 37.4895], [-4.31774, 37.4942], [-4.27288, 37.48501], [-4.26283, 37.48598], [-4.25707, 37.47293], [-4.24596, 37.46101], [-4.24174, 37.43795], [-4.25387, 37.43378], [-4.25324, 37.43056], [-4.27278, 37.41148], [-4.28596, 37.40616], [-4.29023, 37.41714], [-4.30574, 37.40164], [-4.32603, 37.38957], [-4.34785, 37.4209], [-4.35205, 37.43649], [-4.35369, 37.45765], [-4.35098, 37.4661], [-4.35446, 37.4834], [-4.34959, 37.49121]]]}}, {"type": "Feature", "properties": {"ine_code": "14016", "name": "Cardeña", "province": "Córdoba"}, "geometry": {"type": "Polygon", "coordinates": [[[-4.54494, 38.23307], [-4.56107, 38.24638], [-4.55963, 38.26337], [-4.55062, 38.26721], [-4.54989, 38.281], [-4.54399, 38.29218], [-4.53509, 38.29875], [-4.53582, 38.30154], [-4.52356, 38.30825], [-4.51858, 38.32345], [-4.51916, 38.33528], [-4.50587, 38.33291], [-4.49534, 38.33687], [-4.4841, 38.35302], [-4.47663, 38.35291], [-4.47304, 38.36249], [-4.46359, 38.36798], [-4.46019, 38.37711], [-4.45541, 38.37983], [-4.45432, 38.39489], [-4.4482, 38.40164], [-4.43917, 38.4026], [-4.4278, 38.39634], [-4.41832, 38.39577], [-4.4062, 38.38297], [-4.39064, 38.38619], [-4.33442, 38.36621], [-4.33219, 38.36119], [-4.32111, 38.36284], [-4.31812, 38.35743], [-4.31052, 38.35792], [-4.30918, 38.35361], [-4.29545, 38.35101], [-4.28707, 38.34253], [-4.27486, 38.34763], [-4.2751, 38.3504], [-4.2717, 38.34622], [-4.26662, 38.34709], [-4.26359, 38.34239], [-4.25673, 38.34293], [-4.25644, 38.33915], [-4.24756, 38.34175], [-4.24025, 38.33786], [-4.23788, 38.34], [-4.23549, 38.33426], [-4.24013, 38.33193], [-4.23841, 38.32628], [-4.23467, 38.32807], [-4.23284, 38.3249], [-4.23818, 38.32297], [-4.23447, 38.31584], [-4.23828, 38.31595], [-4.2379, 38.31301], [-4.23146, 38.31268], [-4.22708, 38.30787], [-4.22832, 38.30042], [-4.21997, 38.29793], [-4.21592, 38.30345], [-4.21021, 38.30066], [-4.21457, 38.2698], [-4.20816, 38.26677], [-4.21526, 38.25518], [-4.21605, 38.24668], [-4.20276, 38.24629], [-4.19429, 38.23222], [-4.20197, 38.22044], [-4.19946, 38.21271], [-4.20758, 38.2064], [-4.20686, 38.2021], [-4.21892, 38.20129], [-4.2336, 38.18314], [-4.23914, 38.18486], [-4.24878, 38.17654], [-4.26667, 38.17519], [-4.27267, 38.17667], [-4.27826, 38.18485], [-4.28687, 38.18238], [-4.30421, 38.19637], [-4.31038, 38.19077], [-4.3012, 38.18303], [-4.30087, 38.17161], [-4.29775, 38.16663], [-4.3271, 38.18211], [-4.33845, 38.18426], [-4.34389, 38.18152], [-4.34985, 38.18486], [-4.35724, 38.17582], [-4.35677, 38.16545], [-4.36198, 38.15797], [-4.37174, 38.16439], [-4.37356, 38.15996], [-4.3809, 38.16417], [-4.38238, 38.17733], [-4.40229, 38.16045], [-4.41636, 38.16163], [-4.40914, 38.16908], [-4.40543, 38.18147], [-4.41765, 38.1881], [-4.41732, 38.19297], [-4.42499, 38.19498], [-4.4261, 38.20233], [-4.43359, 38.20865], [-4.42787, 38.2132], [-4.43105, 38.21746], [-4.44379, 38.21993], [-4.44789, 38.22989], [-4.46807, 38.24246], [-4.48214, 38.23658], [-4.48722, 38.24137], [-4.50775, 38.24828], [-4.51187, 38.25339], [-4.52232, 38.24414], [-4.53103, 38.24525], [-4.53141, 38.23992], [-4.53557, 38.23966], [-4.53694, 38.23391], [-4.54448, 38.22895], [-4.54494, 38.23307]]]}}, {"type": "Feature", "properties": {"ine_code": "14017", "name": "La Carlota", "province": "Córdoba"}, "geometry": {"type": "Polygon", "coordinates": [[[-4.93173, 37.61659], [-4.94105, 37.62075], [-4.94343, 37.61696], [-4.95716, 37.61321], [-4.96015, 37.60876], [-4.96623, 37.61055], [-4.97477, 37.5989], [-4.96918, 37.61237], [-4.96621, 37.61064], [-4.95852, 37.62173], [-4.9544, 37.65254], [-4.97198, 37.67286], [-4.98414, 37.67812], [-4.98777, 37.69042], [-4.99159, 37.69286], [-4.98984, 37.69463], [-4.99779, 37.70069], [-5.00112, 37.70785], [-5.01724, 37.71099], [-5.01671, 37.71186], [-4.99864, 37.70873], [-4.9827, 37.71906], [-4.9791, 37.71271], [-4.95979, 37.72056], [-4.96116, 37.7291], [-4.95426, 37.72281], [-4.9426, 37.71978], [-4.91399, 37.70436], [-4.9007, 37.71841], [-4.89036, 37.71982], [-4.86582, 37.71328], [-4.86491, 37.70696], [-4.87973, 37.69924], [-4.87856, 37.69469], [-4.88209, 37.69021], [-4.87882, 37.68865], [-4.8817, 37.68843], [-4.87505, 37.68329], [-4.88031, 37.66885], [-4.88652, 37.66209], [-4.88989, 37.64907], [-4.90016, 37.64676], [-4.9145, 37.63536], [-4.92612, 37.6308], [-4.93341, 37.63953], [-4.93173, 37.61659]]]}}, {"type": "Feature", "properties": {"ine_code": "14018", "name": "El Carpio", "province": "Córdoba"}, "geometry": {"type": "Polygon", "coordinates": [[[-4.52453, 37.98589], [-4.52098, 37.98958], [-4.5133, 37.98906], [-4.50179, 37.97778], [-4.4809, 37.97078], [-4.47299, 37.96449], [-4.46879, 37.95804], [-4.47105, 37.9459], [-4.46056, 37.94254], [-4.46568, 37.93582], [-4.4516, 37.92914], [-4.45135, 37.92266], [-4.44447, 37.91955], [-4.44635, 37.91408], [-4.44209, 37.91102], [-4.44843, 37.90155], [-4.46359, 37.9015], [-4.46393, 37.89341], [-4.48956, 37.90006], [-4.51532, 37.89703], [-4.5233, 37.9133], [-4.51908, 37.9167], [-4.5203, 37.92037], [-4.52414, 37.91891], [-4.52531, 37.92716], [-4.51783, 37.93259], [-4.51977, 37.94877], [-4.52269, 37.94835], [-4.52612, 37.96321], [-4.51317, 37.96536], [-4.51187, 37.97383], [-4.51574, 37.98175], [-4.52453, 37.98589]]]}}, {"type": "Feature", "properties": {"ine_code": "14019", "name": "Castro del Río", "province": "Córdoba"}, "geometry": {"type": "Polygon", "coordinates": [[[-4.5262, 37.54651], [-4.52875, 37.56105], [-4.56995, 37.5861], [-4.57644, 37.60161], [-4.59401, 37.61103], [-4.59339, 37.6227], [-4.59017, 37.62466], [-4.56808, 37.61434], [-4.55988, 37.61769], [-4.53505, 37.64646], [-4.5344, 37.66421], [-4.51235, 37.67797], [-4.5148, 37.68935], [-4.51004, 37.69418], [-4.51011, 37.69875], [-4.51476, 37.70073], [-4.50904, 37.70319], [-4.51925, 37.70591], [-4.51479, 37.70987], [-4.51728, 37.71131], [-4.51285, 37.71548], [-4.51446, 37.71913], [-4.51684, 37.72181], [-4.51803, 37.71882], [-4.53148, 37.72055], [-4.54489, 37.71368], [-4.5578, 37.73238], [-4.54163, 37.7515], [-4.53372, 37.75133], [-4.51687, 37.76049], [-4.47162, 37.76106], [-4.45025, 37.76911], [-4.43813, 37.76884], [-4.42283, 37.78443], [-4.41672, 37.77558], [-4.40773, 37.77378], [-4.40302, 37.76381], [-4.38352, 37.76611], [-4.38317, 37.7614], [-4.37705, 37.7578], [-4.37626, 37.74562], [-4.38742, 37.72964], [-4.3888, 37.71832], [-4.39782, 37.70613], [-4.39621, 37.69488], [-4.39017, 37.69531], [-4.39297, 37.68942], [-4.39745, 37.68956], [-4.42033, 37.6607], [-4.44481, 37.64519], [-4.4529, 37.6327], [-4.47116, 37.62014], [-4.4832, 37.61591], [-4.50827, 37.59766], [-4.51304, 37.58269], [-4.50241, 37.57341], [-4.50308, 37.56915], [-4.51745, 37.54678], [-4.5262, 37.54651]]]}}, {"type": "Feature", "properties": {"ine_code": "14020", "name": "Conquista", "province": "Córdoba"}, "geometry": {"type": "Polygon", "coordinates": [[[-4.53785, 38.40398], [-4.52735, 38.41523], [-4.5216, 38.43005], [-4.51228, 38.43738], [-4.50322, 38.45077], [-4.49534, 38.44132], [-4.48772, 38.44111], [-4.48267, 38.43292], [-4.47125, 38.42613], [-4.4623, 38.41124], [-4.44855, 38.40006], [-4.45481, 38.39408], [-4.45541, 38.37983], [-4.46019, 38.37711], [-4.46359, 38.36798], [-4.47088, 38.3643], [-4.4838, 38.37421], [-4.49828, 38.3778], [-4.50098, 38.38263], [-4.51709, 38.38836], [-4.53785, 38.40398]]]}}, {"type": "Feature", "properties": {"ine_code": "14021", "name": "Córdoba", "province": "Córdoba"}, "geometry": {"type": "Polygon", "coordinates": [[[-4.9986, 37.90983], [-4.99609, 37.91815], [-4.99028, 37.9223], [-4.98675, 37.93685], [-4.97835, 37.94631], [-4.97179, 37.9463], [-4.9576, 37.95728], [-4.94338, 37.95954], [-4.92485, 37.96792], [-4.89985, 37.96704], [-4.88535, 37.97016], [-4.85157, 37.9885], [-4.8471, 37.9865], [-4.83809, 37.98935], [-4.82205, 37.98568], [-4.81522, 37.98917], [-4.81775, 38.00103], [-4.80978, 38.00454], [-4.80351, 38.00238], [-4.79855, 38.00458], [-4.80265, 38.01151], [-4.79935, 38.01167], [-4.79831, 38.01956], [-4.80057, 38.02124], [-4.79749, 38.02239], [-4.78747, 38.01902], [-4.78328, 38.01148], [-4.7785, 38.01156], [-4.76766, 38.00237], [-4.72861, 37.99576], [-4.70689, 37.98427], [-4.66628, 37.97398], [-4.65514, 37.98194], [-4.65251, 37.9882], [-4.65577, 37.99262], [-4.66485, 37.99278], [-4.67576, 37.986], [-4.67925, 37.9874], [-4.6708, 37.99513], [-4.67098, 38.00317], [-4.67592, 38.01307], [-4.66652, 38.02291], [-4.67095, 38.02609], [-4.66456, 38.03051], [-4.65474, 38.03116], [-4.64829, 38.02229], [-4.64378, 38.02457], [-4.62843, 38.02239], [-4.59483, 37.99993], [-4.59736, 37.9911], [-4.60104, 37.98922], [-4.59864, 37.9841], [-4.60148, 37.97923], [-4.60136, 37.95603], [-4.58964, 37.95463], [-4.57113, 37.94325], [-4.5858, 37.93845], [-4.578, 37.93141], [-4.58057, 37.91112], [-4.5847, 37.90736], [-4.5365, 37.91011], [-4.53403, 37.90413], [-4.52259, 37.90164], [-4.51705, 37.89615], [-4.51153, 37.89934], [-4.50318, 37.89671], [-4.48956, 37.90006], [-4.46393, 37.89341], [-4.46215, 37.90159], [-4.41492, 37.84418], [-4.37103, 37.86555], [-4.35371, 37.86028], [-4.36008, 37.84519], [-4.35143, 37.8426], [-4.35328, 37.8348], [-4.35952, 37.82965], [-4.35963, 37.81736], [-4.38667, 37.81629], [-4.39126, 37.82152], [-4.40238, 37.82465], [-4.3943, 37.80021], [-4.39763, 37.79793], [-4.39716, 37.77729], [-4.41672, 37.77558], [-4.42283, 37.78443], [-4.43813, 37.76884], [-4.45025, 37.76911], [-4.47162, 37.76106], [-4.51687, 37.76049], [-4.53372, 37.75133], [-4.54163, 37.7515], [-4.55794, 37.73131], [-4.54579, 37.71516], [-4.55735, 37.71261], [-4.56448, 37.70745], [-4.56224, 37.7025], [-4.57261, 37.68784], [-4.57669, 37.6882], [-4.57752, 37.69319], [-4.58721, 37.69474], [-4.59003, 37.68979], [-4.58908, 37.68216], [-4.60433, 37.679], [-4.60591, 37.68286], [-4.62085, 37.69053], [-4.62162, 37.68457], [-4.62794, 37.67687], [-4.64542, 37.67603], [-4.65523, 37.66563], [-4.66722, 37.68205], [-4.67002, 37.68937], [-4.66847, 37.69949], [-4.6897, 37.6948], [-4.69229, 37.69061], [-4.6958, 37.69249], [-4.69844, 37.69678], [-4.69213, 37.70073], [-4.70386, 37.69948], [-4.70083, 37.70958], [-4.70348, 37.7085], [-4.71421, 37.71796], [-4.71168, 37.71935], [-4.71917, 37.73313], [-4.71617, 37.74027], [-4.72907, 37.74484], [-4.74109, 37.74316], [-4.74017, 37.73877], [-4.74388, 37.73461], [-4.75162, 37.73445], [-4.75359, 37.73752], [-4.76066, 37.73541], [-4.7669, 37.72848], [-4.77653, 37.72776], [-4.77939, 37.7231], [-4.78658, 37.72393], [-4.78665, 37.72901], [-4.79289, 37.73096], [-4.79261, 37.72704], [-4.80419, 37.72401], [-4.80868, 37.72795], [-4.81983, 37.726], [-4.81909, 37.72986], [-4.8313, 37.72821], [-4.83743, 37.73215], [-4.85332, 37.73274], [-4.85928, 37.71959], [-4.866, 37.71345], [-4.89036, 37.71982], [-4.90623, 37.71645], [-4.91268, 37.72401], [-4.92032, 37.72314], [-4.92617, 37.72933], [-4.93996, 37.7334], [-4.90329, 37.76374], [-4.90646, 37.7637], [-4.91008, 37.77604], [-4.89269, 37.77715], [-4.87814, 37.77436], [-4.88041, 37.79508], [-4.87513, 37.80313], [-4.87786, 37.80406], [-4.88407, 37.79755], [-4.91412, 37.79378], [-4.92307, 37.79972], [-4.93121, 37.79976], [-4.94627, 37.8325], [-4.93935, 37.83789], [-4.93846, 37.84447], [-4.94366, 37.84952], [-4.94454, 37.86075], [-4.96659, 37.88455], [-4.99002, 37.89769], [-4.9986, 37.90983]]]}}, {"type": "Feature", "properties": {"ine_code": "14022", "name": "Doña Mencía", "province": "Córdoba"}, "geometry": {"type": "Polygon", "coordinates": [[[-4.38861, 37.53876], [-4.38857, 37.54641], [-4.38017, 37.555], [-4.38445, 37.55996], [-4.38288, 37.57029], [-4.38755, 37.57933], [-4.37302, 37.57671], [-4.35699, 37.57822], [-4.35931, 37.56923], [-4.35502, 37.56321], [-4.34991, 37.562], [-4.34602, 37.55409], [-4.352, 37.54613], [-4.35308, 37.53599], [-4.37482, 37.5248], [-4.38861, 37.53876]]]}}, {"type": "Feature", "properties": {"ine_code": "14023", "name": "Dos Torres", "province": "Córdoba"}, "geometry": {"type": "Polygon", "coordinates": [[[-4.92776, 38.4156], [-4.94038, 38.42508], [-4.95207, 38.42877], [-4.94797, 38.43317], [-4.95118, 38.47368], [-4.93118, 38.46883], [-4.90853, 38.48571], [-4.89854, 38.48083], [-4.89865, 38.50204], [-4.89569, 38.50849], [-4.88183, 38.49594], [-4.87679, 38.50351], [-4.86521, 38.50288], [-4.84981, 38.52091], [-4.8399, 38.51368], [-4.83566, 38.51501], [-4.83122, 38.52436], [-4.81635, 38.54045], [-4.83296, 38.54291], [-4.81982, 38.55465], [-4.81582, 38.54944], [-4.80247, 38.54719], [-4.79815, 38.55204], [-4.79641, 38.5667], [-4.77923, 38.56284], [-4.78251, 38.57327], [-4.77599, 38.57865], [-4.76381, 38.56513], [-4.75225, 38.56061], [-4.7386, 38.57639], [-4.73275, 38.57471], [-4.73827, 38.55959], [-4.73783, 38.5522], [-4.74202, 38.54769], [-4.77267, 38.53437], [-4.77694, 38.53976], [-4.78462, 38.53606], [-4.80401, 38.54205], [-4.83525, 38.49988], [-4.8264, 38.48953], [-4.83102, 38.48217], [-4.81659, 38.47516], [-4.8049, 38.48622], [-4.78696, 38.49122], [-4.80897, 38.46413], [-4.82249, 38.45441], [-4.82247, 38.44505], [-4.81621, 38.43664], [-4.81822, 38.42615], [-4.80334, 38.43405], [-4.78828, 38.42416], [-4.7945, 38.41491], [-4.80394, 38.41183], [-4.80828, 38.40691], [-4.80663, 38.39858], [-4.80967, 38.39357], [-4.81428, 38.39032], [-4.8439, 38.40403], [-4.85023, 38.41021], [-4.86139, 38.40811], [-4.85715, 38.41605], [-4.8585, 38.42043], [-4.86362, 38.4229], [-4.87465, 38.41804], [-4.88008, 38.41945], [-4.88138, 38.42737], [-4.88508, 38.42722], [-4.88905, 38.42166], [-4.8931, 38.42723], [-4.8946, 38.42386], [-4.89816, 38.42476], [-4.8953, 38.4341], [-4.90801, 38.42379], [-4.90803, 38.42717], [-4.91115, 38.42411], [-4.91807, 38.42637], [-4.92776, 38.4156]]]}}, {"type": "Feature", "properties": {"ine_code": "14024", "name": "Encinas Reales", "province": "Córdoba"}, "geometry": {"type": "Polygon", "coordinates": [[[-4.52255, 37.2819], [-4.51485, 37.28849], [-4.51357, 37.30662], [-4.50001, 37.30019], [-4.49738, 37.29363], [-4.49281, 37.29507], [-4.48386, 37.29134], [-4.47712, 37.29842], [-4.47396, 37.30979], [-4.45759, 37.29137], [-4.4503, 37.29415], [-4.43608, 37.29237], [-4.42025, 37.29722], [-4.4149, 37.28748], [-4.41897, 37.28022], [-4.42449, 37.27945], [-4.42952, 37.27386], [-4.44445, 37.27796], [-4.4582, 37.25779], [-4.46565, 37.25858], [-4.46605, 37.25582], [-4.46188, 37.25429], [-4.46883, 37.24951], [-4.47705, 37.25736], [-4.48518, 37.25249], [-4.48484, 37.24925], [-4.47739, 37.24535], [-4.4808, 37.23832], [-4.4857, 37.237], [-4.49117, 37.23858], [-4.49408, 37.24564], [-4.49215, 37.25101], [-4.52255, 37.2819]]]}}, {"type": "Feature", "properties": {"ine_code": "14025", "name": "Espejo", "province": "Córdoba"}, "geometry": {"type": "Polygon", "coordinates": [[[-4.60433, 37.679], [-4.58908, 37.68216], [-4.59003, 37.68979], [-4.58721, 37.69474], [-4.57752, 37.69319], [-4.57669, 37.6882], [-4.57261, 37.68784], [-4.56224, 37.7025], [-4.56448, 37.70745], [-4.55735, 37.71261], [-4.54122, 37.71361], [-4.53148, 37.72055], [-4.51803, 37.71882], [-4.51684, 37.72181], [-4.5137, 37.71806], [-4.51728, 37.71131], [-4.51479, 37.70987], [-4.51925, 37.70591], [-4.50904, 37.70319], [-4.51476, 37.70073], [-4.51006, 37.69833], [-4.5148, 37.68935], [-4.51281, 37.67696], [-4.5344, 37.66421], [-4.53505, 37.64646], [-4.55174, 37.62553], [-4.56403, 37.61535], [-4.57252, 37.61566], [-4.59534, 37.62808], [-4.59135, 37.63414], [-4.59808, 37.63913], [-4.59311, 37.64968], [-4.59486, 37.66669], [-4.60433, 37.679]]]}}, {"type": "Feature", "properties": {"ine_code": "14026", "name": "Espiel", "province": "Córdoba"}, "geometry": {"type": "Polygon", "coordinates": [[[-5.2327, 37.97585], [-5.26221, 37.98579], [-5.27101, 37.99256], [-5.28765, 37.99639], [-5.28969, 38.00878], [-5.30406, 38.00932], [-5.31068, 38.01502], [-5.31583, 38.02864], [-5.31396, 38.03512], [-5.31831, 38.04333], [-5.30978, 38.06326], [-5.31781, 38.08037], [-5.29466, 38.10157], [-5.29263, 38.10854], [-5.2784, 38.11863], [-5.26996, 38.10887], [-5.27282, 38.10367], [-5.25767, 38.09861], [-5.25248, 38.09119], [-5.25406, 38.08721], [-5.2495, 38.08417], [-5.2516, 38.08044], [-5.24632, 38.07917], [-5.24566, 38.07171], [-5.24978, 38.07129], [-5.24819, 38.06854], [-5.25508, 38.06376], [-5.24975, 38.06125], [-5.25165, 38.05905], [-5.24804, 38.05494], [-5.24422, 38.05524], [-5.24891, 38.05357], [-5.24631, 38.04669], [-5.22575, 38.05505], [-5.21659, 38.05552], [-5.18925, 38.0452], [-5.19036, 38.04866], [-5.18189, 38.04981], [-5.18121, 38.05344], [-5.1776, 38.04997], [-5.17804, 38.05408], [-5.17004, 38.05482], [-5.17346, 38.05868], [-5.16886, 38.05916], [-5.16909, 38.06216], [-5.16135, 38.05911], [-5.15907, 38.07191], [-5.14297, 38.08839], [-5.14577, 38.09317], [-5.14214, 38.09621], [-5.14264, 38.10445], [-5.13821, 38.10847], [-5.13808, 38.11565], [-5.13162, 38.12797], [-5.12211, 38.13577], [-5.11951, 38.15384], [-5.11106, 38.16789], [-5.10491, 38.19717], [-5.09371, 38.21437], [-5.09676, 38.22987], [-5.10375, 38.24246], [-5.09848, 38.25002], [-5.08686, 38.25352], [-5.05204, 38.2834], [-4.99834, 38.27092], [-4.98918, 38.26279], [-4.9862, 38.25835], [-4.98876, 38.25247], [-4.98562, 38.24071], [-4.98215, 38.23936], [-4.97497, 38.22317], [-4.93843, 38.20008], [-4.93674, 38.19191], [-4.92719, 38.17792], [-4.90565, 38.15852], [-4.90909, 38.15023], [-4.92243, 38.14831], [-4.92873, 38.13582], [-4.91373, 38.12874], [-4.89748, 38.1257], [-4.85156, 38.0771], [-4.86238, 38.07909], [-4.8713, 38.07622], [-4.88635, 38.08212], [-4.90061, 38.08048], [-4.93559, 38.08927], [-4.98136, 38.08708], [-4.99939, 38.08959], [-5.01787, 38.09926], [-5.03803, 38.09899], [-5.04613, 38.08708], [-5.05807, 38.08166], [-5.10243, 38.08069], [-5.10911, 38.07795], [-5.10901, 38.07338], [-5.12663, 38.07213], [-5.12956, 38.06566], [-5.13594, 38.064], [-5.137, 38.04915], [-5.14072, 38.04303], [-5.14456, 38.04036], [-5.15273, 38.04302], [-5.15537, 38.04021], [-5.15206, 38.03664], [-5.15804, 38.03466], [-5.1602, 38.02855], [-5.16975, 38.03351], [-5.17732, 38.02775], [-5.1761, 38.026], [-5.18303, 38.0288], [-5.19351, 38.02364], [-5.20069, 38.02692], [-5.20502, 38.025], [-5.20071, 38.02077], [-5.2151, 38.02135], [-5.22089, 38.01737], [-5.2238, 38.01136], [-5.2223, 38.00672], [-5.2256, 38.00607], [-5.23087, 37.99472], [-5.23759, 37.99714], [-5.23425, 37.99331], [-5.23588, 37.98497], [-5.2327, 37.97585]]]}}, {"type": "Feature", "properties": {"ine_code": "14027", "name": "Fernán-Núñez", "province": "Córdoba"}, "geometry": {"type": "Polygon", "coordinates": [[[-4.70446, 37.66218], [-4.73136, 37.65752], [-4.73322, 37.66137], [-4.74751, 37.66168], [-4.74607, 37.67245], [-4.7697, 37.67858], [-4.77234, 37.68704], [-4.75759, 37.70226], [-4.74117, 37.70646], [-4.74054, 37.71826], [-4.72542, 37.70835], [-4.71144, 37.7166], [-4.70348, 37.7085], [-4.70083, 37.70958], [-4.70386, 37.69948], [-4.69213, 37.70073], [-4.69844, 37.69678], [-4.69165, 37.69002], [-4.70062, 37.68106], [-4.69267, 37.67498], [-4.70446, 37.66218]]]}}, {"type": "Feature", "properties": {"ine_code": "14028", "name": "Fuente la Lancha", "province": "Córdoba"}, "geometry": {"type": "Polygon", "coordinates": [[[-5.03167, 38.42237], [-5.04621, 38.4183], [-5.04446, 38.41378], [-5.03149, 38.40812], [-5.03011, 38.40502], [-5.03331, 38.40075], [-5.0405, 38.39743], [-5.05586, 38.40173], [-5.05156, 38.41554], [-5.06506, 38.42702], [-5.0674, 38.43623], [-5.06115, 38.44181], [-5.05546, 38.43589], [-5.04378, 38.43627], [-5.03167, 38.42237]]]}}, {"type": "Feature", "properties": {"ine_code": "14029", "name": "Fuente Obejuna", "province": "Córdoba"}, "geometry": {"type": "Polygon", "coordinates": [[[-5.5389, 38.16166], [-5.53578, 38.16868], [-5.54042, 38.16998], [-5.53999, 38.18099], [-5.54371, 38.18485], [-5.54034, 38.18503], [-5.53674, 38.19187], [-5.53924, 38.19318], [-5.53871, 38.2006], [-5.52923, 38.20187], [-5.52043, 38.20757], [-5.52434, 38.22261], [-5.52214, 38.23225], [-5.52378, 38.2492], [-5.53004, 38.25519], [-5.52596, 38.26412], [-5.53757, 38.27301], [-5.53745, 38.27951], [-5.54111, 38.27804], [-5.5444, 38.28233], [-5.54171, 38.28593], [-5.55257, 38.30349], [-5.55123, 38.31098], [-5.55553, 38.31773], [-5.57565, 38.32911], [-5.56727, 38.35133], [-5.56691, 38.36255], [-5.55925, 38.36688], [-5.56618, 38.36757], [-5.56316, 38.372], [-5.56678, 38.3772], [-5.57999, 38.38108], [-5.58507, 38.38584], [-5.58449, 38.40028], [-5.56814, 38.43339], [-5.5613, 38.43609], [-5.54643, 38.44999], [-5.52316, 38.45903], [-5.51396, 38.42468], [-5.51366, 38.41009], [-5.49233, 38.38949], [-5.45433, 38.37833], [-5.44129, 38.37001], [-5.40985, 38.35835], [-5.39097, 38.35537], [-5.28801, 38.31985], [-5.2876, 38.28116], [-5.30379, 38.24782], [-5.29999, 38.2259], [-5.29078, 38.21068], [-5.29156, 38.19725], [-5.2676, 38.18754], [-5.27476, 38.1523], [-5.2705, 38.13511], [-5.27669, 38.13004], [-5.27538, 38.12316], [-5.2784, 38.11863], [-5.29235, 38.12989], [-5.3034, 38.1315], [-5.31836, 38.12491], [-5.33475, 38.13226], [-5.35581, 38.12551], [-5.3815, 38.13041], [-5.38542, 38.13362], [-5.40801, 38.13522], [-5.42949, 38.15199], [-5.45131, 38.14578], [-5.46944, 38.14471], [-5.48466, 38.15345], [-5.50027, 38.15365], [-5.52571, 38.16255], [-5.5389, 38.16166]]]}}, {"type": "Feature", "properties": {"ine_code": "14030", "name": "Fuente Palmera", "province": "Córdoba"}, "geometry": {"type": "MultiPolygon", "coordinates": [[[[-5.0845, 37.64652], [-5.05356, 37.64182], [-5.04706, 37.63128], [-5.03084, 37.641], [-5.02581, 37.63447], [-5.02978, 37.63205], [-5.02925, 37.62668], [-5.03376, 37.62112], [-5.02508, 37.59499], [-5.01745, 37.59392], [-5.0183, 37.5923], [-5.02644, 37.59451], [-5.03114, 37.61064], [-5.04809, 37.60819], [-5.04017, 37.62574], [-5.08489, 37.64366], [-5.0845, 37.64652]]], [[[-5.15105, 37.69125], [-5.1298, 37.69866], [-5.11737, 37.69301], [-5.11339, 37.68848], [-5.1125, 37.67995], [-5.1188, 37.67762], [-5.11955, 37.68448], [-5.14394, 37.67853], [-5.15426, 37.68073], [-5.15105, 37.69125]]], [[[-5.11278, 37.70816], [-5.13048, 37.7196], [-5.14288, 37.72323], [-5.14339, 37.74267], [-5.1331, 37.7598], [-5.13317, 37.76753], [-5.13677, 37.7677], [-5.13961, 37.77446], [-5.15707, 37.77657], [-5.15028, 37.78234], [-5.14341, 37.78322], [-5.13155, 37.76796], [-5.11803, 37.76714], [-5.1146, 37.77029], [-5.10379, 37.7598], [-5.09387, 37.75599], [-5.08054, 37.73837], [-5.07189, 37.73577], [-5.06698, 37.74938], [-5.07002, 37.77906], [-5.06488, 37.78226], [-5.05112, 37.78079], [-5.04367, 37.78585], [-5.04305, 37.78999], [-5.03648, 37.78577], [-5.03816, 37.78236], [-5.03033, 37.76937], [-5.03585, 37.76173], [-5.03272, 37.75732], [-5.06785, 37.74196], [-5.06172, 37.72962], [-5.0475, 37.71811], [-5.07297, 37.70769], [-5.07509, 37.70128], [-5.08125, 37.70151], [-5.08936, 37.69508], [-5.08627, 37.68857], [-5.09102, 37.68319], [-5.09137, 37.6773], [-5.08442, 37.67019], [-5.07822, 37.66974], [-5.07757, 37.66503], [-5.07305, 37.66378], [-5.06958, 37.66014], [-5.0827, 37.66083], [-5.09921, 37.6703], [-5.09527, 37.67717], [-5.1087, 37.6995], [-5.11497, 37.70188], [-5.11278, 37.70816]], [[-5.03773, 37.75712], [-5.04002, 37.77315], [-5.05773, 37.76809], [-5.0514, 37.75857], [-5.03773, 37.75712]]]]}}, {"type": "Feature", "properties": {"ine_code": "14031", "name": "Fuente-Tójar", "province": "Córdoba"}, "geometry": {"type": "Polygon", "coordinates": [[[-4.09931, 37.51437], [-4.0923, 37.50719], [-4.09543, 37.50352], [-4.10302, 37.50699], [-4.11204, 37.50148], [-4.13332, 37.49635], [-4.15427, 37.5], [-4.15576, 37.49384], [-4.16283, 37.49214], [-4.16639, 37.5001], [-4.15807, 37.50844], [-4.16229, 37.50949], [-4.16224, 37.51615], [-4.12275, 37.5549], [-4.11978, 37.55303], [-4.12293, 37.55149], [-4.12266, 37.54714], [-4.11419, 37.54761], [-4.11341, 37.53936], [-4.10884, 37.533], [-4.10446, 37.53398], [-4.09868, 37.53047], [-4.09649, 37.51683], [-4.09931, 37.51437]]]}}, {"type": "Feature", "properties": {"ine_code": "14032", "name": "La Granjuela", "province": "Córdoba"}, "geometry": {"type": "Polygon", "coordinates": [[[-5.4254, 38.36571], [-5.41197, 38.36821], [-5.37596, 38.39149], [-5.35345, 38.38827], [-5.3318, 38.39285], [-5.3137, 38.38088], [-5.29913, 38.37926], [-5.28402, 38.36626], [-5.2811, 38.36273], [-5.27702, 38.33657], [-5.28801, 38.31985], [-5.39097, 38.35537], [-5.40985, 38.35835], [-5.4254, 38.36571]]]}}, {"type": "Feature", "properties": {"ine_code": "14033", "name": "Guadalcázar", "province": "Córdoba"}, "geometry": {"type": "Polygon", "coordinates": [[[-4.996, 37.70951], [-5.0475, 37.71811], [-5.06172, 37.72962], [-5.06771, 37.74267], [-5.02896, 37.75934], [-5.02517, 37.73863], [-4.99395, 37.75993], [-4.99166, 37.7686], [-4.9878, 37.77158], [-4.99115, 37.78619], [-4.9759, 37.78682], [-4.95756, 37.77746], [-4.94516, 37.77678], [-4.94002, 37.78257], [-4.92699, 37.78329], [-4.91937, 37.79579], [-4.91412, 37.79378], [-4.88407, 37.79755], [-4.87786, 37.80406], [-4.87513, 37.80313], [-4.88041, 37.79508], [-4.87814, 37.77436], [-4.89269, 37.77715], [-4.91008, 37.77604], [-4.90646, 37.7637], [-4.90329, 37.76374], [-4.9414, 37.73449], [-4.94468, 37.71991], [-4.95426, 37.72281], [-4.9668, 37.73344], [-4.98474, 37.72352], [-4.9827, 37.71906], [-4.996, 37.70951]]]}}, {"type": "Feature", "properties": {"ine_code": "14034", "name": "El Guijo", "province": "Córdoba"}, "geometry": {"type": "Polygon", "coordinates": [[[-4.66748, 38.54687], [-4.69664, 38.51958], [-4.71753, 38.50793], [-4.75063, 38.50277], [-4.76251, 38.49722], [-4.77304, 38.49792], [-4.77945, 38.49334], [-4.80348, 38.48698], [-4.8162, 38.47513], [-4.83102, 38.48217], [-4.8264, 38.48953], [-4.83525, 38.49988], [-4.82958, 38.51059], [-4.82227, 38.5143], [-4.82163, 38.5194], [-4.80616, 38.54047], [-4.78462, 38.53606], [-4.77799, 38.54], [-4.77267, 38.53437], [-4.7433, 38.54708], [-4.73783, 38.5522], [-4.73827, 38.55959], [-4.73275, 38.57471], [-4.70524, 38.5712], [-4.70475, 38.56421], [-4.69962, 38.56082], [-4.70489, 38.55599], [-4.70145, 38.55203], [-4.68742, 38.54772], [-4.66748, 38.54687]]]}}, {"type": "Feature", "properties": {"ine_code": "14035", "name": "Hinojosa del Duque", "province": "Córdoba"}, "geometry": {"type": "Polygon", "coordinates": [[[-5.38468, 38.53921], [-5.38365, 38.54368], [-5.39281, 38.55278], [-5.38339, 38.55738], [-5.38981, 38.56217], [-5.38601, 38.56681], [-5.37569, 38.56826], [-5.36969, 38.57934], [-5.35622, 38.57433], [-5.35237, 38.56946], [-5.33941, 38.57519], [-5.32727, 38.57172], [-5.28392, 38.54248], [-5.26519, 38.53935], [-5.23218, 38.54469], [-5.22405, 38.54246], [-5.22526, 38.53561], [-5.21154, 38.52433], [-5.18183, 38.52095], [-5.17359, 38.52303], [-5.16721, 38.51976], [-5.1626, 38.53511], [-5.13729, 38.53782], [-5.12023, 38.53591], [-5.11813, 38.53086], [-5.10412, 38.53263], [-5.10307, 38.52818], [-5.0885, 38.53172], [-5.07866, 38.52039], [-5.07939, 38.5095], [-5.04507, 38.49843], [-5.01424, 38.49272], [-5.01926, 38.48627], [-5.01721, 38.47983], [-5.00384, 38.47197], [-4.99241, 38.44251], [-4.98718, 38.43896], [-4.98678, 38.43524], [-4.99695, 38.42782], [-5.00839, 38.43291], [-5.01009, 38.42304], [-5.02208, 38.42412], [-5.02678, 38.42171], [-5.03802, 38.4268], [-5.04378, 38.43627], [-5.05546, 38.43589], [-5.06115, 38.44181], [-5.0674, 38.43623], [-5.06506, 38.42702], [-5.05156, 38.41554], [-5.05721, 38.40241], [-5.0405, 38.39743], [-5.04362, 38.39126], [-5.05039, 38.38777], [-5.04484, 38.38405], [-5.04919, 38.37605], [-5.06392, 38.35949], [-5.05724, 38.3536], [-5.04038, 38.34839], [-5.02114, 38.35133], [-5.01548, 38.35038], [-5.01594, 38.34765], [-5.00805, 38.34757], [-5.03691, 38.32166], [-5.04513, 38.31998], [-5.05267, 38.32286], [-5.08401, 38.34073], [-5.09804, 38.35682], [-5.11167, 38.36671], [-5.11442, 38.37429], [-5.10947, 38.393], [-5.11141, 38.39568], [-5.11291, 38.392], [-5.11749, 38.3933], [-5.11758, 38.39], [-5.12668, 38.38503], [-5.13925, 38.38169], [-5.14056, 38.37805], [-5.1516, 38.37723], [-5.15246, 38.36637], [-5.16048, 38.35431], [-5.16239, 38.3413], [-5.1698, 38.34267], [-5.18099, 38.35198], [-5.19333, 38.35648], [-5.22035, 38.35902], [-5.22469, 38.35795], [-5.22567, 38.35245], [-5.28133, 38.36041], [-5.30498, 38.38803], [-5.30859, 38.40934], [-5.31911, 38.42941], [-5.32005, 38.44803], [-5.3461, 38.48752], [-5.35197, 38.50655], [-5.38468, 38.53921]]]}}, {"type": "Feature", "properties": {"ine_code": "14036", "name": "Hornachuelos", "province": "Córdoba"}, "geometry": {"type": "Polygon", "coordinates": [[[-5.58479, 38.13171], [-5.58564, 38.14036], [-5.57399, 38.15066], [-5.5601, 38.14856], [-5.54963, 38.16107], [-5.52571, 38.16255], [-5.50027, 38.15365], [-5.48131, 38.15243], [-5.46944, 38.14471], [-5.45131, 38.14578], [-5.42949, 38.15199], [-5.40801, 38.13522], [-5.38542, 38.13362], [-5.3815, 38.13041], [-5.35676, 38.12562], [-5.34718, 38.12678], [-5.34133, 38.13194], [-5.33475, 38.13226], [-5.31836, 38.12491], [-5.3034, 38.1315], [-5.2932, 38.13012], [-5.2784, 38.11863], [-5.29263, 38.10854], [-5.29466, 38.10157], [-5.31811, 38.07966], [-5.30978, 38.06326], [-5.31831, 38.04333], [-5.31396, 38.03512], [-5.31545, 38.02681], [-5.30909, 38.01321], [-5.30406, 38.00932], [-5.28969, 38.00878], [-5.28765, 37.99639], [-5.27101, 37.99256], [-5.26221, 37.98579], [-5.2327, 37.97585], [-5.17266, 37.97998], [-5.16885, 37.97166], [-5.15194, 37.9664], [-5.15069, 37.96115], [-5.13952, 37.96043], [-5.10995, 37.93603], [-5.10429, 37.92105], [-5.11353, 37.92018], [-5.13802, 37.9079], [-5.15539, 37.90411], [-5.17338, 37.89257], [-5.17957, 37.8748], [-5.17372, 37.86405], [-5.17136, 37.83304], [-5.1769, 37.82751], [-5.17733, 37.81977], [-5.18998, 37.80632], [-5.18529, 37.80137], [-5.18856, 37.79611], [-5.18457, 37.78813], [-5.16534, 37.77362], [-5.15905, 37.77169], [-5.14799, 37.77675], [-5.13913, 37.77423], [-5.13677, 37.7677], [-5.13317, 37.76753], [-5.1331, 37.7598], [-5.1432, 37.74346], [-5.1443, 37.72662], [-5.14288, 37.72323], [-5.13048, 37.7196], [-5.11278, 37.70816], [-5.11497, 37.70188], [-5.13421, 37.69706], [-5.15696, 37.70613], [-5.1919, 37.72424], [-5.20576, 37.7388], [-5.23556, 37.72483], [-5.25993, 37.72597], [-5.27256, 37.74433], [-5.28512, 37.73632], [-5.30772, 37.73689], [-5.31236, 37.7523], [-5.31843, 37.75775], [-5.31464, 37.76489], [-5.30985, 37.76594], [-5.30922, 37.77389], [-5.3282, 37.7783], [-5.33017, 37.78511], [-5.34323, 37.78892], [-5.34905, 37.79404], [-5.34738, 37.81189], [-5.34185, 37.82179], [-5.34515, 37.82692], [-5.33947, 37.83105], [-5.346, 37.83563], [-5.3447, 37.8401], [-5.36051, 37.84343], [-5.36816, 37.84964], [-5.38314, 37.85189], [-5.39555, 37.86177], [-5.40605, 37.86258], [-5.41168, 37.87137], [-5.41628, 37.86964], [-5.41512, 37.8753], [-5.41858, 37.87739], [-5.41564, 37.87911], [-5.41673, 37.88444], [-5.42273, 37.8894], [-5.41498, 37.89775], [-5.41469, 37.90408], [-5.41811, 37.90656], [-5.4189, 37.917], [-5.42315, 37.91709], [-5.41782, 37.92023], [-5.42098, 37.92434], [-5.41706, 37.92732], [-5.42492, 37.9259], [-5.42342, 37.93037], [-5.42189, 37.92799], [-5.41884, 37.93068], [-5.41551, 37.94275], [-5.4348, 37.95453], [-5.43589, 37.95791], [-5.4486, 37.96174], [-5.45288, 37.96731], [-5.46924, 37.97014], [-5.47129, 37.97459], [-5.47558, 37.97524], [-5.478, 37.98357], [-5.49356, 37.99867], [-5.48903, 38.02894], [-5.49513, 38.04184], [-5.52371, 38.06593], [-5.52685, 38.07514], [-5.53958, 38.08215], [-5.53878, 38.09381], [-5.55735, 38.10796], [-5.58168, 38.11547], [-5.58098, 38.12801], [-5.58479, 38.13171]]]}}, {"type": "Feature", "properties": {"ine_code": "14037", "name": "Iznájar", "province": "Córdoba"}, "geometry": {"type": "Polygon", "coordinates": [[[-4.38489, 37.23781], [-4.37744, 37.24177], [-4.37993, 37.24822], [-4.37606, 37.25722], [-4.38026, 37.26024], [-4.37776, 37.2709], [-4.38387, 37.27734], [-4.38289, 37.27976], [-4.36554, 37.28348], [-4.35649, 37.27404], [-4.34725, 37.27387], [-4.3472, 37.28206], [-4.34398, 37.28614], [-4.34669, 37.29], [-4.34508, 37.30921], [-4.33028, 37.31368], [-4.32715, 37.32229], [-4.31221, 37.32892], [-4.3072, 37.3366], [-4.29443, 37.33507], [-4.29086, 37.33172], [-4.27793, 37.34106], [-4.26967, 37.3371], [-4.26893, 37.32907], [-4.26249, 37.32769], [-4.25847, 37.32306], [-4.24827, 37.3267], [-4.24314, 37.32445], [-4.23905, 37.32778], [-4.2352, 37.31192], [-4.23651, 37.29722], [-4.24813, 37.26912], [-4.26325, 37.26038], [-4.25762, 37.2504], [-4.25531, 37.22956], [-4.26345, 37.22749], [-4.28315, 37.20733], [-4.29557, 37.19939], [-4.32063, 37.19175], [-4.32813, 37.18407], [-4.3326, 37.19111], [-4.33182, 37.1951], [-4.32236, 37.20414], [-4.34521, 37.21361], [-4.37201, 37.21539], [-4.38489, 37.23781]]]}}, {"type": "Feature", "properties": {"ine_code": "14038", "name": "Lucena", "province": "Córdoba"}, "geometry": {"type": "Polygon", "coordinates": [[[-4.65335, 37.25583], [-4.65094, 37.25634], [-4.65384, 37.27512], [-4.65766, 37.2752], [-4.66462, 37.28673], [-4.68042, 37.28961], [-4.67562, 37.29097], [-4.67715, 37.29859], [-4.6732, 37.3023], [-4.66999, 37.29724], [-4.66051, 37.29432], [-4.66599, 37.29905], [-4.65759, 37.30585], [-4.66704, 37.31005], [-4.677, 37.30732], [-4.68389, 37.31554], [-4.67871, 37.31832], [-4.68102, 37.32389], [-4.66781, 37.31952], [-4.66806, 37.3236], [-4.6561, 37.33495], [-4.64222, 37.35768], [-4.63832, 37.38408], [-4.62843, 37.40647], [-4.63753, 37.40735], [-4.61412, 37.42886], [-4.60438, 37.43027], [-4.60154, 37.42803], [-4.59831, 37.43208], [-4.55588, 37.4444], [-4.54787, 37.46362], [-4.51275, 37.45026], [-4.4795, 37.44627], [-4.45481, 37.43807], [-4.41983, 37.40916], [-4.42123, 37.38736], [-4.42834, 37.37401], [-4.42092, 37.35439], [-4.41715, 37.32673], [-4.42021, 37.29718], [-4.43608, 37.29237], [-4.4503, 37.29415], [-4.45759, 37.29137], [-4.47396, 37.30979], [-4.47712, 37.29842], [-4.48386, 37.29134], [-4.49281, 37.29507], [-4.49738, 37.29363], [-4.50001, 37.30019], [-4.51357, 37.30662], [-4.51485, 37.28849], [-4.52255, 37.2819], [-4.53744, 37.28926], [-4.55642, 37.2897], [-4.57655, 37.28007], [-4.57912, 37.27569], [-4.58125, 37.27779], [-4.59065, 37.27132], [-4.59093, 37.27744], [-4.594, 37.27165], [-4.59935, 37.27185], [-4.60258, 37.2662], [-4.61787, 37.26379], [-4.61967, 37.26215], [-4.61684, 37.25679], [-4.62049, 37.25431], [-4.63102, 37.25422], [-4.6446, 37.2467], [-4.65335, 37.25583]]]}}, {"type": "Feature", "properties": {"ine_code": "14039", "name": "Luque", "province": "Córdoba"}, "geometry": {"type": "Polygon", "coordinates": [[[-4.32337, 37.57024], [-4.31061, 37.57345], [-4.30117, 37.57961], [-4.29271, 37.59224], [-4.2571, 37.60543], [-4.25147, 37.60938], [-4.24929, 37.61557], [-4.22232, 37.6276], [-4.2187, 37.62695], [-4.22067, 37.61995], [-4.21055, 37.61681], [-4.20767, 37.60985], [-4.20206, 37.61514], [-4.19573, 37.61148], [-4.19524, 37.61535], [-4.18783, 37.61656], [-4.17264, 37.61061], [-4.17234, 37.60649], [-4.16277, 37.59842], [-4.17051, 37.58845], [-4.16195, 37.58859], [-4.16017, 37.58459], [-4.16242, 37.58176], [-4.15832, 37.57973], [-4.1633, 37.56874], [-4.16154, 37.5647], [-4.16844, 37.56567], [-4.16905, 37.56011], [-4.1763, 37.56278], [-4.17473, 37.55938], [-4.1824, 37.55951], [-4.18187, 37.55472], [-4.18708, 37.55282], [-4.17461, 37.54345], [-4.1805, 37.53674], [-4.17988, 37.53275], [-4.17221, 37.52927], [-4.17669, 37.52497], [-4.1743, 37.5231], [-4.1758, 37.5127], [-4.18163, 37.51033], [-4.18711, 37.51316], [-4.18817, 37.50953], [-4.19194, 37.50896], [-4.20219, 37.51585], [-4.25222, 37.50047], [-4.26105, 37.49409], [-4.26283, 37.48598], [-4.27288, 37.48501], [-4.31774, 37.4942], [-4.29785, 37.51437], [-4.29335, 37.5241], [-4.30506, 37.55779], [-4.31815, 37.56066], [-4.32337, 37.57024]]]}}, {"type": "Feature", "properties": {"ine_code": "14040", "name": "Montalbán de Córdoba", "province": "Córdoba"}, "geometry": {"type": "Polygon", "coordinates": [[[-4.78151, 37.4995], [-4.76756, 37.51999], [-4.75756, 37.52809], [-4.75015, 37.55571], [-4.76103, 37.56013], [-4.76617, 37.55844], [-4.77545, 37.56873], [-4.78234, 37.57165], [-4.78117, 37.58779], [-4.75532, 37.59789], [-4.74577, 37.59532], [-4.73444, 37.6014], [-4.72716, 37.59285], [-4.7259, 37.58285], [-4.73205, 37.57732], [-4.73237, 37.56569], [-4.74585, 37.56051], [-4.73148, 37.54414], [-4.73255, 37.53859], [-4.72487, 37.53121], [-4.72823, 37.52075], [-4.72161, 37.51829], [-4.73004, 37.50914], [-4.74156, 37.50292], [-4.76372, 37.5044], [-4.76212, 37.50164], [-4.77263, 37.49842], [-4.77184, 37.49439], [-4.77446, 37.49383], [-4.78151, 37.4995]]]}}, {"type": "Feature", "properties": {"ine_code": "14041", "name": "Montemayor", "province": "Córdoba"}, "geometry": {"type": "Polygon", "coordinates": [[[-4.69416, 37.61407], [-4.70184, 37.62646], [-4.7123, 37.62694], [-4.71265, 37.63685], [-4.72419, 37.65569], [-4.70446, 37.66218], [-4.69522, 37.67201], [-4.69247, 37.67536], [-4.7006, 37.68123], [-4.6897, 37.6948], [-4.66847, 37.69949], [-4.67002, 37.68937], [-4.66722, 37.68205], [-4.65523, 37.66563], [-4.64542, 37.67603], [-4.62794, 37.67687], [-4.62162, 37.68457], [-4.62085, 37.69053], [-4.60581, 37.68278], [-4.60598, 37.67811], [-4.59489, 37.66683], [-4.59311, 37.64968], [-4.59808, 37.63913], [-4.59135, 37.63414], [-4.59638, 37.62732], [-4.61266, 37.63246], [-4.64661, 37.63683], [-4.67176, 37.63297], [-4.67815, 37.62896], [-4.68071, 37.6228], [-4.69416, 37.61407]]]}}, {"type": "Feature", "properties": {"ine_code": "14042", "name": "Montilla", "province": "Córdoba"}, "geometry": {"type": "Polygon", "coordinates": [[[-4.73444, 37.6014], [-4.71031, 37.61363], [-4.6925, 37.61392], [-4.6717, 37.633], [-4.64661, 37.63683], [-4.61266, 37.63246], [-4.59292, 37.62657], [-4.59401, 37.61103], [-4.57644, 37.60161], [-4.56995, 37.5861], [-4.52875, 37.56105], [-4.52901, 37.55465], [-4.5517, 37.52439], [-4.57107, 37.51376], [-4.57284, 37.51001], [-4.58514, 37.50582], [-4.5858, 37.50885], [-4.59808, 37.51353], [-4.5946, 37.51542], [-4.5983, 37.5213], [-4.60886, 37.52736], [-4.61282, 37.52562], [-4.62579, 37.53587], [-4.62745, 37.5332], [-4.63692, 37.53638], [-4.63818, 37.53379], [-4.64317, 37.53604], [-4.64639, 37.53362], [-4.65193, 37.53752], [-4.65677, 37.53327], [-4.65883, 37.53994], [-4.66439, 37.54061], [-4.66513, 37.53652], [-4.66732, 37.53764], [-4.66579, 37.53539], [-4.66877, 37.53864], [-4.67142, 37.53664], [-4.66691, 37.53163], [-4.67322, 37.52832], [-4.67743, 37.53623], [-4.6847, 37.52118], [-4.69994, 37.52252], [-4.71166, 37.535], [-4.7169, 37.53106], [-4.72723, 37.5321], [-4.7327, 37.5389], [-4.73148, 37.54414], [-4.74585, 37.56051], [-4.73237, 37.56569], [-4.73205, 37.57732], [-4.7259, 37.58285], [-4.72716, 37.59285], [-4.73444, 37.6014]]]}}, {"type": "Feature", "properties": {"ine_code": "14043", "name": "Montoro", "province": "Córdoba"}, "geometry": {"type": "Polygon", "coordinates": [[[-4.54448, 38.22895], [-4.53694, 38.23391], [-4.53557, 38.23966], [-4.53141, 38.23992], [-4.53103, 38.24525], [-4.52232, 38.24414], [-4.5125, 38.25333], [-4.50775, 38.24828], [-4.48722, 38.24137], [-4.48214, 38.23658], [-4.46807, 38.24246], [-4.44789, 38.22989], [-4.44379, 38.21993], [-4.43001, 38.21643], [-4.42792, 38.21306], [-4.43359, 38.20865], [-4.4261, 38.20233], [-4.42499, 38.19498], [-4.41732, 38.19297], [-4.41765, 38.1881], [-4.40537, 38.18137], [-4.40914, 38.16908], [-4.41636, 38.16163], [-4.40782, 38.15971], [-4.40227, 38.16047], [-4.38238, 38.17733], [-4.3809, 38.16417], [-4.37356, 38.15996], [-4.37174, 38.16439], [-4.36189, 38.15799], [-4.35677, 38.16545], [-4.35724, 38.17582], [-4.34985, 38.18486], [-4.34389, 38.18152], [-4.33845, 38.18426], [-4.3271, 38.18211], [-4.29775, 38.16663], [-4.30087, 38.17161], [-4.3012, 38.18303], [-4.31038, 38.19077], [-4.30421, 38.19637], [-4.28687, 38.18238], [-4.27826, 38.18485], [-4.27267, 38.17667], [-4.24878, 38.17654], [-4.23914, 38.18486], [-4.23081, 38.18479], [-4.21892, 38.20129], [-4.207, 38.20202], [-4.20758, 38.2064], [-4.20092, 38.21222], [-4.19664, 38.21219], [-4.19049, 38.2063], [-4.18698, 38.19508], [-4.16827, 38.18101], [-4.16644, 38.1715], [-4.16856, 38.1653], [-4.16316, 38.15958], [-4.16542, 38.14941], [-4.16093, 38.14517], [-4.16571, 38.14374], [-4.17457, 38.13172], [-4.19458, 38.12809], [-4.19928, 38.12246], [-4.19834, 38.11663], [-4.20308, 38.11363], [-4.20234, 38.10891], [-4.21832, 38.11049], [-4.22123, 38.10349], [-4.21247, 38.09457], [-4.21319, 38.09048], [-4.21792, 38.08838], [-4.22766, 38.09138], [-4.221, 38.08313], [-4.2284, 38.08567], [-4.23365, 38.08359], [-4.22756, 38.07981], [-4.23517, 38.0736], [-4.23628, 38.06279], [-4.24654, 38.06939], [-4.25153, 38.06605], [-4.25156, 38.0482], [-4.23993, 38.05301], [-4.24085, 38.04605], [-4.25051, 38.03924], [-4.26853, 38.04052], [-4.26025, 38.02875], [-4.25942, 38.02241], [-4.28225, 38.02281], [-4.28445, 38.00383], [-4.29834, 37.99634], [-4.3037, 38.0063], [-4.3241, 38.01312], [-4.31494, 37.98237], [-4.33159, 37.98021], [-4.32858, 37.96764], [-4.33598, 37.95747], [-4.3451, 37.95739], [-4.35076, 37.94532], [-4.36004, 37.94129], [-4.36656, 37.94814], [-4.37822, 37.93915], [-4.38885, 37.94363], [-4.40159, 37.95557], [-4.41338, 37.95529], [-4.41916, 37.97115], [-4.43762, 37.98396], [-4.44934, 37.97616], [-4.45616, 37.98367], [-4.44917, 37.97815], [-4.44443, 37.98117], [-4.44151, 38.00193], [-4.44446, 38.00748], [-4.45108, 38.00835], [-4.45821, 38.01618], [-4.46123, 38.05035], [-4.46795, 38.06133], [-4.47433, 38.06491], [-4.48014, 38.08308], [-4.48674, 38.09297], [-4.49332, 38.09566], [-4.49614, 38.10633], [-4.50405, 38.11292], [-4.51845, 38.11919], [-4.5269, 38.1188], [-4.53991, 38.12765], [-4.54032, 38.13807], [-4.52702, 38.14034], [-4.51197, 38.1596], [-4.52166, 38.17545], [-4.5234, 38.20277], [-4.53491, 38.212], [-4.54448, 38.22895]]]}}, {"type": "Feature", "properties": {"ine_code": "14044", "name": "Monturque", "province": "Córdoba"}, "geometry": {"type": "Polygon", "coordinates": [[[-4.54787, 37.46362], [-4.55588, 37.4444], [-4.59831, 37.43208], [-4.59455, 37.44043], [-4.59493, 37.46068], [-4.62051, 37.4862], [-4.60142, 37.5017], [-4.60042, 37.51242], [-4.5858, 37.50885], [-4.58514, 37.50582], [-4.55726, 37.51975], [-4.56042, 37.51247], [-4.55885, 37.50187], [-4.5629, 37.47358], [-4.56778, 37.47116], [-4.56126, 37.47199], [-4.55726, 37.46614], [-4.54787, 37.46362]]]}}, {"type": "Feature", "properties": {"ine_code": "14045", "name": "Moriles", "province": "Córdoba"}, "geometry": {"type": "Polygon", "coordinates": [[[-4.59343, 37.45438], [-4.60154, 37.42803], [-4.60438, 37.43027], [-4.61412, 37.42886], [-4.62453, 37.41677], [-4.63193, 37.4111], [-4.63341, 37.4129], [-4.63753, 37.40735], [-4.63007, 37.40703], [-4.62908, 37.40485], [-4.64946, 37.39271], [-4.65406, 37.38188], [-4.66317, 37.38674], [-4.65892, 37.38817], [-4.65393, 37.4006], [-4.65763, 37.42344], [-4.63255, 37.43626], [-4.63418, 37.44208], [-4.62805, 37.4432], [-4.62641, 37.4451], [-4.63097, 37.44722], [-4.62627, 37.45064], [-4.62593, 37.44658], [-4.61938, 37.44473], [-4.61557, 37.45066], [-4.61964, 37.46425], [-4.60943, 37.4653], [-4.60914, 37.45922], [-4.60487, 37.45991], [-4.60527, 37.45432], [-4.59343, 37.45438]]]}}, {"type": "Feature", "properties": {"ine_code": "14046", "name": "Nueva Carteya", "province": "Córdoba"}, "geometry": {"type": "Polygon", "coordinates": [[[-4.50308, 37.56915], [-4.50241, 37.57341], [-4.51304, 37.58269], [-4.50827, 37.59766], [-4.4832, 37.61591], [-4.47116, 37.62014], [-4.4529, 37.6327], [-4.4442, 37.64576], [-4.42033, 37.6607], [-4.40807, 37.67543], [-4.40412, 37.67524], [-4.40151, 37.66805], [-4.39699, 37.6653], [-4.40154, 37.64718], [-4.42529, 37.63002], [-4.42724, 37.61662], [-4.41851, 37.60038], [-4.40827, 37.59036], [-4.39785, 37.58965], [-4.38921, 37.58417], [-4.40319, 37.57764], [-4.40248, 37.57183], [-4.41069, 37.56385], [-4.41258, 37.55539], [-4.42425, 37.55283], [-4.4542, 37.55934], [-4.46472, 37.56488], [-4.4763, 37.56266], [-4.50308, 37.56915]]]}}, {"type": "Feature", "properties": {"ine_code": "14047", "name": "Obejo", "province": "Córdoba"}, "geometry": {"type": "Polygon", "coordinates": [[[-4.88968, 38.11557], [-4.88221, 38.12402], [-4.87009, 38.12013], [-4.85987, 38.11224], [-4.843, 38.10996], [-4.8338, 38.11487], [-4.83065, 38.121], [-4.84208, 38.12527], [-4.84188, 38.12832], [-4.846, 38.12781], [-4.84273, 38.13428], [-4.84683, 38.13304], [-4.85117, 38.1375], [-4.85488, 38.13195], [-4.85859, 38.13584], [-4.85491, 38.13528], [-4.85404, 38.14037], [-4.84634, 38.14288], [-4.84443, 38.14869], [-4.83, 38.14732], [-4.82877, 38.15258], [-4.81458, 38.15889], [-4.79154, 38.15849], [-4.77223, 38.1537], [-4.76532, 38.15528], [-4.76387, 38.15033], [-4.75514, 38.14871], [-4.75265, 38.14185], [-4.74243, 38.13566], [-4.73336, 38.13646], [-4.72242, 38.12065], [-4.71473, 38.12354], [-4.71052, 38.12031], [-4.69747, 38.11964], [-4.69538, 38.11177], [-4.6984, 38.11009], [-4.69382, 38.10229], [-4.69809, 38.09529], [-4.68016, 38.08855], [-4.68889, 38.07482], [-4.68614, 38.05995], [-4.68084, 38.05892], [-4.68227, 38.0496], [-4.66845, 38.04718], [-4.67281, 38.04531], [-4.67467, 38.03946], [-4.66857, 38.03252], [-4.67232, 38.02744], [-4.66652, 38.02291], [-4.67602, 38.01242], [-4.67098, 38.00317], [-4.67084, 37.99483], [-4.67937, 37.98758], [-4.67637, 37.98581], [-4.6661, 37.99253], [-4.65673, 37.99285], [-4.65243, 37.9851], [-4.6691, 37.97334], [-4.70689, 37.98427], [-4.72861, 37.99576], [-4.77207, 38.00443], [-4.77334, 38.00828], [-4.7785, 38.01156], [-4.78088, 38.00968], [-4.78747, 38.01902], [-4.79423, 38.02185], [-4.79217, 38.02814], [-4.81598, 38.05619], [-4.85412, 38.07858], [-4.87744, 38.10221], [-4.88115, 38.11028], [-4.88968, 38.11557]]]}}, {"type": "Feature", "properties": {"ine_code": "14048", "name": "Palenciana", "province": "Córdoba"}, "geometry": {"type": "Polygon", "coordinates": [[[-4.61705, 37.25647], [-4.61787, 37.26379], [-4.60258, 37.2662], [-4.59935, 37.27185], [-4.594, 37.27165], [-4.59104, 37.2774], [-4.59031, 37.27131], [-4.581, 37.27776], [-4.57854, 37.2747], [-4.58114, 37.25742], [-4.57102, 37.25287], [-4.57003, 37.24959], [-4.56413, 37.24969], [-4.56866, 37.23206], [-4.59263, 37.22454], [-4.59682, 37.22031], [-4.60133, 37.23405], [-4.61482, 37.24279], [-4.61391, 37.25482], [-4.61705, 37.25647]]]}}, {"type": "Feature", "properties": {"ine_code": "14049", "name": "Palma del Río", "province": "Córdoba"}, "geometry": {"type": "Polygon", "coordinates": [[[-5.41501, 37.67414], [-5.40824, 37.68958], [-5.39394, 37.69249], [-5.3841, 37.68017], [-5.37279, 37.67758], [-5.37027, 37.6877], [-5.36286, 37.6976], [-5.33863, 37.7063], [-5.33521, 37.70514], [-5.33641, 37.69951], [-5.33106, 37.69348], [-5.31638, 37.69514], [-5.30877, 37.70553], [-5.31114, 37.70963], [-5.30356, 37.72071], [-5.30772, 37.73689], [-5.28512, 37.73632], [-5.27256, 37.74433], [-5.25993, 37.72597], [-5.23441, 37.725], [-5.20576, 37.7388], [-5.19085, 37.72358], [-5.13421, 37.69706], [-5.17705, 37.68198], [-5.19076, 37.68798], [-5.17624, 37.68036], [-5.21194, 37.66347], [-5.27379, 37.62549], [-5.29977, 37.62289], [-5.3233, 37.61425], [-5.32292, 37.61149], [-5.34393, 37.59316], [-5.34377, 37.58741], [-5.35272, 37.58386], [-5.35866, 37.58453], [-5.35652, 37.593], [-5.35917, 37.60441], [-5.38154, 37.61089], [-5.38206, 37.61463], [-5.39866, 37.62739], [-5.40175, 37.63649], [-5.40754, 37.63841], [-5.40693, 37.64122], [-5.41099, 37.64094], [-5.41005, 37.64495], [-5.41348, 37.64442], [-5.4144, 37.64709], [-5.39826, 37.64962], [-5.39358, 37.65537], [-5.39732, 37.66199], [-5.40509, 37.65841], [-5.40967, 37.65987], [-5.41501, 37.67414]]]}}, {"type": "Feature", "properties": {"ine_code": "14050", "name": "Pedro Abad", "province": "Córdoba"}, "geometry": {"type": "Polygon", "coordinates": [[[-4.50646, 37.98366], [-4.49654, 37.9849], [-4.49104, 37.99162], [-4.48323, 37.99032], [-4.4639, 37.99524], [-4.45426, 37.98623], [-4.45638, 37.98408], [-4.44934, 37.97616], [-4.43762, 37.98396], [-4.41916, 37.97115], [-4.41338, 37.95529], [-4.42468, 37.94901], [-4.46272, 37.94845], [-4.47042, 37.9456], [-4.46879, 37.95804], [-4.47299, 37.96449], [-4.4809, 37.97078], [-4.50179, 37.97778], [-4.50646, 37.98366]]]}}, {"type": "Feature", "properties": {"ine_code": "14051", "name": "Pedroche", "province": "Córdoba"}, "geometry": {"type": "Polygon", "coordinates": [[[-4.80911, 38.39405], [-4.80663, 38.39858], [-4.80828, 38.40691], [-4.80394, 38.41183], [-4.7945, 38.41491], [-4.78828, 38.42416], [-4.80334, 38.43405], [-4.81822, 38.42615], [-4.81621, 38.43664], [-4.82247, 38.44505], [-4.82249, 38.45441], [-4.80897, 38.46413], [-4.79808, 38.47797], [-4.78444, 38.472], [-4.77261, 38.47387], [-4.76929, 38.48691], [-4.7524, 38.48327], [-4.7292, 38.48461], [-4.72165, 38.47543], [-4.67634, 38.4578], [-4.67559, 38.44608], [-4.69967, 38.44582], [-4.70134, 38.43649], [-4.70862, 38.42735], [-4.70703, 38.41995], [-4.70214, 38.41612], [-4.67025, 38.40388], [-4.67146, 38.39656], [-4.66759, 38.38744], [-4.67306, 38.38742], [-4.68958, 38.37169], [-4.68989, 38.3577], [-4.69672, 38.34253], [-4.7079, 38.34157], [-4.71507, 38.33523], [-4.72658, 38.33809], [-4.74534, 38.3513], [-4.72933, 38.37093], [-4.7187, 38.37712], [-4.71774, 38.38286], [-4.71096, 38.38472], [-4.73393, 38.3908], [-4.76259, 38.38174], [-4.77245, 38.38244], [-4.77604, 38.38432], [-4.77319, 38.38739], [-4.77734, 38.39099], [-4.77664, 38.39632], [-4.78189, 38.40051], [-4.78173, 38.40734], [-4.78992, 38.39839], [-4.80911, 38.39405]]]}}, {"type": "Feature", "properties": {"ine_code": "14052", "name": "Peñarroya-Pueblonuevo", "province": "Córdoba"}, "geometry": {"type": "Polygon", "coordinates": [[[-5.29801, 38.26144], [-5.2876, 38.28116], [-5.28801, 38.31985], [-5.27702, 38.33657], [-5.28133, 38.36041], [-5.22567, 38.35245], [-5.22469, 38.35795], [-5.22035, 38.35902], [-5.19333, 38.35648], [-5.18099, 38.35198], [-5.1698, 38.34267], [-5.16239, 38.3413], [-5.16825, 38.31812], [-5.19749, 38.32619], [-5.18969, 38.34426], [-5.20196, 38.34446], [-5.20348, 38.33628], [-5.22511, 38.33902], [-5.22557, 38.33534], [-5.21023, 38.32977], [-5.21526, 38.32353], [-5.2162, 38.31316], [-5.22799, 38.29694], [-5.2394, 38.30143], [-5.25221, 38.27334], [-5.26013, 38.26403], [-5.27082, 38.25847], [-5.26998, 38.25106], [-5.29801, 38.26144]]]}}, {"type": "Feature", "properties": {"ine_code": "14053", "name": "Posadas", "province": "Córdoba"}, "geometry": {"type": "Polygon", "coordinates": [[[-5.06872, 37.79625], [-5.06704, 37.74812], [-5.06986, 37.73666], [-5.07427, 37.73573], [-5.08054, 37.73837], [-5.09387, 37.75599], [-5.10379, 37.7598], [-5.1146, 37.77029], [-5.11803, 37.76714], [-5.13155, 37.76796], [-5.14439, 37.7833], [-5.15204, 37.78136], [-5.15707, 37.77657], [-5.15541, 37.77434], [-5.16099, 37.77198], [-5.18457, 37.78813], [-5.18856, 37.79611], [-5.18529, 37.80137], [-5.18998, 37.80632], [-5.17733, 37.81977], [-5.1769, 37.82751], [-5.17136, 37.83304], [-5.17372, 37.86405], [-5.17957, 37.8748], [-5.17338, 37.89257], [-5.15539, 37.90411], [-5.13802, 37.9079], [-5.11193, 37.92057], [-5.08079, 37.92177], [-5.06963, 37.91621], [-5.06554, 37.9059], [-5.06766, 37.86239], [-5.06329, 37.85254], [-5.06552, 37.84673], [-5.06149, 37.8245], [-5.07162, 37.80269], [-5.07263, 37.79672], [-5.06872, 37.79625]]]}}, {"type": "Feature", "properties": {"ine_code": "14054", "name": "Pozoblanco", "province": "Córdoba"}, "geometry": {"type": "Polygon", "coordinates": [[[-4.93285, 38.18668], [-4.92382, 38.18714], [-4.91861, 38.18257], [-4.90978, 38.18489], [-4.89937, 38.17658], [-4.88348, 38.18559], [-4.88242, 38.18994], [-4.88736, 38.19468], [-4.88401, 38.19645], [-4.88485, 38.20211], [-4.88171, 38.2065], [-4.89071, 38.21583], [-4.8881, 38.21712], [-4.89012, 38.22683], [-4.88816, 38.2335], [-4.87712, 38.23692], [-4.88346, 38.24131], [-4.87806, 38.2439], [-4.87941, 38.24986], [-4.87718, 38.25145], [-4.86901, 38.24804], [-4.85865, 38.25468], [-4.85218, 38.24777], [-4.84793, 38.24743], [-4.84174, 38.2528], [-4.83841, 38.24887], [-4.84639, 38.24273], [-4.84192, 38.23774], [-4.8459, 38.23441], [-4.84521, 38.22889], [-4.84007, 38.2312], [-4.82175, 38.22575], [-4.82259, 38.22061], [-4.8279, 38.21747], [-4.82024, 38.21186], [-4.8177, 38.22066], [-4.81362, 38.22224], [-4.80492, 38.23777], [-4.80959, 38.24694], [-4.80386, 38.2542], [-4.80628, 38.266], [-4.8105, 38.27039], [-4.80853, 38.27754], [-4.82463, 38.30616], [-4.82474, 38.31128], [-4.83148, 38.31893], [-4.83183, 38.33004], [-4.86248, 38.34572], [-4.87131, 38.36824], [-4.88188, 38.37485], [-4.8868, 38.38526], [-4.87383, 38.38829], [-4.86715, 38.3952], [-4.85832, 38.39344], [-4.86679, 38.40725], [-4.85023, 38.41021], [-4.8439, 38.40403], [-4.81428, 38.39032], [-4.78992, 38.39839], [-4.78173, 38.40734], [-4.78189, 38.40051], [-4.77664, 38.39632], [-4.77734, 38.39099], [-4.77319, 38.38739], [-4.77604, 38.38432], [-4.77245, 38.38244], [-4.76259, 38.38174], [-4.73393, 38.3908], [-4.71096, 38.38472], [-4.71774, 38.38286], [-4.7187, 38.37712], [-4.72933, 38.37093], [-4.74534, 38.3513], [-4.72658, 38.33809], [-4.71507, 38.33523], [-4.71272, 38.31948], [-4.71526, 38.31488], [-4.71322, 38.30549], [-4.71617, 38.28819], [-4.70662, 38.2773], [-4.7104, 38.27123], [-4.70756, 38.26479], [-4.70317, 38.26343], [-4.6985, 38.25553], [-4.70382, 38.24768], [-4.70929, 38.24727], [-4.71127, 38.24441], [-4.70883, 38.24349], [-4.71346, 38.2426], [-4.71224, 38.23782], [-4.71741, 38.23521], [-4.71974, 38.22385], [-4.72669, 38.21908], [-4.72203, 38.21587], [-4.73052, 38.21364], [-4.72809, 38.20727], [-4.73617, 38.20301], [-4.73277, 38.19914], [-4.73413, 38.1947], [-4.73839, 38.19403], [-4.73826, 38.18782], [-4.73185, 38.18215], [-4.73994, 38.17836], [-4.74033, 38.17296], [-4.73413, 38.16689], [-4.73937, 38.15568], [-4.73955, 38.14888], [-4.73482, 38.14446], [-4.73555, 38.13787], [-4.74243, 38.13566], [-4.75265, 38.14185], [-4.75514, 38.14871], [-4.76387, 38.15033], [-4.76532, 38.15528], [-4.77223, 38.1537], [-4.79154, 38.15849], [-4.81684, 38.15859], [-4.82877, 38.15258], [-4.83, 38.14732], [-4.84443, 38.14869], [-4.84634, 38.14288], [-4.85404, 38.14037], [-4.85491, 38.13528], [-4.85859, 38.13584], [-4.85488, 38.13195], [-4.85117, 38.1375], [-4.84683, 38.13304], [-4.84273, 38.13428], [-4.846, 38.12781], [-4.84188, 38.12832], [-4.84208, 38.12527], [-4.83065, 38.121], [-4.83352, 38.11505], [-4.843, 38.10996], [-4.85987, 38.11224], [-4.87009, 38.12013], [-4.88221, 38.12402], [-4.87785, 38.12774], [-4.88231, 38.14828], [-4.89522, 38.15721], [-4.90565, 38.15852], [-4.92719, 38.17792], [-4.93285, 38.18668]]]}}, {"type": "Feature", "properties": {"ine_code": "14055", "name": "Priego de Córdoba", "province": "Córdoba"}, "geometry": {"type": "Polygon", "coordinates": [[[-4.32603, 37.38957], [-4.30574, 37.40164], [-4.29023, 37.41714], [-4.28596, 37.40616], [-4.27278, 37.41148], [-4.25324, 37.43056], [-4.25387, 37.43378], [-4.24174, 37.43795], [-4.24596, 37.46101], [-4.25707, 37.47293], [-4.26283, 37.48598], [-4.2612, 37.49383], [-4.25082, 37.50105], [-4.23054, 37.50512], [-4.20219, 37.51585], [-4.19194, 37.50896], [-4.18817, 37.50953], [-4.18711, 37.51316], [-4.18163, 37.51033], [-4.1758, 37.5127], [-4.1743, 37.5231], [-4.17669, 37.52497], [-4.17221, 37.52927], [-4.17988, 37.53275], [-4.1805, 37.53674], [-4.17461, 37.54345], [-4.18708, 37.55282], [-4.18187, 37.55472], [-4.1824, 37.55951], [-4.17473, 37.55938], [-4.1763, 37.56278], [-4.16905, 37.56011], [-4.16844, 37.56567], [-4.16154, 37.5647], [-4.1633, 37.56874], [-4.16023, 37.57461], [-4.14979, 37.57432], [-4.14948, 37.56751], [-4.14784, 37.5706], [-4.14387, 37.56942], [-4.14608, 37.56371], [-4.13931, 37.56022], [-4.13609, 37.56209], [-4.13377, 37.55809], [-4.12234, 37.55364], [-4.16224, 37.51615], [-4.16229, 37.50949], [-4.15807, 37.50844], [-4.1663, 37.50055], [-4.16283, 37.49214], [-4.15576, 37.49384], [-4.15427, 37.5], [-4.13332, 37.49635], [-4.11204, 37.50148], [-4.10302, 37.50699], [-4.09543, 37.50352], [-4.0923, 37.50719], [-4.09516, 37.50995], [-4.08679, 37.51355], [-4.07966, 37.50914], [-4.05977, 37.50547], [-4.07444, 37.49304], [-4.08468, 37.48913], [-4.0896, 37.48193], [-4.10304, 37.48371], [-4.10243, 37.47734], [-4.09486, 37.47148], [-4.09857, 37.47151], [-4.10261, 37.4658], [-4.10416, 37.45107], [-4.1131, 37.44241], [-4.11031, 37.43648], [-4.11435, 37.43549], [-4.10635, 37.4111], [-4.09784, 37.40218], [-4.09827, 37.39651], [-4.10547, 37.38754], [-4.12648, 37.37875], [-4.14152, 37.366], [-4.15811, 37.34213], [-4.17317, 37.34864], [-4.20933, 37.35247], [-4.22307, 37.34047], [-4.23642, 37.33585], [-4.24217, 37.32474], [-4.24827, 37.3267], [-4.25808, 37.32295], [-4.26893, 37.32907], [-4.26967, 37.3371], [-4.27509, 37.33823], [-4.29461, 37.35564], [-4.31189, 37.37433], [-4.31213, 37.37856], [-4.32603, 37.38957]]]}}, {"type": "Feature", "properties": {"ine_code": "14056", "name": "Puente Genil", "province": "Córdoba"}, "geometry": {"type": "Polygon", "coordinates": [[[-4.84981, 37.41066], [-4.84277, 37.41436], [-4.83471, 37.42487], [-4.83674, 37.4383], [-4.83324, 37.44824], [-4.80568, 37.47609], [-4.79231, 37.48252], [-4.79853, 37.47297], [-4.79383, 37.47186], [-4.79515, 37.46968], [-4.78718, 37.46409], [-4.7514, 37.46873], [-4.74256, 37.46469], [-4.74205, 37.45822], [-4.73455, 37.46106], [-4.72875, 37.45731], [-4.72241, 37.46122], [-4.71735, 37.45676], [-4.71701, 37.45177], [-4.70221, 37.4529], [-4.70568, 37.43621], [-4.69355, 37.43823], [-4.6899, 37.43311], [-4.69154, 37.42519], [-4.68326, 37.41316], [-4.68298, 37.39523], [-4.67711, 37.38572], [-4.67685, 37.37459], [-4.68167, 37.36644], [-4.68047, 37.36015], [-4.68632, 37.3522], [-4.70353, 37.34827], [-4.71961, 37.35828], [-4.72518, 37.35258], [-4.72147, 37.34936], [-4.72261, 37.34643], [-4.73295, 37.34278], [-4.72606, 37.34183], [-4.72922, 37.33533], [-4.74873, 37.33091], [-4.76745, 37.33773], [-4.77565, 37.33304], [-4.78009, 37.33541], [-4.78223, 37.3285], [-4.79993, 37.34449], [-4.82213, 37.35819], [-4.82361, 37.36876], [-4.81473, 37.37261], [-4.81469, 37.37753], [-4.82602, 37.37908], [-4.8252, 37.38335], [-4.83015, 37.3841], [-4.83097, 37.3904], [-4.83781, 37.39835], [-4.84382, 37.39959], [-4.84101, 37.40424], [-4.84521, 37.40358], [-4.84981, 37.41066]]]}}, {"type": "Feature", "properties": {"ine_code": "14057", "name": "La Rambla", "province": "Córdoba"}, "geometry": {"type": "MultiPolygon", "coordinates": [[[[-4.88688, 37.66013], [-4.88149, 37.66754], [-4.877, 37.66407], [-4.87363, 37.66973], [-4.86727, 37.66906], [-4.86353, 37.66635], [-4.86183, 37.65312], [-4.8532, 37.65218], [-4.85132, 37.65634], [-4.84977, 37.65558], [-4.84447, 37.65783], [-4.85194, 37.65711], [-4.85505, 37.6631], [-4.85027, 37.664], [-4.85059, 37.6675], [-4.8442, 37.66683], [-4.83803, 37.66451], [-4.83629, 37.66065], [-4.83872, 37.65658], [-4.83013, 37.65674], [-4.82573, 37.64944], [-4.81833, 37.64787], [-4.81791, 37.65105], [-4.81062, 37.65473], [-4.80444, 37.64882], [-4.79917, 37.65911], [-4.80023, 37.66815], [-4.80472, 37.67046], [-4.80231, 37.67154], [-4.82218, 37.67737], [-4.82236, 37.67271], [-4.81976, 37.67186], [-4.82394, 37.67031], [-4.82676, 37.67279], [-4.8319, 37.66665], [-4.83657, 37.66517], [-4.84406, 37.66904], [-4.84123, 37.6746], [-4.84575, 37.67973], [-4.8426, 37.68334], [-4.84346, 37.68775], [-4.84683, 37.68892], [-4.83585, 37.68575], [-4.83281, 37.72937], [-4.81909, 37.72986], [-4.81983, 37.726], [-4.81568, 37.72487], [-4.81345, 37.72836], [-4.80868, 37.72795], [-4.80419, 37.72401], [-4.79261, 37.72704], [-4.79289, 37.73096], [-4.78665, 37.72901], [-4.78658, 37.72393], [-4.77939, 37.7231], [-4.77653, 37.72776], [-4.7669, 37.72848], [-4.76066, 37.73541], [-4.75359, 37.73752], [-4.75162, 37.73445], [-4.74388, 37.73461], [-4.74017, 37.73877], [-4.74109, 37.74316], [-4.72907, 37.74484], [-4.71617, 37.74027], [-4.71917, 37.73313], [-4.71144, 37.7166], [-4.72542, 37.70835], [-4.74054, 37.71826], [-4.74117, 37.70646], [-4.75759, 37.70226], [-4.77234, 37.68704], [-4.7697, 37.67858], [-4.74607, 37.67245], [-4.74751, 37.66168], [-4.73322, 37.66137], [-4.73136, 37.65752], [-4.72395, 37.65699], [-4.71265, 37.63685], [-4.7123, 37.62694], [-4.70184, 37.62646], [-4.6941, 37.61425], [-4.71031, 37.61363], [-4.74577, 37.59532], [-4.75532, 37.59789], [-4.77954, 37.59024], [-4.78417, 37.59558], [-4.78507, 37.60337], [-4.79297, 37.60388], [-4.78931, 37.60976], [-4.81419, 37.60837], [-4.81716, 37.61375], [-4.8146, 37.62037], [-4.81931, 37.62766], [-4.81564, 37.63887], [-4.81999, 37.64345], [-4.8394, 37.65], [-4.85828, 37.64858], [-4.87855, 37.65439], [-4.88688, 37.66013]], [[-4.82411, 37.67367], [-4.82304, 37.67557], [-4.82439, 37.67535], [-4.82411, 37.67367]]], [[[-4.94468, 37.71991], [-4.9414, 37.73449], [-4.92617, 37.72933], [-4.92032, 37.72314], [-4.91268, 37.72401], [-4.90184, 37.71542], [-4.91633, 37.70496], [-4.94468, 37.71991]]], [[[-4.98431, 37.72382], [-4.96613, 37.7334], [-4.96116, 37.7291], [-4.95979, 37.72056], [-4.9791, 37.71271], [-4.98431, 37.72382]]]]}}, {"type": "Feature", "properties": {"ine_code": "14058", "name": "Rute", "province": "Córdoba"}, "geometry": {"type": "Polygon", "coordinates": [[[-4.42021, 37.29718], [-4.41715, 37.32673], [-4.42092, 37.35439], [-4.42834, 37.37401], [-4.42123, 37.38736], [-4.41882, 37.4063], [-4.42192, 37.4112], [-4.41664, 37.41489], [-4.39503, 37.4166], [-4.37079, 37.40679], [-4.34084, 37.40963], [-4.32603, 37.38957], [-4.31213, 37.37856], [-4.31146, 37.37384], [-4.27793, 37.34106], [-4.29086, 37.33172], [-4.29443, 37.33507], [-4.3072, 37.3366], [-4.31221, 37.32892], [-4.32715, 37.32229], [-4.33028, 37.31368], [-4.34501, 37.30928], [-4.34726, 37.30211], [-4.34398, 37.28614], [-4.34831, 37.27307], [-4.34993, 37.27531], [-4.35222, 37.27243], [-4.35649, 37.27404], [-4.36602, 37.28349], [-4.38209, 37.28054], [-4.38957, 37.27374], [-4.40364, 37.27648], [-4.40737, 37.27379], [-4.41771, 37.28146], [-4.4149, 37.28748], [-4.42021, 37.29718]]]}}, {"type": "Feature", "properties": {"ine_code": "14059", "name": "San Sebastián de los Ballesteros", "province": "Córdoba"}, "geometry": {"type": "MultiPolygon", "coordinates": [[[[-4.8817, 37.68843], [-4.86557, 37.69163], [-4.86426, 37.68455], [-4.85593, 37.686], [-4.86035, 37.68237], [-4.85858, 37.67508], [-4.83657, 37.66517], [-4.82839, 37.66847], [-4.83016, 37.67106], [-4.82676, 37.67279], [-4.82073, 37.671], [-4.82218, 37.67737], [-4.80345, 37.67204], [-4.80023, 37.66815], [-4.79953, 37.65781], [-4.80444, 37.64882], [-4.81062, 37.65473], [-4.81791, 37.65105], [-4.81833, 37.64787], [-4.82714, 37.65013], [-4.83013, 37.65674], [-4.83872, 37.65658], [-4.83629, 37.66065], [-4.83803, 37.66451], [-4.8442, 37.66683], [-4.85368, 37.66822], [-4.85537, 37.66359], [-4.86191, 37.66572], [-4.86343, 37.66015], [-4.86461, 37.66495], [-4.86192, 37.66763], [-4.87018, 37.68027], [-4.8817, 37.68843]]], [[[-4.82411, 37.67367], [-4.82304, 37.67557], [-4.82263, 37.67329], [-4.82411, 37.67367]]]]}}, {"type": "Feature", "properties": {"ine_code": "14060", "name": "Santaella", "province": "Córdoba"}, "geometry": {"type": "Polygon", "coordinates": [[[-4.88474, 37.43798], [-4.88369, 37.44503], [-4.8756, 37.45033], [-4.88335, 37.45306], [-4.88898, 37.46119], [-4.89537, 37.45974], [-4.90433, 37.46673], [-4.90698, 37.47534], [-4.91117, 37.47767], [-4.90876, 37.48499], [-4.91309, 37.48661], [-4.91271, 37.48247], [-4.91636, 37.48445], [-4.91641, 37.49324], [-4.90743, 37.49501], [-4.90664, 37.49977], [-4.92421, 37.50022], [-4.93116, 37.50596], [-4.92716, 37.51348], [-4.93482, 37.5125], [-4.93368, 37.51979], [-4.94962, 37.52191], [-4.94464, 37.52194], [-4.94011, 37.52765], [-4.94061, 37.53684], [-4.93196, 37.54597], [-4.93625, 37.55024], [-4.93237, 37.5538], [-4.93159, 37.56276], [-4.93807, 37.5699], [-4.93075, 37.57589], [-4.93555, 37.58298], [-4.93541, 37.58682], [-4.93023, 37.58956], [-4.93489, 37.59984], [-4.9034, 37.6084], [-4.88493, 37.61054], [-4.86312, 37.60719], [-4.84516, 37.61132], [-4.79016, 37.60198], [-4.77954, 37.59024], [-4.78234, 37.57165], [-4.77545, 37.56873], [-4.76617, 37.55844], [-4.76103, 37.56013], [-4.75016, 37.55615], [-4.75756, 37.52809], [-4.78091, 37.50253], [-4.78156, 37.49621], [-4.78564, 37.49284], [-4.7831, 37.48428], [-4.80364, 37.47764], [-4.83324, 37.44824], [-4.83674, 37.4383], [-4.83471, 37.42487], [-4.83798, 37.42208], [-4.84233, 37.4369], [-4.85433, 37.43939], [-4.88474, 37.43798]]]}}, {"type": "Feature", "properties": {"ine_code": "14061", "name": "Santa Eufemia", "province": "Córdoba"}, "geometry": {"type": "Polygon", "coordinates": [[[-4.83296, 38.54291], [-4.86749, 38.55508], [-4.86823, 38.5477], [-4.88322, 38.54724], [-4.88673, 38.5584], [-4.90076, 38.56319], [-4.91123, 38.55676], [-4.9193, 38.55588], [-4.94885, 38.55902], [-4.97389, 38.55191], [-4.98283, 38.55675], [-4.98925, 38.56844], [-4.98799, 38.58242], [-4.98312, 38.5934], [-4.99896, 38.59591], [-5.00681, 38.60341], [-5.0007, 38.61626], [-4.98751, 38.62873], [-4.97671, 38.63094], [-4.968, 38.62858], [-4.96745, 38.64917], [-4.94103, 38.65643], [-4.93475, 38.66337], [-4.95206, 38.67001], [-4.97296, 38.68302], [-5.0046, 38.69509], [-4.94087, 38.68153], [-4.92378, 38.68198], [-4.91877, 38.68609], [-4.91081, 38.6867], [-4.87697, 38.68609], [-4.86888, 38.68093], [-4.87089, 38.67514], [-4.86348, 38.641], [-4.86739, 38.63271], [-4.86018, 38.61482], [-4.8328, 38.60595], [-4.81691, 38.59532], [-4.78825, 38.59657], [-4.7693, 38.58699], [-4.75341, 38.5848], [-4.7386, 38.57639], [-4.75225, 38.56061], [-4.76381, 38.56513], [-4.77599, 38.57865], [-4.78251, 38.57327], [-4.77923, 38.56284], [-4.79641, 38.5667], [-4.79815, 38.55204], [-4.80247, 38.54719], [-4.81582, 38.54944], [-4.81982, 38.55465], [-4.83296, 38.54291]]]}}, {"type": "Feature", "properties": {"ine_code": "14062", "name": "Torrecampo", "province": "Córdoba"}, "geometry": {"type": "Polygon", "coordinates": [[[-4.79808, 38.47797], [-4.79215, 38.48756], [-4.77304, 38.49792], [-4.76251, 38.49722], [-4.75063, 38.50277], [-4.71589, 38.50859], [-4.69664, 38.51958], [-4.69428, 38.52433], [-4.66565, 38.54678], [-4.65589, 38.53842], [-4.63986, 38.53177], [-4.63286, 38.52427], [-4.62196, 38.52345], [-4.61988, 38.50865], [-4.60786, 38.494], [-4.59594, 38.49059], [-4.59281, 38.4857], [-4.58855, 38.48683], [-4.5853, 38.49369], [-4.57681, 38.49327], [-4.57172, 38.48727], [-4.56512, 38.49062], [-4.5635, 38.48407], [-4.55858, 38.48246], [-4.55873, 38.47695], [-4.54014, 38.48243], [-4.53555, 38.47006], [-4.5244, 38.46292], [-4.51228, 38.46348], [-4.50322, 38.45077], [-4.51228, 38.43738], [-4.5216, 38.43005], [-4.52735, 38.41523], [-4.53785, 38.40398], [-4.55408, 38.40832], [-4.56378, 38.41617], [-4.57879, 38.41636], [-4.61272, 38.40843], [-4.64228, 38.39171], [-4.66759, 38.38744], [-4.67146, 38.39656], [-4.67025, 38.40388], [-4.70214, 38.41612], [-4.70703, 38.41995], [-4.70866, 38.42703], [-4.70134, 38.43649], [-4.69967, 38.44582], [-4.67559, 38.44608], [-4.67634, 38.4578], [-4.72165, 38.47543], [-4.7292, 38.48461], [-4.7524, 38.48327], [-4.76929, 38.48691], [-4.77261, 38.47387], [-4.78444, 38.472], [-4.79808, 38.47797]]]}}, {"type": "Feature", "properties": {"ine_code": "14063", "name": "Valenzuela", "province": "Córdoba"}, "geometry": {"type": "Polygon", "coordinates": [[[-4.23665, 37.73858], [-4.25485, 37.74955], [-4.25743, 37.75937], [-4.26663, 37.76874], [-4.26645, 37.77319], [-4.26399, 37.7735], [-4.26573, 37.77825], [-4.27931, 37.79406], [-4.25903, 37.78869], [-4.22581, 37.78669], [-4.20868, 37.78027], [-4.20714, 37.77019], [-4.22556, 37.762], [-4.23665, 37.73858]]]}}, {"type": "Feature", "properties": {"ine_code": "14064", "name": "Valsequillo", "province": "Córdoba"}, "geometry": {"type": "Polygon", "coordinates": [[[-5.35345, 38.38827], [-5.38272, 38.39226], [-5.39322, 38.40115], [-5.40364, 38.43389], [-5.44777, 38.48284], [-5.44634, 38.4962], [-5.44763, 38.49908], [-5.45052, 38.49822], [-5.44482, 38.50492], [-5.43464, 38.50439], [-5.42781, 38.51464], [-5.41896, 38.51253], [-5.41653, 38.52035], [-5.41, 38.52022], [-5.41603, 38.53021], [-5.40361, 38.53607], [-5.40717, 38.54331], [-5.39972, 38.5466], [-5.38468, 38.53921], [-5.35197, 38.50655], [-5.3461, 38.48752], [-5.3206, 38.44938], [-5.31911, 38.42941], [-5.30905, 38.4105], [-5.30498, 38.38803], [-5.29913, 38.37926], [-5.3137, 38.38088], [-5.3318, 38.39285], [-5.35345, 38.38827]]]}}, {"type": "Feature", "properties": {"ine_code": "14065", "name": "La Victoria", "province": "Córdoba"}, "geometry": {"type": "MultiPolygon", "coordinates": [[[[-4.8639, 37.65638], [-4.86191, 37.66572], [-4.85537, 37.66359], [-4.85231, 37.66826], [-4.85027, 37.664], [-4.85505, 37.6631], [-4.85194, 37.65711], [-4.84447, 37.65783], [-4.85972, 37.65146], [-4.8639, 37.65638]]], [[[-4.88099, 37.66809], [-4.87505, 37.68329], [-4.86192, 37.66763], [-4.87363, 37.66973], [-4.877, 37.66407], [-4.88099, 37.66809]]], [[[-4.84406, 37.66904], [-4.86055, 37.67783], [-4.86035, 37.68237], [-4.85593, 37.686], [-4.86426, 37.68455], [-4.86557, 37.69163], [-4.8748, 37.68821], [-4.88209, 37.69021], [-4.87856, 37.69469], [-4.87971, 37.69926], [-4.86491, 37.70696], [-4.866, 37.71345], [-4.85928, 37.71959], [-4.85332, 37.73274], [-4.83771, 37.7322], [-4.8328, 37.72931], [-4.83585, 37.68575], [-4.84683, 37.68892], [-4.84346, 37.68775], [-4.8426, 37.68334], [-4.84575, 37.67973], [-4.84123, 37.6746], [-4.84406, 37.66904]]]]}}, {"type": "Feature", "properties": {"ine_code": "14066", "name": "Villa del Río", "province": "Córdoba"}, "geometry": {"type": "Polygon", "coordinates": [[[-4.32858, 37.96764], [-4.33159, 37.98021], [-4.31494, 37.98237], [-4.3241, 38.01312], [-4.3037, 38.0063], [-4.29982, 37.99622], [-4.28445, 38.00383], [-4.27959, 38.00245], [-4.26432, 37.97345], [-4.25991, 37.95776], [-4.26598, 37.96416], [-4.26399, 37.96729], [-4.2675, 37.97244], [-4.26906, 37.96552], [-4.27499, 37.96274], [-4.29642, 37.96208], [-4.30336, 37.96802], [-4.31373, 37.95883], [-4.31402, 37.95298], [-4.32616, 37.95857], [-4.32469, 37.96413], [-4.32858, 37.96764]]]}}, {"type": "Feature", "properties": {"ine_code": "14067", "name": "Villafranca de Córdoba", "province": "Córdoba"}, "geometry": {"type": "Polygon", "coordinates": [[[-4.59483, 37.99993], [-4.58289, 38.0063], [-4.55269, 37.98753], [-4.54032, 37.99021], [-4.51338, 37.97928], [-4.51299, 37.96554], [-4.52612, 37.96321], [-4.52269, 37.94835], [-4.51977, 37.94877], [-4.51783, 37.93259], [-4.52531, 37.92716], [-4.52414, 37.91891], [-4.5203, 37.92037], [-4.51908, 37.9167], [-4.5233, 37.9133], [-4.51532, 37.89703], [-4.53355, 37.90383], [-4.5365, 37.91011], [-4.5847, 37.90736], [-4.58057, 37.91112], [-4.578, 37.93141], [-4.5858, 37.93845], [-4.57113, 37.94325], [-4.58964, 37.95463], [-4.60136, 37.95603], [-4.60148, 37.97923], [-4.59864, 37.9841], [-4.60104, 37.98922], [-4.59736, 37.9911], [-4.59483, 37.99993]]]}}, {"type": "Feature", "properties": {"ine_code": "14068", "name": "Villaharta", "province": "Córdoba"}, "geometry": {"type": "Polygon", "coordinates": [[[-4.90565, 38.15852], [-4.89414, 38.15672], [-4.88184, 38.14765], [-4.87785, 38.12774], [-4.88968, 38.11557], [-4.89791, 38.12594], [-4.91373, 38.12874], [-4.9289, 38.13613], [-4.92243, 38.14831], [-4.90909, 38.15023], [-4.90565, 38.15852]]]}}, {"type": "Feature", "properties": {"ine_code": "14069", "name": "Villanueva de Córdoba", "province": "Córdoba"}, "geometry": {"type": "Polygon", "coordinates": [[[-4.73555, 38.13787], [-4.73482, 38.14446], [-4.73955, 38.14888], [-4.73937, 38.15568], [-4.73413, 38.16689], [-4.74033, 38.17296], [-4.73994, 38.17836], [-4.73185, 38.18215], [-4.73826, 38.18782], [-4.73839, 38.19403], [-4.73413, 38.1947], [-4.73277, 38.19914], [-4.73617, 38.20301], [-4.72809, 38.20727], [-4.73052, 38.21364], [-4.72203, 38.21587], [-4.72669, 38.21908], [-4.71974, 38.22385], [-4.71741, 38.23521], [-4.71224, 38.23782], [-4.71346, 38.2426], [-4.70883, 38.24349], [-4.71127, 38.24441], [-4.70929, 38.24727], [-4.70382, 38.24768], [-4.6985, 38.25545], [-4.70317, 38.26343], [-4.70756, 38.26479], [-4.7104, 38.27123], [-4.70662, 38.2773], [-4.71617, 38.28819], [-4.71322, 38.30549], [-4.71526, 38.31488], [-4.71272, 38.31948], [-4.71584, 38.33355], [-4.70894, 38.34114], [-4.69391, 38.34525], [-4.69429, 38.35211], [-4.68872, 38.36361], [-4.68958, 38.37169], [-4.67806, 38.38356], [-4.67178, 38.38812], [-4.64228, 38.39171], [-4.60404, 38.41148], [-4.56489, 38.41633], [-4.55408, 38.40832], [-4.53785, 38.40398], [-4.51709, 38.38836], [-4.50045, 38.3823], [-4.49828, 38.3778], [-4.48412, 38.37437], [-4.47217, 38.3661], [-4.47663, 38.35291], [-4.4841, 38.35302], [-4.49534, 38.33687], [-4.50587, 38.33291], [-4.51916, 38.33528], [-4.51858, 38.32345], [-4.52356, 38.30825], [-4.53582, 38.30154], [-4.53509, 38.29875], [-4.54399, 38.29218], [-4.54989, 38.281], [-4.55062, 38.26721], [-4.55963, 38.26337], [-4.56107, 38.24638], [-4.5538, 38.2401], [-4.56712, 38.21992], [-4.60728, 38.20738], [-4.61908, 38.21157], [-4.63246, 38.19948], [-4.64208, 38.19825], [-4.63767, 38.19156], [-4.62543, 38.1843], [-4.63763, 38.17485], [-4.63378, 38.16686], [-4.6365, 38.16178], [-4.63195, 38.14553], [-4.63638, 38.13428], [-4.63552, 38.12092], [-4.64345, 38.11515], [-4.65421, 38.11401], [-4.66025, 38.10437], [-4.6585, 38.10099], [-4.66299, 38.10072], [-4.66687, 38.09284], [-4.68016, 38.08855], [-4.68877, 38.09392], [-4.69755, 38.09491], [-4.69382, 38.10229], [-4.6984, 38.11009], [-4.69538, 38.11177], [-4.69667, 38.11896], [-4.71052, 38.12031], [-4.71473, 38.12354], [-4.72242, 38.12065], [-4.73555, 38.13787]]]}}, {"type": "Feature", "properties": {"ine_code": "14070", "name": "Villanueva del Duque", "province": "Córdoba"}, "geometry": {"type": "Polygon", "coordinates": [[[-5.16239, 38.3413], [-5.16048, 38.35431], [-5.15246, 38.36637], [-5.1516, 38.37723], [-5.14056, 38.37805], [-5.13925, 38.38169], [-5.12668, 38.38503], [-5.11758, 38.39], [-5.11749, 38.3933], [-5.11291, 38.392], [-5.11141, 38.39568], [-5.10947, 38.393], [-5.11442, 38.37429], [-5.11167, 38.36671], [-5.09804, 38.35682], [-5.08401, 38.34073], [-5.06767, 38.33063], [-5.04513, 38.31998], [-5.03691, 38.32166], [-5.00805, 38.34757], [-5.01594, 38.34765], [-5.01548, 38.35038], [-5.02114, 38.35133], [-5.04038, 38.34839], [-5.05724, 38.3536], [-5.06392, 38.35949], [-5.04484, 38.38405], [-5.05039, 38.38777], [-5.03011, 38.40502], [-5.03303, 38.40966], [-5.04446, 38.41378], [-5.04621, 38.4183], [-5.02208, 38.42412], [-5.01009, 38.42304], [-5.00839, 38.43291], [-4.99695, 38.42782], [-4.98678, 38.43524], [-4.98749, 38.43809], [-4.97685, 38.42874], [-4.97438, 38.40702], [-4.97775, 38.38439], [-4.97545, 38.37425], [-4.98159, 38.34776], [-4.97704, 38.33479], [-4.98049, 38.30267], [-4.97243, 38.27732], [-5.00289, 38.27097], [-5.05204, 38.2834], [-5.08873, 38.31073], [-5.09788, 38.32364], [-5.11618, 38.33447], [-5.16239, 38.3413]]]}}, {"type": "Feature", "properties": {"ine_code": "14071", "name": "Villanueva del Rey", "province": "Córdoba"}, "geometry": {"type": "Polygon", "coordinates": [[[-5.2784, 38.11863], [-5.27538, 38.12316], [-5.27669, 38.13004], [-5.2705, 38.13511], [-5.27476, 38.1523], [-5.2676, 38.18754], [-5.25247, 38.18595], [-5.21949, 38.20406], [-5.19905, 38.20855], [-5.18022, 38.21817], [-5.13548, 38.22868], [-5.12278, 38.23651], [-5.10375, 38.24246], [-5.09676, 38.22987], [-5.09371, 38.21437], [-5.10491, 38.19717], [-5.11106, 38.16789], [-5.11951, 38.15384], [-5.12211, 38.13577], [-5.13162, 38.12797], [-5.13808, 38.11565], [-5.13821, 38.10847], [-5.14264, 38.10445], [-5.14214, 38.09621], [-5.14577, 38.09317], [-5.14297, 38.08839], [-5.15907, 38.07191], [-5.16135, 38.05911], [-5.16909, 38.06216], [-5.16886, 38.05916], [-5.17346, 38.05868], [-5.17004, 38.05482], [-5.17804, 38.05408], [-5.1776, 38.04997], [-5.18121, 38.05344], [-5.18189, 38.04981], [-5.19036, 38.04866], [-5.18925, 38.0452], [-5.21659, 38.05552], [-5.22575, 38.05505], [-5.24631, 38.04669], [-5.24891, 38.05357], [-5.24422, 38.05524], [-5.24804, 38.05494], [-5.25165, 38.05905], [-5.24975, 38.06125], [-5.25508, 38.06376], [-5.24819, 38.06854], [-5.24978, 38.07129], [-5.24566, 38.07171], [-5.24632, 38.07917], [-5.2516, 38.08044], [-5.2495, 38.08417], [-5.25406, 38.08721], [-5.25248, 38.09119], [-5.25767, 38.09861], [-5.27282, 38.10367], [-5.26996, 38.10887], [-5.2784, 38.11863]]]}}, {"type": "Feature", "properties": {"ine_code": "14072", "name": "Villaralto", "province": "Córdoba"}, "geometry": {"type": "Polygon", "coordinates": [[[-5.01732, 38.48405], [-4.97814, 38.47807], [-4.96813, 38.47985], [-4.95118, 38.47368], [-4.94797, 38.43317], [-4.95677, 38.42495], [-4.97528, 38.41689], [-4.97685, 38.42874], [-4.99241, 38.44251], [-5.00384, 38.47197], [-5.01292, 38.47541], [-5.01732, 38.48405]]]}}, {"type": "Feature", "properties": {"ine_code": "14073", "name": "Villaviciosa de Córdoba", "province": "Córdoba"}, "geometry": {"type": "Polygon", "coordinates": [[[-5.2327, 37.97585], [-5.23588, 37.98497], [-5.23425, 37.99331], [-5.23759, 37.99714], [-5.23087, 37.99472], [-5.2256, 38.00607], [-5.2223, 38.00672], [-5.2238, 38.01136], [-5.22089, 38.01737], [-5.2151, 38.02135], [-5.20071, 38.02077], [-5.20502, 38.025], [-5.20069, 38.02692], [-5.19351, 38.02364], [-5.18303, 38.0288], [-5.1761, 38.026], [-5.17732, 38.02775], [-5.16975, 38.03351], [-5.1602, 38.02855], [-5.15804, 38.03466], [-5.15206, 38.03664], [-5.15537, 38.04021], [-5.15273, 38.04302], [-5.14456, 38.04036], [-5.14072, 38.04303], [-5.137, 38.04915], [-5.13594, 38.064], [-5.12956, 38.06566], [-5.12663, 38.07213], [-5.10901, 38.07338], [-5.10911, 38.07795], [-5.10243, 38.08069], [-5.05807, 38.08166], [-5.04613, 38.08708], [-5.03803, 38.09899], [-5.01787, 38.09926], [-4.99939, 38.08959], [-4.98136, 38.08708], [-4.93559, 38.08927], [-4.90061, 38.08048], [-4.88635, 38.08212], [-4.8713, 38.07622], [-4.86238, 38.07909], [-4.85156, 38.0771], [-4.81819, 38.05827], [-4.79217, 38.02814], [-4.79423, 38.02185], [-4.80057, 38.02124], [-4.79879, 38.01373], [-4.80264, 38.01115], [-4.79855, 38.00458], [-4.80351, 38.00238], [-4.80978, 38.00454], [-4.81775, 38.00103], [-4.81556, 37.98847], [-4.82242, 37.98563], [-4.83809, 37.98935], [-4.8471, 37.9865], [-4.85157, 37.9885], [-4.88535, 37.97016], [-4.89985, 37.96704], [-4.92485, 37.96792], [-4.94338, 37.95954], [-4.9576, 37.95728], [-4.96511, 37.94976], [-4.97835, 37.94631], [-4.98528, 37.93906], [-4.99028, 37.9223], [-4.99609, 37.91815], [-4.9986, 37.90983], [-5.02487, 37.92712], [-5.05364, 37.92717], [-5.08817, 37.93276], [-5.10429, 37.92105], [-5.10995, 37.93603], [-5.12796, 37.94993], [-5.13014, 37.95469], [-5.13952, 37.96043], [-5.15117, 37.96139], [-5.15194, 37.9664], [-5.16534, 37.96923], [-5.17266, 37.97998], [-5.17729, 37.98132], [-5.2327, 37.97585]]]}}, {"type": "Feature", "properties": {"ine_code": "14074", "name": "El Viso", "province": "Córdoba"}, "geometry": {"type": "Polygon", "coordinates": [[[-5.16801, 38.67732], [-5.1845, 38.7197], [-5.17143, 38.71753], [-5.16661, 38.71167], [-5.15276, 38.71633], [-5.14254, 38.7138], [-5.119, 38.71614], [-5.09919, 38.70765], [-5.06854, 38.71746], [-5.06162, 38.72432], [-5.04695, 38.72909], [-5.03274, 38.72537], [-5.0247, 38.72644], [-5.00202, 38.70818], [-5.00044, 38.70121], [-5.00311, 38.69388], [-4.97296, 38.68302], [-4.95206, 38.67001], [-4.93475, 38.66337], [-4.94103, 38.65643], [-4.96745, 38.64917], [-4.968, 38.62858], [-4.97671, 38.63094], [-4.98751, 38.62873], [-5.0007, 38.61626], [-5.00681, 38.60341], [-4.99896, 38.59591], [-4.98312, 38.5934], [-4.98799, 38.58242], [-4.98925, 38.56844], [-4.98283, 38.55675], [-4.97389, 38.55191], [-4.94885, 38.55902], [-4.9193, 38.55588], [-4.91123, 38.55676], [-4.90076, 38.56319], [-4.88673, 38.5584], [-4.88322, 38.54724], [-4.86823, 38.5477], [-4.86638, 38.55498], [-4.85901, 38.55062], [-4.84886, 38.55053], [-4.8362, 38.5433], [-4.81635, 38.54045], [-4.83122, 38.52436], [-4.83566, 38.51501], [-4.8399, 38.51368], [-4.84981, 38.52091], [-4.86521, 38.50288], [-4.87679, 38.50351], [-4.88183, 38.49594], [-4.89569, 38.50849], [-4.89865, 38.50204], [-4.89854, 38.48083], [-4.90853, 38.48571], [-4.93118, 38.46883], [-4.96813, 38.47985], [-4.97814, 38.47807], [-5.01732, 38.48405], [-5.01926, 38.48627], [-5.01436, 38.49171], [-5.01586, 38.49592], [-5.00643, 38.50167], [-5.00644, 38.52528], [-5.00357, 38.53043], [-5.01024, 38.53661], [-5.00851, 38.54116], [-5.01222, 38.54602], [-5.00882, 38.5506], [-5.02316, 38.56558], [-5.03072, 38.58919], [-5.04225, 38.59488], [-5.0531, 38.59479], [-5.06187, 38.6084], [-5.07376, 38.60677], [-5.07874, 38.60935], [-5.07524, 38.61509], [-5.05593, 38.62011], [-5.02016, 38.63673], [-5.01988, 38.64141], [-5.02987, 38.65693], [-5.05212, 38.67408], [-5.10077, 38.67393], [-5.1022, 38.68631], [-5.13451, 38.67392], [-5.14893, 38.67852], [-5.15809, 38.6757], [-5.16801, 38.67732]]]}}, {"type": "Feature", "properties": {"ine_code": "14075", "name": "Zuheros", "province": "Córdoba"}, "geometry": {"type": "Polygon", "coordinates": [[[-4.38076, 37.51996], [-4.35308, 37.53599], [-4.352, 37.54613], [-4.34602, 37.55409], [-4.34978, 37.56217], [-4.34278, 37.56658], [-4.32337, 37.57024], [-4.31815, 37.56066], [-4.30506, 37.55779], [-4.29335, 37.5241], [-4.29785, 37.51437], [-4.31982, 37.492], [-4.32974, 37.4895], [-4.35547, 37.49207], [-4.38076, 37.51996]]]}}, {"type": "Feature", "properties": {"ine_code": "14901", "name": "Fuente Carreteros", "province": "Córdoba"}, "geometry": {"type": "Polygon", "coordinates": [[[-5.16087, 37.6725], [-5.191, 37.68781], [-5.17705, 37.68198], [-5.15105, 37.69125], [-5.15426, 37.68073], [-5.14394, 37.67853], [-5.11955, 37.68448], [-5.1188, 37.67762], [-5.1125, 37.67995], [-5.10808, 37.6629], [-5.12007, 37.66751], [-5.13656, 37.66823], [-5.15019, 37.66053], [-5.16087, 37.6725]]]}}, {"type": "Feature", "properties": {"ine_code": "14902", "name": "La Guijarrosa", "province": "Córdoba"}, "geometry": {"type": "Polygon", "coordinates": [[[-4.93429, 37.60086], [-4.93126, 37.62021], [-4.93341, 37.63953], [-4.92612, 37.6308], [-4.92089, 37.63269], [-4.90016, 37.64676], [-4.88989, 37.64907], [-4.88682, 37.65821], [-4.85828, 37.64858], [-4.8394, 37.65], [-4.81999, 37.64345], [-4.81564, 37.63887], [-4.81931, 37.62766], [-4.8146, 37.62037], [-4.81716, 37.61375], [-4.81419, 37.60837], [-4.78931, 37.60976], [-4.79297, 37.60388], [-4.78507, 37.60337], [-4.78383, 37.59825], [-4.79077, 37.60225], [-4.84516, 37.61132], [-4.86312, 37.60719], [-4.88493, 37.61054], [-4.9034, 37.6084], [-4.92389, 37.60131], [-4.93429, 37.60086]]]}}, {"type": "Feature", "properties": {"ine_code": "18001", "name": "Agrón", "province": "Granada"}, "geometry": {"type": "Polygon", "coordinates": [[[-3.87369, 37.03441], [-3.86222, 37.04212], [-3.85186, 37.04138], [-3.84622, 37.03212], [-3.84036, 37.03095], [-3.82869, 37.03658], [-3.82616, 37.02696], [-3.81772, 37.01516], [-3.79959, 37.01922], [-3.76639, 37.01856], [-3.76792, 37.00646], [-3.77424, 37.00163], [-3.77523, 36.99648], [-3.77131, 36.98875], [-3.78901, 36.98987], [-3.80252, 36.99447], [-3.81931, 36.99414], [-3.82157, 37.00151], [-3.83956, 37.00141], [-3.84497, 37.00679], [-3.85699, 37.00828], [-3.87261, 37.02557], [-3.87369, 37.03441]]]}}, {"type": "Feature", "properties": {"ine_code": "18002", "name": "Alamedilla", "province": "Granada"}, "geometry": {"type": "Polygon", "coordinates": [[[-3.30247, 37.52587], [-3.298, 37.53762], [-3.31083, 37.54874], [-3.30881, 37.55883], [-3.31193, 37.57099], [-3.30678, 37.5731], [-3.29235, 37.59152], [-3.28564, 37.60796], [-3.26365, 37.63116], [-3.23867, 37.63042], [-3.21175, 37.63911], [-3.17712, 37.64035], [-3.15396, 37.62677], [-3.15689, 37.62391], [-3.19762, 37.62592], [-3.21311, 37.62087], [-3.21692, 37.61505], [-3.21028, 37.60829], [-3.17731, 37.60699], [-3.16854, 37.59214], [-3.15917, 37.59207], [-3.16515, 37.58062], [-3.18335, 37.57358], [-3.21482, 37.573], [-3.23975, 37.55147], [-3.24839, 37.55205], [-3.26044, 37.54628], [-3.27145, 37.5452], [-3.27342, 37.53565], [-3.29131, 37.5221], [-3.29532, 37.52124], [-3.30247, 37.52587]]]}}, {"type": "Feature", "properties": {"ine_code": "18003", "name": "Albolote", "province": "Granada"}, "geometry": {"type": "Polygon", "coordinates": [[[-3.70517, 37.30528], [-3.70516, 37.31795], [-3.68767, 37.32173], [-3.68765, 37.31945], [-3.67458, 37.32079], [-3.68398, 37.34814], [-3.67857, 37.35617], [-3.67082, 37.35809], [-3.67283, 37.36515], [-3.66245, 37.37189], [-3.66444, 37.38542], [-3.64763, 37.39967], [-3.64059, 37.39972], [-3.6347, 37.3922], [-3.63964, 37.39111], [-3.63986, 37.38039], [-3.6196, 37.35754], [-3.62929, 37.33605], [-3.62739, 37.33111], [-3.63061, 37.32355], [-3.62512, 37.32262], [-3.62853, 37.32003], [-3.6268, 37.31305], [-3.63014, 37.30831], [-3.63966, 37.30446], [-3.63905, 37.29614], [-3.64717, 37.28128], [-3.64656, 37.2719], [-3.63748, 37.25618], [-3.64349, 37.25079], [-3.64488, 37.24723], [-3.64165, 37.245], [-3.64835, 37.23806], [-3.64222, 37.23408], [-3.64495, 37.22943], [-3.63652, 37.22219], [-3.63862, 37.21937], [-3.66488, 37.21], [-3.67116, 37.21525], [-3.66816, 37.21612], [-3.67188, 37.22329], [-3.68616, 37.2373], [-3.68688, 37.2428], [-3.7015, 37.24493], [-3.68822, 37.26439], [-3.67124, 37.27852], [-3.6725, 37.29273], [-3.68073, 37.295], [-3.68489, 37.30634], [-3.69084, 37.30259], [-3.70105, 37.30238], [-3.70517, 37.30528]]]}}, {"type": "Feature", "properties": {"ine_code": "18004", "name": "Albondón", "province": "Granada"}, "geometry": {"type": "Polygon", "coordinates": [[[-3.23892, 36.82196], [-3.23063, 36.83258], [-3.23644, 36.83573], [-3.24223, 36.84731], [-3.23036, 36.87194], [-3.21991, 36.86861], [-3.20467, 36.87636], [-3.19271, 36.87832], [-3.1808, 36.85932], [-3.17246, 36.85404], [-3.17511, 36.85017], [-3.16959, 36.83471], [-3.17957, 36.83382], [-3.18506, 36.82168], [-3.18595, 36.81098], [-3.19209, 36.81303], [-3.20054, 36.81048], [-3.20719, 36.81266], [-3.22928, 36.81115], [-3.23892, 36.82196]]]}}, {"type": "Feature", "properties": {"ine_code": "18005", "name": "Albuñán", "province": "Granada"}, "geometry": {"type": "Polygon", "coordinates": [[[-3.15021, 37.20693], [-3.15464, 37.21305], [-3.15084, 37.22303], [-3.1522, 37.23483], [-3.14929, 37.23776], [-3.14782, 37.25345], [-3.14962, 37.26089], [-3.14258, 37.25672], [-3.13739, 37.24764], [-3.13371, 37.25214], [-3.12893, 37.24025], [-3.11953, 37.23299], [-3.15021, 37.20693]]]}}, {"type": "Feature", "properties": {"ine_code": "18006", "name": "Albuñol", "province": "Granada"}, "geometry": {"type": "Polygon", "coordinates": [[[-3.23334, 36.75004], [-3.2335, 36.75283], [-3.23213, 36.7552], [-3.23744, 36.76975], [-3.2341, 36.78609], [-3.23616, 36.79765], [-3.24236, 36.79988], [-3.24117, 36.80964], [-3.23456, 36.81419], [-3.22928, 36.81115], [-3.20719, 36.81266], [-3.20054, 36.81048], [-3.19209, 36.81303], [-3.18595, 36.81098], [-3.18506, 36.82168], [-3.17957, 36.83382], [-3.16959, 36.83471], [-3.16764, 36.81782], [-3.15634, 36.79532], [-3.14146, 36.79079], [-3.13999, 36.78508], [-3.134, 36.78132], [-3.13685, 36.76643], [-3.12869, 36.75086], [-3.14429, 36.74394], [-3.15519, 36.74742], [-3.16711, 36.74423], [-3.17491, 36.74902], [-3.18682, 36.75032], [-3.20206, 36.75046], [-3.21181, 36.74526], [-3.23025, 36.75164], [-3.23334, 36.75004]]]}}, {"type": "Feature", "properties": {"ine_code": "18007", "name": "Albuñuelas", "province": "Granada"}, "geometry": {"type": "Polygon", "coordinates": [[[-3.76464, 36.87309], [-3.77004, 36.89002], [-3.76487, 36.89292], [-3.75605, 36.90663], [-3.75906, 36.91724], [-3.75163, 36.93707], [-3.74877, 36.96706], [-3.74402, 36.9731], [-3.72128, 36.9692], [-3.70987, 36.97824], [-3.70435, 36.98765], [-3.69206, 36.98826], [-3.6854, 36.98229], [-3.6721, 36.98068], [-3.66941, 36.98618], [-3.65802, 36.99453], [-3.6403, 36.99794], [-3.63021, 36.99601], [-3.6284, 36.99292], [-3.63923, 36.9789], [-3.63982, 36.96859], [-3.63086, 36.95213], [-3.62526, 36.94755], [-3.61955, 36.94872], [-3.60696, 36.93537], [-3.60839, 36.91388], [-3.60514, 36.89908], [-3.61181, 36.89174], [-3.63472, 36.89755], [-3.64329, 36.89441], [-3.66002, 36.89775], [-3.66318, 36.89348], [-3.68133, 36.88586], [-3.67679, 36.87953], [-3.68042, 36.87092], [-3.68617, 36.86884], [-3.68857, 36.86417], [-3.70117, 36.86124], [-3.70661, 36.86375], [-3.70565, 36.86814], [-3.7233, 36.87161], [-3.74468, 36.87371], [-3.74914, 36.87156], [-3.75994, 36.87593], [-3.76464, 36.87309]]]}}, {"type": "Feature", "properties": {"ine_code": "18010", "name": "Aldeire", "province": "Granada"}, "geometry": {"type": "MultiPolygon", "coordinates": [[[[-3.11586, 37.09632], [-3.12232, 37.12431], [-3.12062, 37.13367], [-3.10655, 37.15532], [-3.09539, 37.15786], [-3.09528, 37.16804], [-3.10182, 37.18279], [-3.09687, 37.21312], [-3.08037, 37.17951], [-3.07371, 37.17519], [-3.06591, 37.17848], [-3.05962, 37.15969], [-3.05174, 37.15721], [-3.0463, 37.14599], [-3.04954, 37.1377], [-3.04552, 37.1237], [-3.05227, 37.11772], [-3.044, 37.11495], [-3.04566, 37.10928], [-3.04128, 37.10173], [-3.05348, 37.09275], [-3.07493, 37.09095], [-3.09898, 37.10088], [-3.10368, 37.10099], [-3.10968, 37.09466], [-3.11586, 37.09632]]], [[[-3.08667, 37.24243], [-3.07049, 37.24713], [-3.05706, 37.25694], [-3.02854, 37.26248], [-3.0457, 37.23095], [-3.05341, 37.22331], [-3.06107, 37.20272], [-3.06584, 37.20627], [-3.06874, 37.19629], [-3.08345, 37.22655], [-3.08667, 37.24243]]]]}}, {"type": "Feature", "properties": {"ine_code": "18011", "name": "Alfacar", "province": "Granada"}, "geometry": {"type": "Polygon", "coordinates": [[[-3.58515, 37.22093], [-3.59432, 37.23071], [-3.59198, 37.23413], [-3.59668, 37.23832], [-3.58805, 37.24016], [-3.58796, 37.24356], [-3.58167, 37.24742], [-3.56554, 37.25271], [-3.54798, 37.26352], [-3.50644, 37.27592], [-3.50942, 37.27319], [-3.50528, 37.26506], [-3.51079, 37.26082], [-3.54076, 37.25177], [-3.53914, 37.24868], [-3.54812, 37.23905], [-3.56258, 37.23388], [-3.56728, 37.22885], [-3.5704, 37.21944], [-3.58515, 37.22093]]]}}, {"type": "Feature", "properties": {"ine_code": "18012", "name": "Algarinejo", "province": "Granada"}, "geometry": {"type": "Polygon", "coordinates": [[[-4.18526, 37.26137], [-4.20123, 37.25798], [-4.22372, 37.24555], [-4.23515, 37.2506], [-4.2457, 37.2483], [-4.25869, 37.25153], [-4.26325, 37.26038], [-4.24813, 37.26912], [-4.23651, 37.29722], [-4.2382, 37.33347], [-4.22307, 37.34047], [-4.20933, 37.35247], [-4.17317, 37.34864], [-4.14584, 37.33519], [-4.13258, 37.31574], [-4.10706, 37.29514], [-4.11212, 37.28894], [-4.12765, 37.28286], [-4.12804, 37.27824], [-4.14111, 37.27645], [-4.15491, 37.27882], [-4.16895, 37.27461], [-4.18212, 37.26741], [-4.18526, 37.26137]]]}}, {"type": "Feature", "properties": {"ine_code": "18013", "name": "Alhama de Granada", "province": "Granada"}, "geometry": {"type": "MultiPolygon", "coordinates": [[[[-4.10984, 36.97374], [-4.08938, 36.97931], [-4.08016, 36.9762], [-4.08243, 36.9892], [-4.08913, 36.99823], [-4.13819, 37.03148], [-4.16596, 37.03429], [-4.18282, 37.02869], [-4.1844, 37.03684], [-4.18144, 37.05042], [-4.11416, 37.07471], [-4.08565, 37.07893], [-4.08473, 37.08304], [-4.05836, 37.09226], [-4.04977, 37.09208], [-4.02126, 37.10043], [-4.01337, 37.09762], [-3.99426, 37.11825], [-3.98219, 37.11711], [-3.98009, 37.12522], [-3.98296, 37.13168], [-3.97558, 37.14176], [-3.97571, 37.14906], [-3.96508, 37.15437], [-3.95348, 37.14468], [-3.95954, 37.13453], [-3.94807, 37.12274], [-3.94923, 37.12064], [-3.94508, 37.12083], [-3.94014, 37.11573], [-3.9362, 37.10423], [-3.93983, 37.09827], [-3.93426, 37.09716], [-3.93184, 37.08796], [-3.93449, 37.0881], [-3.93025, 37.06177], [-3.92707, 37.0572], [-3.92804, 37.04415], [-3.92062, 37.02662], [-3.91613, 37.02788], [-3.90628, 37.02268], [-3.90653, 37.01969], [-3.90136, 37.02039], [-3.89491, 37.02437], [-3.90521, 37.0243], [-3.90438, 37.03046], [-3.88665, 37.03499], [-3.87826, 37.0251], [-3.87209, 37.02489], [-3.88799, 37.02091], [-3.92647, 37.00323], [-3.92378, 36.99455], [-3.91801, 36.98971], [-3.91537, 36.96954], [-3.93512, 36.96278], [-3.92692, 36.95787], [-3.92589, 36.9467], [-3.93942, 36.9351], [-3.93768, 36.92902], [-3.90611, 36.9154], [-3.90343, 36.90517], [-3.90566, 36.89146], [-3.88895, 36.87794], [-3.84916, 36.87378], [-3.83929, 36.88939], [-3.81948, 36.88281], [-3.81652, 36.8901], [-3.82832, 36.90533], [-3.82682, 36.9101], [-3.81907, 36.90715], [-3.81364, 36.89625], [-3.80617, 36.89187], [-3.80501, 36.88303], [-3.77996, 36.86704], [-3.79508, 36.85797], [-3.80955, 36.85829], [-3.81532, 36.84685], [-3.82717, 36.85553], [-3.84233, 36.85821], [-3.86761, 36.85068], [-3.88255, 36.85769], [-3.88079, 36.85988], [-3.89056, 36.86755], [-3.8955, 36.86536], [-3.91255, 36.8694], [-3.9186, 36.86808], [-3.9241, 36.87898], [-3.92952, 36.88288], [-3.96, 36.88753], [-3.97078, 36.89205], [-3.99872, 36.88993], [-4.01382, 36.89864], [-4.03611, 36.90465], [-4.04656, 36.90303], [-4.05388, 36.9149], [-4.06124, 36.9199], [-4.08996, 36.93216], [-4.09862, 36.94257], [-4.09973, 36.95272], [-4.11137, 36.94966], [-4.14059, 36.95247], [-4.10984, 36.97374]], [[-3.97618, 37.04069], [-3.97395, 37.043], [-3.97628, 37.04971], [-3.94434, 37.05021], [-3.94515, 37.05825], [-3.94074, 37.07126], [-3.94475, 37.06988], [-3.95392, 37.07804], [-3.96076, 37.0788], [-3.96121, 37.07196], [-3.96462, 37.07197], [-3.9759, 37.0859], [-4.00535, 37.07438], [-4.00292, 37.05904], [-3.99148, 37.05248], [-3.99057, 37.04693], [-3.97997, 37.04637], [-3.97618, 37.04069]]], [[[-3.92606, 37.12171], [-3.90693, 37.12283], [-3.90178, 37.11574], [-3.89701, 37.09791], [-3.89794, 37.09071], [-3.90798, 37.08969], [-3.92247, 37.09324], [-3.92773, 37.11535], [-3.92606, 37.12171]]]]}}, {"type": "Feature", "properties": {"ine_code": "18014", "name": "Alhendín", "province": "Granada"}, "geometry": {"type": "Polygon", "coordinates": [[[-3.7615, 36.98396], [-3.77199, 36.98912], [-3.77523, 36.99617], [-3.75924, 37.02567], [-3.76473, 37.03081], [-3.76429, 37.03519], [-3.73818, 37.03687], [-3.73069, 37.04947], [-3.73298, 37.06542], [-3.72695, 37.07125], [-3.72757, 37.07616], [-3.70202, 37.08855], [-3.69592, 37.09484], [-3.69764, 37.09763], [-3.69485, 37.10363], [-3.68738, 37.10904], [-3.68182, 37.10989], [-3.67948, 37.10677], [-3.6688, 37.10906], [-3.65922, 37.11995], [-3.64557, 37.12035], [-3.63955, 37.12378], [-3.62983, 37.13838], [-3.62503, 37.13544], [-3.63475, 37.11973], [-3.6232, 37.10844], [-3.64579, 37.0998], [-3.65848, 37.08661], [-3.67685, 37.07663], [-3.70005, 37.0345], [-3.70972, 37.03541], [-3.71963, 37.02727], [-3.74635, 37.02456], [-3.75164, 37.01652], [-3.74861, 37.00822], [-3.7615, 36.98396]]]}}, {"type": "Feature", "properties": {"ine_code": "18015", "name": "Alicún de Ortega", "province": "Granada"}, "geometry": {"type": "Polygon", "coordinates": [[[-3.11651, 37.60812], [-3.121, 37.60228], [-3.11338, 37.59789], [-3.11951, 37.59349], [-3.11506, 37.59268], [-3.11512, 37.59013], [-3.12484, 37.59428], [-3.14046, 37.5867], [-3.1534, 37.59041], [-3.15957, 37.5879], [-3.15917, 37.59207], [-3.16854, 37.59214], [-3.17731, 37.60699], [-3.21028, 37.60829], [-3.21692, 37.61505], [-3.21311, 37.62087], [-3.19762, 37.62592], [-3.15689, 37.62391], [-3.15349, 37.62678], [-3.11651, 37.60812]]]}}, {"type": "Feature", "properties": {"ine_code": "18016", "name": "Almegíjar", "province": "Granada"}, "geometry": {"type": "Polygon", "coordinates": [[[-3.24384, 36.87941], [-3.25439, 36.87475], [-3.26786, 36.87574], [-3.27688, 36.88176], [-3.28095, 36.87941], [-3.28641, 36.88572], [-3.30163, 36.89368], [-3.31179, 36.89223], [-3.31232, 36.88874], [-3.33515, 36.88735], [-3.32924, 36.89236], [-3.32574, 36.91243], [-3.31868, 36.91358], [-3.3121, 36.9192], [-3.29944, 36.91929], [-3.29675, 36.92392], [-3.28422, 36.92655], [-3.27409, 36.93646], [-3.27609, 36.94113], [-3.26387, 36.92236], [-3.25752, 36.9194], [-3.25452, 36.89959], [-3.24706, 36.8923], [-3.24384, 36.87941]], [[-3.29587, 36.91471], [-3.29364, 36.91798], [-3.29668, 36.92139], [-3.29849, 36.91929], [-3.29587, 36.91471]]]}}, {"type": "Feature", "properties": {"ine_code": "18017", "name": "Almuñécar", "province": "Granada"}, "geometry": {"type": "Polygon", "coordinates": [[[-3.79061, 36.82069], [-3.75819, 36.82279], [-3.75309, 36.8178], [-3.74504, 36.81841], [-3.73413, 36.81155], [-3.71824, 36.80812], [-3.71408, 36.80091], [-3.70639, 36.79756], [-3.68958, 36.80168], [-3.68245, 36.80003], [-3.68243, 36.79427], [-3.68996, 36.78897], [-3.6886, 36.77372], [-3.67056, 36.77241], [-3.63642, 36.75009], [-3.63772, 36.74225], [-3.66067, 36.74586], [-3.67695, 36.72952], [-3.69067, 36.73067], [-3.69452, 36.72772], [-3.70363, 36.73374], [-3.7187, 36.73255], [-3.72692, 36.72867], [-3.7275, 36.71918], [-3.73527, 36.72001], [-3.73561, 36.72811], [-3.75009, 36.73809], [-3.76208, 36.73498], [-3.76398, 36.72931], [-3.77196, 36.73112], [-3.77744, 36.73792], [-3.78228, 36.76445], [-3.77765, 36.77472], [-3.76663, 36.78538], [-3.77101, 36.79656], [-3.76814, 36.80196], [-3.7865, 36.81238], [-3.79061, 36.82069]]]}}, {"type": "Feature", "properties": {"ine_code": "18018", "name": "Alquife", "province": "Granada"}, "geometry": {"type": "MultiPolygon", "coordinates": [[[[-3.10771, 37.1561], [-3.11363, 37.16646], [-3.12023, 37.16727], [-3.12916, 37.17504], [-3.1289, 37.17917], [-3.0952, 37.22582], [-3.10182, 37.18279], [-3.09528, 37.16804], [-3.09539, 37.15786], [-3.10119, 37.15471], [-3.10771, 37.1561]]], [[[-3.11302, 37.22447], [-3.12808, 37.20459], [-3.13406, 37.20201], [-3.11607, 37.22638], [-3.11302, 37.22447]]]]}}, {"type": "Feature", "properties": {"ine_code": "18020", "name": "Arenas del Rey", "province": "Granada"}, "geometry": {"type": "Polygon", "coordinates": [[[-3.92692, 36.95787], [-3.93512, 36.96278], [-3.91537, 36.96954], [-3.91801, 36.98971], [-3.92378, 36.99455], [-3.92647, 37.00323], [-3.91581, 37.00955], [-3.87209, 37.02489], [-3.85699, 37.00828], [-3.84497, 37.00679], [-3.83956, 37.00141], [-3.82157, 37.00151], [-3.81931, 36.99414], [-3.81126, 36.99354], [-3.82066, 36.99141], [-3.82363, 36.98547], [-3.83717, 36.97873], [-3.86518, 36.97569], [-3.87003, 36.97115], [-3.87197, 36.96097], [-3.86231, 36.95134], [-3.86377, 36.94643], [-3.85626, 36.9398], [-3.85839, 36.93613], [-3.85341, 36.93439], [-3.85385, 36.92982], [-3.843, 36.92349], [-3.8294, 36.9089], [-3.81652, 36.8901], [-3.81771, 36.88473], [-3.81948, 36.88281], [-3.83929, 36.88939], [-3.84916, 36.87378], [-3.88895, 36.87794], [-3.90566, 36.89146], [-3.90343, 36.90517], [-3.90611, 36.9154], [-3.89735, 36.92085], [-3.89246, 36.9393], [-3.90219, 36.93907], [-3.90122, 36.94261], [-3.90891, 36.94134], [-3.91307, 36.94798], [-3.91881, 36.95046], [-3.92249, 36.95859], [-3.92692, 36.95787]]]}}, {"type": "Feature", "properties": {"ine_code": "18021", "name": "Armilla", "province": "Granada"}, "geometry": {"type": "Polygon", "coordinates": [[[-3.63037, 37.16025], [-3.61645, 37.16122], [-3.60554, 37.15199], [-3.60986, 37.13932], [-3.62034, 37.13808], [-3.62412, 37.13402], [-3.63212, 37.13883], [-3.63099, 37.14595], [-3.62445, 37.15408], [-3.63037, 37.16025]]]}}, {"type": "Feature", "properties": {"ine_code": "18022", "name": "Atarfe", "province": "Granada"}, "geometry": {"type": "Polygon", "coordinates": [[[-3.71298, 37.21109], [-3.70528, 37.21407], [-3.71099, 37.22659], [-3.71802, 37.22632], [-3.72196, 37.22213], [-3.73382, 37.22681], [-3.74053, 37.23313], [-3.74078, 37.23664], [-3.72927, 37.2406], [-3.72659, 37.24747], [-3.73502, 37.26099], [-3.73278, 37.26926], [-3.73465, 37.27149], [-3.73717, 37.26791], [-3.74422, 37.26846], [-3.74839, 37.27166], [-3.74734, 37.27602], [-3.73826, 37.28871], [-3.73945, 37.29608], [-3.73293, 37.29525], [-3.7206, 37.29992], [-3.70593, 37.29168], [-3.71206, 37.30286], [-3.70517, 37.30528], [-3.70105, 37.30238], [-3.69084, 37.30259], [-3.68489, 37.30634], [-3.68073, 37.295], [-3.6725, 37.29273], [-3.67124, 37.27852], [-3.68822, 37.26439], [-3.7015, 37.24493], [-3.68688, 37.2428], [-3.68616, 37.2373], [-3.66987, 37.22034], [-3.66816, 37.21612], [-3.67087, 37.21482], [-3.65268, 37.20671], [-3.65716, 37.2041], [-3.68952, 37.20841], [-3.69851, 37.2024], [-3.71298, 37.21109]]]}}, {"type": "Feature", "properties": {"ine_code": "18023", "name": "Baza", "province": "Granada"}, "geometry": {"type": "Polygon", "coordinates": [[[-2.93994, 37.44021], [-2.93718, 37.4563], [-2.93863, 37.47876], [-2.93285, 37.47866], [-2.92252, 37.4497], [-2.87265, 37.47631], [-2.86735, 37.48335], [-2.86632, 37.49437], [-2.81967, 37.50556], [-2.80085, 37.52605], [-2.80856, 37.54416], [-2.79825, 37.56222], [-2.7953, 37.58341], [-2.82114, 37.61049], [-2.82995, 37.64457], [-2.82094, 37.63197], [-2.80249, 37.62805], [-2.79468, 37.61984], [-2.7838, 37.61683], [-2.79737, 37.60228], [-2.78206, 37.60082], [-2.7742, 37.60373], [-2.76889, 37.59902], [-2.76493, 37.60106], [-2.76109, 37.59738], [-2.75373, 37.59715], [-2.75143, 37.59], [-2.72235, 37.57297], [-2.71196, 37.56361], [-2.70755, 37.56786], [-2.69462, 37.56723], [-2.68648, 37.57018], [-2.65585, 37.55996], [-2.65176, 37.55617], [-2.65635, 37.53089], [-2.65036, 37.51897], [-2.64326, 37.51097], [-2.63118, 37.51224], [-2.62178, 37.50627], [-2.59511, 37.50126], [-2.59199, 37.48407], [-2.58518, 37.47042], [-2.60211, 37.47233], [-2.651, 37.49131], [-2.68091, 37.49098], [-2.69612, 37.49474], [-2.7205, 37.48575], [-2.76713, 37.45118], [-2.76119, 37.41674], [-2.75213, 37.39885], [-2.75339, 37.37331], [-2.74745, 37.35543], [-2.75305, 37.35359], [-2.75512, 37.34902], [-2.75281, 37.34501], [-2.74267, 37.34336], [-2.74959, 37.33878], [-2.73121, 37.32912], [-2.72057, 37.32741], [-2.68497, 37.32525], [-2.66404, 37.33264], [-2.65345, 37.33237], [-2.65171, 37.32968], [-2.65048, 37.32586], [-2.65459, 37.31763], [-2.65104, 37.31466], [-2.65157, 37.30952], [-2.65603, 37.30763], [-2.65606, 37.3035], [-2.66303, 37.29614], [-2.66565, 37.28533], [-2.66171, 37.26668], [-2.66751, 37.24952], [-2.66379, 37.23276], [-2.65763, 37.22892], [-2.66012, 37.21199], [-2.66461, 37.21183], [-2.66911, 37.2172], [-2.69273, 37.21723], [-2.69416, 37.22076], [-2.70986, 37.22543], [-2.71853, 37.2338], [-2.72532, 37.23114], [-2.73302, 37.23732], [-2.73999, 37.22876], [-2.75903, 37.22671], [-2.77979, 37.25107], [-2.77485, 37.25354], [-2.77896, 37.25696], [-2.77896, 37.26263], [-2.79499, 37.26341], [-2.8149, 37.27087], [-2.82005, 37.27816], [-2.83384, 37.28234], [-2.83233, 37.28794], [-2.84846, 37.2954], [-2.85268, 37.29221], [-2.85417, 37.30084], [-2.86037, 37.30671], [-2.86192, 37.31322], [-2.85044, 37.31354], [-2.83209, 37.32562], [-2.83665, 37.32879], [-2.83564, 37.33526], [-2.83974, 37.34263], [-2.83349, 37.35099], [-2.8362, 37.36355], [-2.85309, 37.36887], [-2.86253, 37.36419], [-2.87282, 37.36593], [-2.88239, 37.36304], [-2.89886, 37.36792], [-2.89984, 37.37877], [-2.89153, 37.39036], [-2.89747, 37.3947], [-2.91663, 37.39923], [-2.93994, 37.44021]]]}}, {"type": "Feature", "properties": {"ine_code": "18024", "name": "Beas de Granada", "province": "Granada"}, "geometry": {"type": "Polygon", "coordinates": [[[-3.50995, 37.21707], [-3.4807, 37.23269], [-3.48235, 37.24069], [-3.47635, 37.24375], [-3.47267, 37.25125], [-3.46391, 37.25335], [-3.46291, 37.26249], [-3.45906, 37.26696], [-3.43714, 37.27118], [-3.4299, 37.27591], [-3.44033, 37.23344], [-3.44831, 37.2295], [-3.45172, 37.22189], [-3.47487, 37.21352], [-3.4821, 37.202], [-3.49789, 37.20512], [-3.50995, 37.21707]]]}}, {"type": "Feature", "properties": {"ine_code": "18025", "name": "Beas de Guadix", "province": "Granada"}, "geometry": {"type": "Polygon", "coordinates": [[[-3.21723, 37.25429], [-3.23663, 37.26396], [-3.24811, 37.26063], [-3.24778, 37.27631], [-3.23556, 37.29004], [-3.22645, 37.28773], [-3.23158, 37.28246], [-3.22251, 37.27853], [-3.20322, 37.29466], [-3.19287, 37.29405], [-3.18575, 37.28769], [-3.17466, 37.29381], [-3.17137, 37.29231], [-3.1782, 37.28262], [-3.18307, 37.28188], [-3.18124, 37.28078], [-3.19079, 37.26893], [-3.21177, 37.2624], [-3.21723, 37.25429]]]}}, {"type": "Feature", "properties": {"ine_code": "18027", "name": "Benalúa", "province": "Granada"}, "geometry": {"type": "Polygon", "coordinates": [[[-3.18864, 37.36196], [-3.17626, 37.3622], [-3.17585, 37.37], [-3.16572, 37.37478], [-3.15627, 37.3717], [-3.15669, 37.36754], [-3.14235, 37.34936], [-3.15282, 37.34357], [-3.15997, 37.3439], [-3.16513, 37.33891], [-3.18519, 37.35435], [-3.18864, 37.36196]]]}}, {"type": "Feature", "properties": {"ine_code": "18028", "name": "Benalúa de las Villas", "province": "Granada"}, "geometry": {"type": "Polygon", "coordinates": [[[-3.70145, 37.44815], [-3.68391, 37.46974], [-3.67211, 37.4737], [-3.66331, 37.47258], [-3.66232, 37.45947], [-3.64933, 37.45636], [-3.65144, 37.44934], [-3.63932, 37.44944], [-3.64138, 37.44669], [-3.62233, 37.44157], [-3.63149, 37.43758], [-3.64752, 37.44176], [-3.65116, 37.43825], [-3.64673, 37.4362], [-3.64642, 37.4217], [-3.6802, 37.41676], [-3.69271, 37.42615], [-3.69294, 37.43002], [-3.70052, 37.43743], [-3.6947, 37.44375], [-3.70145, 37.44815]], [[-3.67599, 37.44187], [-3.66585, 37.44355], [-3.66315, 37.45196], [-3.68229, 37.44999], [-3.67599, 37.44187]]]}}, {"type": "Feature", "properties": {"ine_code": "18029", "name": "Benamaurel", "province": "Granada"}, "geometry": {"type": "Polygon", "coordinates": [[[-2.7838, 37.61683], [-2.7847, 37.61999], [-2.75925, 37.62122], [-2.74642, 37.62554], [-2.74486, 37.64739], [-2.73956, 37.65491], [-2.7324, 37.65527], [-2.72681, 37.66234], [-2.72945, 37.66641], [-2.72538, 37.67173], [-2.73822, 37.68368], [-2.73857, 37.6895], [-2.74453, 37.69435], [-2.74188, 37.69796], [-2.75337, 37.70771], [-2.76384, 37.70921], [-2.74332, 37.71563], [-2.73512, 37.70892], [-2.72247, 37.70733], [-2.71058, 37.69843], [-2.71138, 37.69401], [-2.67042, 37.66784], [-2.6312, 37.66592], [-2.62969, 37.66005], [-2.63204, 37.65681], [-2.62678, 37.65357], [-2.62052, 37.63631], [-2.61174, 37.62938], [-2.61769, 37.62296], [-2.63428, 37.62296], [-2.63514, 37.60446], [-2.64729, 37.59479], [-2.66524, 37.5909], [-2.66694, 37.58202], [-2.65504, 37.55867], [-2.68648, 37.57018], [-2.69462, 37.56723], [-2.70755, 37.56786], [-2.71196, 37.56361], [-2.72235, 37.57297], [-2.75143, 37.59], [-2.75373, 37.59715], [-2.76109, 37.59738], [-2.76493, 37.60106], [-2.76889, 37.59902], [-2.7742, 37.60373], [-2.78206, 37.60082], [-2.79766, 37.60244], [-2.7838, 37.61683]]]}}, {"type": "Feature", "properties": {"ine_code": "18030", "name": "Bérchules", "province": "Granada"}, "geometry": {"type": "Polygon", "coordinates": [[[-3.2377, 36.99473], [-3.23733, 37.00374], [-3.2228, 37.03298], [-3.22281, 37.04855], [-3.21759, 37.06029], [-3.21766, 37.06862], [-3.21213, 37.07749], [-3.20039, 37.0905], [-3.16961, 37.09433], [-3.15963, 37.09215], [-3.16065, 37.07299], [-3.16661, 37.05983], [-3.16713, 37.03541], [-3.17188, 37.01856], [-3.17906, 37.00837], [-3.17403, 36.99187], [-3.17628, 36.9806], [-3.17346, 36.97657], [-3.1776, 36.96728], [-3.18454, 36.96079], [-3.1857, 36.96613], [-3.18658, 36.9587], [-3.19926, 36.94687], [-3.20654, 36.95038], [-3.20796, 36.96009], [-3.22558, 36.98494], [-3.2377, 36.99473]]]}}, {"type": "Feature", "properties": {"ine_code": "18032", "name": "Bubión", "province": "Granada"}, "geometry": {"type": "MultiPolygon", "coordinates": [[[[-3.35052, 36.94027], [-3.36046, 36.94332], [-3.3644, 36.95354], [-3.37752, 36.95273], [-3.38138, 36.96415], [-3.37064, 36.95984], [-3.36523, 36.96169], [-3.36178, 36.95431], [-3.35415, 36.95551], [-3.33682, 36.9668], [-3.33282, 36.97593], [-3.33178, 36.95563], [-3.35052, 36.94027]]], [[[-3.40631, 37.01604], [-3.39811, 37.03577], [-3.39464, 37.03804], [-3.38551, 37.03366], [-3.38501, 37.02593], [-3.37212, 37.01655], [-3.3726, 37.01072], [-3.36779, 37.00231], [-3.35994, 36.99532], [-3.35943, 36.99005], [-3.37555, 36.97724], [-3.37999, 36.96473], [-3.3788, 36.98335], [-3.36842, 36.99291], [-3.37736, 37.00796], [-3.38273, 37.01121], [-3.39041, 37.00973], [-3.40631, 37.01604]]]]}}, {"type": "Feature", "properties": {"ine_code": "18033", "name": "Busquístar", "province": "Granada"}, "geometry": {"type": "Polygon", "coordinates": [[[-3.30545, 36.93674], [-3.28693, 36.96365], [-3.28982, 36.96653], [-3.28535, 36.97798], [-3.2934, 36.99257], [-3.2799, 36.99268], [-3.27092, 36.98018], [-3.26321, 36.97704], [-3.2495, 36.97717], [-3.24964, 36.97109], [-3.25873, 36.95601], [-3.27609, 36.94113], [-3.27409, 36.93646], [-3.28422, 36.92655], [-3.29552, 36.92444], [-3.30351, 36.93086], [-3.30545, 36.93674]]]}}, {"type": "Feature", "properties": {"ine_code": "18034", "name": "Cacín", "province": "Granada"}, "geometry": {"type": "Polygon", "coordinates": [[[-3.96508, 37.15437], [-3.95715, 37.15597], [-3.91843, 37.12414], [-3.92606, 37.12171], [-3.92773, 37.11535], [-3.92247, 37.09324], [-3.89588, 37.08994], [-3.89479, 37.08266], [-3.88858, 37.078], [-3.89282, 37.07575], [-3.89162, 37.072], [-3.88488, 37.06965], [-3.87957, 37.06151], [-3.88158, 37.05661], [-3.87511, 37.05091], [-3.87757, 37.04322], [-3.87209, 37.02489], [-3.87826, 37.0251], [-3.88665, 37.03499], [-3.90438, 37.03046], [-3.90521, 37.0243], [-3.89491, 37.02437], [-3.90136, 37.02039], [-3.90653, 37.01969], [-3.90628, 37.02268], [-3.91613, 37.02788], [-3.92062, 37.02662], [-3.92804, 37.04415], [-3.92707, 37.0572], [-3.93025, 37.06177], [-3.93449, 37.0881], [-3.93184, 37.08796], [-3.93426, 37.09716], [-3.93983, 37.09827], [-3.9362, 37.10423], [-3.94014, 37.11573], [-3.94508, 37.12083], [-3.94923, 37.12064], [-3.94807, 37.12274], [-3.95954, 37.13453], [-3.95348, 37.14468], [-3.96508, 37.15437]]]}}, {"type": "Feature", "properties": {"ine_code": "18035", "name": "Cádiar", "province": "Granada"}, "geometry": {"type": "Polygon", "coordinates": [[[-3.19926, 36.94687], [-3.18658, 36.9587], [-3.18686, 36.96285], [-3.1857, 36.96613], [-3.18356, 36.96097], [-3.17385, 36.97375], [-3.15844, 36.95312], [-3.14133, 36.96494], [-3.1381, 36.95939], [-3.13455, 36.95994], [-3.12354, 36.96899], [-3.11816, 36.96391], [-3.11898, 36.95914], [-3.10807, 36.94838], [-3.11814, 36.94234], [-3.11698, 36.93699], [-3.12553, 36.93707], [-3.13098, 36.943], [-3.12852, 36.93789], [-3.13542, 36.93375], [-3.15468, 36.93382], [-3.15409, 36.9186], [-3.14258, 36.89289], [-3.15038, 36.88686], [-3.18216, 36.87772], [-3.18763, 36.88036], [-3.19271, 36.87832], [-3.18796, 36.88742], [-3.1946, 36.89331], [-3.2063, 36.92021], [-3.20146, 36.93026], [-3.19926, 36.94687]]]}}, {"type": "Feature", "properties": {"ine_code": "18036", "name": "Cájar", "province": "Granada"}, "geometry": {"type": "Polygon", "coordinates": [[[-3.55347, 37.11244], [-3.58147, 37.13484], [-3.57802, 37.13816], [-3.57991, 37.14046], [-3.57494, 37.14254], [-3.56995, 37.14024], [-3.56523, 37.12764], [-3.55347, 37.11244]]]}}, {"type": "Feature", "properties": {"ine_code": "18037", "name": "Calicasas", "province": "Granada"}, "geometry": {"type": "Polygon", "coordinates": [[[-3.62605, 37.26295], [-3.63292, 37.26504], [-3.64159, 37.26293], [-3.64656, 37.2719], [-3.64711, 37.2815], [-3.63694, 37.30158], [-3.6258, 37.30203], [-3.62027, 37.29213], [-3.61267, 37.28982], [-3.60959, 37.28254], [-3.61126, 37.27794], [-3.60556, 37.27757], [-3.60988, 37.26507], [-3.62605, 37.26295]]]}}, {"type": "Feature", "properties": {"ine_code": "18038", "name": "Campotéjar", "province": "Granada"}, "geometry": {"type": "Polygon", "coordinates": [[[-3.6265, 37.52906], [-3.59992, 37.54738], [-3.59079, 37.5485], [-3.59173, 37.5509], [-3.58344, 37.55364], [-3.57947, 37.54765], [-3.57985, 37.54207], [-3.57109, 37.53276], [-3.56828, 37.53316], [-3.57067, 37.53048], [-3.56466, 37.52425], [-3.56683, 37.52174], [-3.56513, 37.51307], [-3.57051, 37.51063], [-3.57269, 37.49984], [-3.57025, 37.49341], [-3.56606, 37.49241], [-3.58562, 37.48362], [-3.58714, 37.47584], [-3.5958, 37.47589], [-3.62928, 37.46224], [-3.63502, 37.4677], [-3.63292, 37.47908], [-3.63908, 37.4856], [-3.63592, 37.49264], [-3.6372, 37.49821], [-3.62384, 37.49942], [-3.61609, 37.50494], [-3.61434, 37.51177], [-3.5993, 37.52097], [-3.60421, 37.52728], [-3.6265, 37.52906]]]}}, {"type": "Feature", "properties": {"ine_code": "18039", "name": "Caniles", "province": "Granada"}, "geometry": {"type": "Polygon", "coordinates": [[[-2.59679, 37.42102], [-2.64164, 37.38779], [-2.64319, 37.37594], [-2.63509, 37.36472], [-2.63729, 37.34333], [-2.6543, 37.34087], [-2.65345, 37.33237], [-2.6696, 37.33169], [-2.68497, 37.32525], [-2.73121, 37.32912], [-2.74959, 37.33878], [-2.74267, 37.34336], [-2.75281, 37.34501], [-2.75502, 37.34865], [-2.75305, 37.35359], [-2.74745, 37.35543], [-2.75339, 37.37331], [-2.75213, 37.39885], [-2.76119, 37.41674], [-2.76713, 37.45118], [-2.7205, 37.48575], [-2.70604, 37.49237], [-2.69612, 37.49474], [-2.68091, 37.49098], [-2.64802, 37.49066], [-2.60211, 37.47233], [-2.58518, 37.47042], [-2.57661, 37.44758], [-2.57121, 37.44266], [-2.57727, 37.42903], [-2.59679, 37.42102]]]}}, {"type": "Feature", "properties": {"ine_code": "18040", "name": "Cáñar", "province": "Granada"}, "geometry": {"type": "Polygon", "coordinates": [[[-3.45274, 36.92782], [-3.45766, 36.94165], [-3.43922, 36.96288], [-3.41371, 37.01156], [-3.40631, 37.01604], [-3.39729, 37.00091], [-3.40196, 36.99706], [-3.40284, 36.98371], [-3.40926, 36.97318], [-3.4128, 36.9341], [-3.41737, 36.92459], [-3.43157, 36.91641], [-3.43612, 36.91723], [-3.43535, 36.92035], [-3.44642, 36.92747], [-3.45274, 36.92782]]]}}, {"type": "Feature", "properties": {"ine_code": "18042", "name": "Capileira", "province": "Granada"}, "geometry": {"type": "Polygon", "coordinates": [[[-3.39464, 37.03804], [-3.39012, 37.04302], [-3.37146, 37.04812], [-3.36567, 37.05603], [-3.34862, 37.05379], [-3.32477, 37.05751], [-3.31156, 37.05338], [-3.31024, 37.04053], [-3.29969, 37.0352], [-3.30162, 37.01644], [-3.31458, 36.992], [-3.33282, 36.97593], [-3.33682, 36.9668], [-3.35383, 36.95561], [-3.36178, 36.95431], [-3.36523, 36.96169], [-3.37064, 36.95984], [-3.38138, 36.96415], [-3.37555, 36.97724], [-3.37119, 36.98208], [-3.36796, 36.98157], [-3.35908, 36.99349], [-3.37254, 37.01061], [-3.37212, 37.01655], [-3.38501, 37.02593], [-3.38551, 37.03366], [-3.39464, 37.03804]]]}}, {"type": "Feature", "properties": {"ine_code": "18043", "name": "Carataunas", "province": "Granada"}, "geometry": {"type": "Polygon", "coordinates": [[[-3.41538, 36.92794], [-3.41272, 36.93529], [-3.41317, 36.93043], [-3.40784, 36.92557], [-3.38083, 36.92376], [-3.38012, 36.91737], [-3.36818, 36.91266], [-3.38315, 36.9136], [-3.38301, 36.90949], [-3.38733, 36.90729], [-3.39897, 36.91254], [-3.40509, 36.91186], [-3.41538, 36.92794]]]}}, {"type": "Feature", "properties": {"ine_code": "18044", "name": "Cástaras", "province": "Granada"}, "geometry": {"type": "Polygon", "coordinates": [[[-3.27609, 36.94113], [-3.26237, 36.95081], [-3.25053, 36.96956], [-3.23938, 36.93844], [-3.21599, 36.94122], [-3.23403, 36.90741], [-3.21921, 36.89618], [-3.21803, 36.8905], [-3.20368, 36.87817], [-3.20527, 36.87533], [-3.21991, 36.86861], [-3.23929, 36.87296], [-3.24706, 36.8923], [-3.25452, 36.89959], [-3.25752, 36.9194], [-3.26387, 36.92236], [-3.27609, 36.94113]]]}}, {"type": "Feature", "properties": {"ine_code": "18045", "name": "Castilléjar", "province": "Granada"}, "geometry": {"type": "Polygon", "coordinates": [[[-2.63082, 37.66548], [-2.67042, 37.66784], [-2.71138, 37.69401], [-2.71058, 37.69843], [-2.72247, 37.70733], [-2.73512, 37.70892], [-2.74073, 37.71579], [-2.75208, 37.71479], [-2.76384, 37.70921], [-2.75123, 37.73798], [-2.73489, 37.75296], [-2.71376, 37.795], [-2.7137, 37.81457], [-2.69958, 37.81513], [-2.70203, 37.80482], [-2.66366, 37.79679], [-2.65274, 37.78831], [-2.62618, 37.78309], [-2.62232, 37.77222], [-2.62597, 37.76724], [-2.62467, 37.75544], [-2.62319, 37.74733], [-2.61588, 37.73977], [-2.62035, 37.73006], [-2.61379, 37.71023], [-2.61627, 37.70995], [-2.61455, 37.7062], [-2.6183, 37.69564], [-2.62828, 37.6899], [-2.63135, 37.68462], [-2.62875, 37.66886], [-2.63082, 37.66548]]]}}, {"type": "Feature", "properties": {"ine_code": "18046", "name": "Castril", "province": "Granada"}, "geometry": {"type": "Polygon", "coordinates": [[[-2.88029, 37.75995], [-2.87316, 37.79149], [-2.85696, 37.80989], [-2.84355, 37.81773], [-2.83958, 37.82867], [-2.82889, 37.83717], [-2.83035, 37.83941], [-2.81973, 37.85293], [-2.81961, 37.87614], [-2.80624, 37.88094], [-2.78461, 37.91765], [-2.7732, 37.92594], [-2.76745, 37.91935], [-2.76285, 37.9218], [-2.74315, 37.93578], [-2.73668, 37.94733], [-2.72418, 37.95583], [-2.72286, 37.96246], [-2.71556, 37.96223], [-2.70267, 37.97153], [-2.69145, 37.97281], [-2.69499, 37.96608], [-2.684, 37.93944], [-2.69291, 37.93096], [-2.69606, 37.92347], [-2.7195, 37.90595], [-2.72896, 37.88315], [-2.72448, 37.87893], [-2.72652, 37.87456], [-2.7129, 37.8717], [-2.69558, 37.85492], [-2.70549, 37.84638], [-2.71041, 37.8349], [-2.70826, 37.82597], [-2.71543, 37.80835], [-2.71376, 37.795], [-2.73489, 37.75296], [-2.75123, 37.73798], [-2.76384, 37.70921], [-2.80283, 37.71998], [-2.82833, 37.748], [-2.83664, 37.74467], [-2.84475, 37.75341], [-2.86016, 37.74839], [-2.88029, 37.75995]]]}}, {"type": "Feature", "properties": {"ine_code": "18047", "name": "Cenes de la Vega", "province": "Granada"}, "geometry": {"type": "Polygon", "coordinates": [[[-3.55998, 37.15748], [-3.55953, 37.16066], [-3.54999, 37.15821], [-3.54394, 37.16769], [-3.53764, 37.17137], [-3.5233, 37.16916], [-3.53017, 37.16151], [-3.51941, 37.14431], [-3.53292, 37.14066], [-3.55097, 37.14731], [-3.55251, 37.15403], [-3.55998, 37.15748]]]}}, {"type": "Feature", "properties": {"ine_code": "18048", "name": "Cijuela", "province": "Granada"}, "geometry": {"type": "Polygon", "coordinates": [[[-3.85849, 37.15798], [-3.86011, 37.16827], [-3.85143, 37.16378], [-3.82689, 37.17111], [-3.82318, 37.18072], [-3.82573, 37.20438], [-3.80149, 37.20635], [-3.80408, 37.20497], [-3.80469, 37.17627], [-3.80827, 37.17182], [-3.80707, 37.16529], [-3.81298, 37.14678], [-3.84951, 37.14746], [-3.85668, 37.14249], [-3.86155, 37.14674], [-3.85849, 37.15798]]]}}, {"type": "Feature", "properties": {"ine_code": "18049", "name": "Cogollos de Guadix", "province": "Granada"}, "geometry": {"type": "Polygon", "coordinates": [[[-3.2121, 37.23862], [-3.19704, 37.24233], [-3.17321, 37.26713], [-3.1612, 37.26644], [-3.16146, 37.26111], [-3.15809, 37.26502], [-3.14962, 37.26089], [-3.14929, 37.23776], [-3.1522, 37.23483], [-3.15022, 37.22692], [-3.15464, 37.21305], [-3.15195, 37.20919], [-3.17176, 37.19847], [-3.1988, 37.19811], [-3.20127, 37.20071], [-3.19795, 37.20364], [-3.20174, 37.21213], [-3.20035, 37.2159], [-3.21005, 37.22357], [-3.2121, 37.23862]]]}}, {"type": "Feature", "properties": {"ine_code": "18050", "name": "Cogollos de la Vega", "province": "Granada"}, "geometry": {"type": "Polygon", "coordinates": [[[-3.59199, 37.2754], [-3.61126, 37.27794], [-3.60959, 37.28254], [-3.61267, 37.28982], [-3.62027, 37.29213], [-3.6258, 37.30203], [-3.63846, 37.3011], [-3.63966, 37.30446], [-3.62799, 37.31117], [-3.62762, 37.3169], [-3.61723, 37.31827], [-3.61288, 37.32284], [-3.59854, 37.31618], [-3.59759, 37.31161], [-3.58603, 37.30799], [-3.55601, 37.3147], [-3.5406, 37.31257], [-3.51508, 37.32651], [-3.50189, 37.32397], [-3.48929, 37.32699], [-3.48545, 37.32159], [-3.49088, 37.30544], [-3.50172, 37.30033], [-3.50851, 37.2915], [-3.50551, 37.2881], [-3.50558, 37.28073], [-3.53718, 37.28003], [-3.54737, 37.27411], [-3.55538, 37.27549], [-3.58095, 37.26714], [-3.5926, 37.27173], [-3.59199, 37.2754]]]}}, {"type": "Feature", "properties": {"ine_code": "18051", "name": "Colomera", "province": "Granada"}, "geometry": {"type": "MultiPolygon", "coordinates": [[[[-3.78259, 37.42843], [-3.76707, 37.43049], [-3.77089, 37.4443], [-3.76953, 37.45165], [-3.76263, 37.45197], [-3.75708, 37.4487], [-3.75853, 37.43979], [-3.7376, 37.43448], [-3.74042, 37.42967], [-3.73836, 37.42776], [-3.73145, 37.43115], [-3.73131, 37.44202], [-3.70507, 37.44396], [-3.70145, 37.44815], [-3.6947, 37.44375], [-3.70052, 37.43743], [-3.69294, 37.43002], [-3.69271, 37.42615], [-3.6802, 37.41676], [-3.64642, 37.4217], [-3.64827, 37.42937], [-3.64673, 37.4362], [-3.64451, 37.43534], [-3.64251, 37.4315], [-3.64486, 37.42693], [-3.6381, 37.42031], [-3.63693, 37.40202], [-3.64715, 37.40077], [-3.66444, 37.38542], [-3.66245, 37.37189], [-3.67283, 37.36515], [-3.67082, 37.35809], [-3.67857, 37.35617], [-3.68398, 37.34814], [-3.67458, 37.32079], [-3.68765, 37.31945], [-3.68767, 37.32173], [-3.70516, 37.31795], [-3.70517, 37.30528], [-3.71206, 37.30286], [-3.72566, 37.30687], [-3.74557, 37.34647], [-3.7515, 37.34991], [-3.75319, 37.35519], [-3.75701, 37.3556], [-3.76369, 37.39684], [-3.78259, 37.42843]]], [[[-3.66315, 37.45196], [-3.66585, 37.44355], [-3.67599, 37.44187], [-3.68229, 37.44999], [-3.66315, 37.45196]]]]}}, {"type": "Feature", "properties": {"ine_code": "18053", "name": "Cortes de Baza", "province": "Granada"}, "geometry": {"type": "Polygon", "coordinates": [[[-2.88404, 37.68132], [-2.89891, 37.68479], [-2.90102, 37.68781], [-2.9041, 37.70989], [-2.90072, 37.72316], [-2.90715, 37.72918], [-2.90243, 37.73895], [-2.90378, 37.75117], [-2.89006, 37.76146], [-2.87758, 37.75957], [-2.86016, 37.74839], [-2.84475, 37.75341], [-2.83664, 37.74467], [-2.82833, 37.748], [-2.80283, 37.71998], [-2.77935, 37.7115], [-2.75337, 37.70771], [-2.74188, 37.69796], [-2.74453, 37.69435], [-2.73857, 37.6895], [-2.73822, 37.68368], [-2.72538, 37.67173], [-2.72945, 37.66641], [-2.7279, 37.65978], [-2.73284, 37.65505], [-2.73956, 37.65491], [-2.74486, 37.64739], [-2.74642, 37.62554], [-2.75925, 37.62122], [-2.7847, 37.61999], [-2.7838, 37.61683], [-2.79468, 37.61984], [-2.80249, 37.62805], [-2.82152, 37.63233], [-2.82941, 37.64442], [-2.85424, 37.66672], [-2.86229, 37.6827], [-2.87561, 37.68845], [-2.87922, 37.68817], [-2.88404, 37.68132]]]}}, {"type": "Feature", "properties": {"ine_code": "18054", "name": "Cortes y Graena", "province": "Granada"}, "geometry": {"type": "Polygon", "coordinates": [[[-3.26631, 37.32287], [-3.23283, 37.33092], [-3.22596, 37.32619], [-3.21956, 37.33008], [-3.21518, 37.32642], [-3.20705, 37.32701], [-3.20147, 37.31009], [-3.20711, 37.30616], [-3.20796, 37.29903], [-3.21379, 37.29269], [-3.22645, 37.28773], [-3.23556, 37.29004], [-3.24778, 37.27631], [-3.25117, 37.24342], [-3.25976, 37.25472], [-3.25837, 37.25956], [-3.26104, 37.26307], [-3.26057, 37.26957], [-3.25215, 37.28338], [-3.24769, 37.30981], [-3.26279, 37.31423], [-3.26631, 37.32287]]]}}, {"type": "Feature", "properties": {"ine_code": "18056", "name": "Cúllar", "province": "Granada"}, "geometry": {"type": "Polygon", "coordinates": [[[-2.65176, 37.55617], [-2.66694, 37.58202], [-2.66524, 37.5909], [-2.64729, 37.59479], [-2.63514, 37.60446], [-2.63428, 37.62296], [-2.61769, 37.62296], [-2.61173, 37.62897], [-2.62052, 37.63631], [-2.62678, 37.65357], [-2.63204, 37.65681], [-2.63082, 37.66548], [-2.615, 37.66632], [-2.60254, 37.67069], [-2.5658, 37.67127], [-2.52779, 37.65756], [-2.50694, 37.65494], [-2.49809, 37.64884], [-2.46454, 37.63767], [-2.43058, 37.63443], [-2.41106, 37.62881], [-2.40278, 37.63596], [-2.39127, 37.63248], [-2.38879, 37.61801], [-2.37598, 37.61226], [-2.3679, 37.59158], [-2.36981, 37.58101], [-2.37493, 37.57783], [-2.36789, 37.57222], [-2.36746, 37.56305], [-2.3743, 37.55735], [-2.35541, 37.54521], [-2.36044, 37.5375], [-2.35851, 37.52229], [-2.36264, 37.52003], [-2.38115, 37.52292], [-2.3944, 37.51762], [-2.39722, 37.51338], [-2.40295, 37.51556], [-2.4072, 37.52446], [-2.4117, 37.52494], [-2.41604, 37.51598], [-2.42378, 37.51288], [-2.43428, 37.50948], [-2.45632, 37.50943], [-2.46016, 37.50755], [-2.46197, 37.49869], [-2.45752, 37.49083], [-2.4741, 37.48347], [-2.50309, 37.48351], [-2.51415, 37.47953], [-2.53001, 37.46515], [-2.55089, 37.45635], [-2.57121, 37.44266], [-2.57661, 37.44758], [-2.58815, 37.47464], [-2.59511, 37.50126], [-2.62178, 37.50627], [-2.63118, 37.51224], [-2.64326, 37.51097], [-2.65036, 37.51897], [-2.65635, 37.53089], [-2.65176, 37.55617]]]}}, {"type": "Feature", "properties": {"ine_code": "18057", "name": "Cúllar Vega", "province": "Granada"}, "geometry": {"type": "Polygon", "coordinates": [[[-3.69887, 37.15524], [-3.70634, 37.16254], [-3.69094, 37.16242], [-3.69107, 37.16647], [-3.68756, 37.1671], [-3.67267, 37.16493], [-3.6708, 37.16165], [-3.66103, 37.16317], [-3.65801, 37.14857], [-3.6672, 37.14842], [-3.68669, 37.15973], [-3.69887, 37.15524]]]}}, {"type": "Feature", "properties": {"ine_code": "18059", "name": "Chauchina", "province": "Granada"}, "geometry": {"type": "Polygon", "coordinates": [[[-3.77087, 37.16709], [-3.7852, 37.13713], [-3.79355, 37.14128], [-3.7964, 37.14938], [-3.81046, 37.15774], [-3.80403, 37.18094], [-3.80405, 37.20507], [-3.77852, 37.20925], [-3.76937, 37.20614], [-3.75472, 37.21035], [-3.75333, 37.20534], [-3.76822, 37.19829], [-3.77416, 37.17544], [-3.77087, 37.16709]]]}}, {"type": "Feature", "properties": {"ine_code": "18061", "name": "Chimeneas", "province": "Granada"}, "geometry": {"type": "Polygon", "coordinates": [[[-3.93841, 37.14236], [-3.93456, 37.14665], [-3.91804, 37.14922], [-3.89357, 37.15984], [-3.87239, 37.15666], [-3.85849, 37.15798], [-3.86155, 37.14674], [-3.85668, 37.14249], [-3.84951, 37.14746], [-3.81298, 37.14678], [-3.80991, 37.15779], [-3.7964, 37.14938], [-3.79382, 37.14166], [-3.78903, 37.13807], [-3.78241, 37.13955], [-3.77806, 37.15174], [-3.75653, 37.14669], [-3.74766, 37.1346], [-3.75215, 37.12734], [-3.75065, 37.12495], [-3.75702, 37.11805], [-3.77133, 37.12356], [-3.77979, 37.12187], [-3.78026, 37.11559], [-3.76628, 37.10837], [-3.76111, 37.10145], [-3.76101, 37.09541], [-3.78008, 37.0948], [-3.78888, 37.10377], [-3.79329, 37.10395], [-3.81015, 37.09346], [-3.80836, 37.09202], [-3.82052, 37.08859], [-3.83281, 37.09682], [-3.84003, 37.1089], [-3.84294, 37.10889], [-3.84528, 37.09165], [-3.85725, 37.09217], [-3.8619, 37.08458], [-3.86212, 37.07509], [-3.88488, 37.06965], [-3.89162, 37.072], [-3.89282, 37.07575], [-3.88858, 37.078], [-3.89709, 37.08752], [-3.90064, 37.11259], [-3.90693, 37.12283], [-3.91822, 37.12344], [-3.93841, 37.14236]]]}}, {"type": "Feature", "properties": {"ine_code": "18062", "name": "Churriana de la Vega", "province": "Granada"}, "geometry": {"type": "Polygon", "coordinates": [[[-3.65801, 37.14857], [-3.66074, 37.1604], [-3.65822, 37.16388], [-3.65523, 37.16411], [-3.65593, 37.16103], [-3.64163, 37.15852], [-3.63089, 37.16055], [-3.62443, 37.15452], [-3.63197, 37.14344], [-3.62983, 37.13838], [-3.63778, 37.12842], [-3.64672, 37.14069], [-3.65801, 37.14857]]]}}, {"type": "Feature", "properties": {"ine_code": "18063", "name": "Darro", "province": "Granada"}, "geometry": {"type": "Polygon", "coordinates": [[[-3.31603, 37.35114], [-3.32513, 37.36584], [-3.34992, 37.36194], [-3.34143, 37.38692], [-3.3356, 37.38187], [-3.3246, 37.38135], [-3.32272, 37.38905], [-3.31958, 37.39061], [-3.28942, 37.396], [-3.285, 37.39941], [-3.27899, 37.39263], [-3.26133, 37.39391], [-3.25832, 37.39743], [-3.25047, 37.39625], [-3.24137, 37.38299], [-3.23481, 37.36295], [-3.26159, 37.35651], [-3.24372, 37.33609], [-3.23691, 37.33636], [-3.23283, 37.33092], [-3.26756, 37.32273], [-3.27469, 37.32694], [-3.28549, 37.34082], [-3.30244, 37.33932], [-3.31718, 37.34415], [-3.31603, 37.35114]]]}}, {"type": "Feature", "properties": {"ine_code": "18064", "name": "Dehesas de Guadix", "province": "Granada"}, "geometry": {"type": "MultiPolygon", "coordinates": [[[[-3.15766, 37.58824], [-3.1534, 37.59041], [-3.14046, 37.5867], [-3.12484, 37.59428], [-3.11512, 37.59013], [-3.11506, 37.59268], [-3.11951, 37.59349], [-3.11338, 37.59789], [-3.121, 37.60228], [-3.11651, 37.60812], [-3.09973, 37.60549], [-3.09942, 37.60216], [-3.09129, 37.5962], [-3.08609, 37.59576], [-3.07347, 37.6034], [-3.05793, 37.60664], [-3.05132, 37.61833], [-3.0435, 37.61587], [-3.03508, 37.61861], [-3.0287, 37.61406], [-3.02643, 37.61565], [-3.02147, 37.61002], [-3.00343, 37.60813], [-2.99566, 37.60312], [-2.97818, 37.60275], [-2.97476, 37.59062], [-2.96279, 37.58116], [-2.98729, 37.57841], [-2.99287, 37.5711], [-3.00189, 37.56881], [-3.00943, 37.57819], [-3.00577, 37.58247], [-3.01385, 37.58518], [-3.01369, 37.59038], [-3.01835, 37.59087], [-3.05334, 37.57992], [-3.06484, 37.57969], [-3.07161, 37.5684], [-3.07107, 37.56151], [-3.0869, 37.56083], [-3.10337, 37.56966], [-3.11059, 37.5662], [-3.15289, 37.57498], [-3.15825, 37.58072], [-3.15766, 37.58824]]], [[[-3.13951, 37.61936], [-3.13919, 37.61979], [-3.13829, 37.6189], [-3.13951, 37.61936]]], [[[-3.1429, 37.62148], [-3.17712, 37.64035], [-3.21175, 37.63911], [-3.23867, 37.63042], [-3.26369, 37.63141], [-3.26099, 37.63345], [-3.26233, 37.63885], [-3.23279, 37.63799], [-3.21597, 37.64426], [-3.18418, 37.64467], [-3.17259, 37.64329], [-3.1429, 37.62148]]]]}}, {"type": "Feature", "properties": {"ine_code": "18065", "name": "Dehesas Viejas", "province": "Granada"}, "geometry": {"type": "Polygon", "coordinates": [[[-3.58714, 37.47584], [-3.58562, 37.48362], [-3.56606, 37.49241], [-3.57025, 37.49341], [-3.57269, 37.49984], [-3.57051, 37.51063], [-3.56703, 37.51107], [-3.55177, 37.5054], [-3.54865, 37.49673], [-3.54159, 37.49287], [-3.53059, 37.47888], [-3.55337, 37.46827], [-3.56965, 37.46744], [-3.57657, 37.46354], [-3.57816, 37.47341], [-3.58714, 37.47584]]]}}, {"type": "Feature", "properties": {"ine_code": "18066", "name": "Deifontes", "province": "Granada"}, "geometry": {"type": "Polygon", "coordinates": [[[-3.62762, 37.3169], [-3.62839, 37.32075], [-3.62512, 37.32262], [-3.63061, 37.32355], [-3.62739, 37.33111], [-3.62929, 37.33605], [-3.6196, 37.35754], [-3.63971, 37.38012], [-3.63964, 37.39111], [-3.63444, 37.39188], [-3.61792, 37.36091], [-3.61229, 37.36627], [-3.61113, 37.37469], [-3.61453, 37.37806], [-3.61565, 37.38902], [-3.6121, 37.39], [-3.60187, 37.38134], [-3.60303, 37.39163], [-3.59852, 37.38559], [-3.59569, 37.3862], [-3.5935, 37.38024], [-3.59705, 37.37634], [-3.59168, 37.37539], [-3.58949, 37.37287], [-3.59199, 37.37023], [-3.589, 37.3678], [-3.57646, 37.37611], [-3.56958, 37.37594], [-3.56745, 37.37189], [-3.57077, 37.34936], [-3.54817, 37.34027], [-3.55726, 37.32905], [-3.55989, 37.3138], [-3.56408, 37.3123], [-3.58932, 37.30844], [-3.61288, 37.32284], [-3.61723, 37.31827], [-3.62762, 37.3169]]]}}, {"type": "Feature", "properties": {"ine_code": "18067", "name": "Diezma", "province": "Granada"}, "geometry": {"type": "Polygon", "coordinates": [[[-3.37503, 37.28463], [-3.38381, 37.28122], [-3.38368, 37.29629], [-3.39436, 37.30931], [-3.3959, 37.31663], [-3.38872, 37.32934], [-3.38771, 37.34171], [-3.37697, 37.35721], [-3.32513, 37.36584], [-3.32166, 37.3566], [-3.36753, 37.35037], [-3.36974, 37.34864], [-3.33832, 37.34967], [-3.33591, 37.34718], [-3.34208, 37.3438], [-3.34244, 37.33953], [-3.33768, 37.33343], [-3.28718, 37.32381], [-3.28381, 37.31798], [-3.28924, 37.31223], [-3.31507, 37.31166], [-3.33271, 37.29899], [-3.35049, 37.30164], [-3.36235, 37.29716], [-3.36739, 37.29999], [-3.37503, 37.28463]]]}}, {"type": "Feature", "properties": {"ine_code": "18068", "name": "Dílar", "province": "Granada"}, "geometry": {"type": "Polygon", "coordinates": [[[-3.56572, 37.04033], [-3.57881, 37.04392], [-3.59367, 37.0396], [-3.62377, 37.04863], [-3.64858, 37.04944], [-3.65067, 37.05536], [-3.64909, 37.05358], [-3.63499, 37.06934], [-3.6098, 37.08874], [-3.59304, 37.08211], [-3.58436, 37.08296], [-3.54735, 37.07589], [-3.53663, 37.08206], [-3.52399, 37.08278], [-3.51233, 37.0796], [-3.48668, 37.07946], [-3.47323, 37.07149], [-3.46719, 37.0711], [-3.45374, 37.0795], [-3.43167, 37.0751], [-3.41775, 37.0767], [-3.36567, 37.05603], [-3.37146, 37.04812], [-3.39267, 37.04056], [-3.41248, 37.04029], [-3.41923, 37.05263], [-3.43076, 37.05591], [-3.45391, 37.05472], [-3.48105, 37.0449], [-3.50451, 37.05312], [-3.51472, 37.0527], [-3.51827, 37.04922], [-3.53312, 37.05162], [-3.56572, 37.04033]]]}}, {"type": "Feature", "properties": {"ine_code": "18069", "name": "Dólar", "province": "Granada"}, "geometry": {"type": "MultiPolygon", "coordinates": [[[[-3.0142, 37.11434], [-3.01189, 37.12244], [-3.0209, 37.14562], [-3.02038, 37.15987], [-3.01532, 37.16378], [-3.01682, 37.19578], [-3.00042, 37.22209], [-2.99135, 37.22903], [-2.9858, 37.22846], [-2.97523, 37.2172], [-2.97497, 37.20897], [-2.97881, 37.2028], [-2.96936, 37.19697], [-2.97177, 37.18469], [-2.96748, 37.16894], [-2.97542, 37.15876], [-2.98161, 37.14331], [-2.99366, 37.14069], [-2.99083, 37.13212], [-2.99379, 37.13069], [-2.98944, 37.12739], [-2.98813, 37.11802], [-2.99603, 37.10874], [-2.99649, 37.09572], [-3.00394, 37.09711], [-3.0142, 37.11434]]], [[[-2.98202, 37.23794], [-2.9768, 37.27176], [-2.96352, 37.27253], [-2.95613, 37.26796], [-2.94684, 37.26964], [-2.93969, 37.2785], [-2.93834, 37.27303], [-2.92367, 37.26512], [-2.92943, 37.25803], [-2.95199, 37.24434], [-2.96233, 37.22825], [-2.97231, 37.22246], [-2.97968, 37.23134], [-2.98602, 37.23359], [-2.98202, 37.23794]]], [[[-2.90372, 37.26598], [-2.89257, 37.28093], [-2.87211, 37.29253], [-2.86198, 37.31286], [-2.86037, 37.30671], [-2.85417, 37.30084], [-2.85268, 37.29221], [-2.84587, 37.29485], [-2.83217, 37.28743], [-2.83384, 37.28234], [-2.83061, 37.27997], [-2.84507, 37.27915], [-2.85141, 37.2758], [-2.85905, 37.25051], [-2.86387, 37.24693], [-2.87296, 37.24707], [-2.87749, 37.25576], [-2.87648, 37.25973], [-2.90234, 37.25514], [-2.90372, 37.26598]]]]}}, {"type": "Feature", "properties": {"ine_code": "18070", "name": "Dúdar", "province": "Granada"}, "geometry": {"type": "Polygon", "coordinates": [[[-3.5113, 37.18193], [-3.49723, 37.18928], [-3.49633, 37.19221], [-3.50335, 37.19759], [-3.50167, 37.20389], [-3.49218, 37.20566], [-3.47782, 37.19916], [-3.48178, 37.19382], [-3.48078, 37.18832], [-3.47065, 37.17314], [-3.4741, 37.16996], [-3.49396, 37.16895], [-3.50111, 37.17708], [-3.5113, 37.18193]]]}}, {"type": "Feature", "properties": {"ine_code": "18071", "name": "Dúrcal", "province": "Granada"}, "geometry": {"type": "Polygon", "coordinates": [[[-3.60323, 37.0001], [-3.60093, 37.0077], [-3.57417, 37.02183], [-3.57355, 37.0319], [-3.56572, 37.04033], [-3.53312, 37.05162], [-3.51827, 37.04922], [-3.51472, 37.0527], [-3.50451, 37.05312], [-3.48105, 37.0449], [-3.45391, 37.05472], [-3.43076, 37.05591], [-3.41923, 37.05263], [-3.41248, 37.04029], [-3.40517, 37.03975], [-3.41646, 37.02937], [-3.43111, 37.02326], [-3.44135, 37.01435], [-3.43962, 37.01191], [-3.47407, 37.01813], [-3.48536, 37.01127], [-3.49674, 37.01216], [-3.53036, 37.00053], [-3.53643, 36.99578], [-3.53733, 36.99008], [-3.55829, 36.97849], [-3.57348, 36.96497], [-3.58493, 36.97254], [-3.58135, 36.97755], [-3.5877, 36.98045], [-3.58119, 36.99167], [-3.58653, 36.99729], [-3.60323, 37.0001]]]}}, {"type": "Feature", "properties": {"ine_code": "18072", "name": "Escúzar", "province": "Granada"}, "geometry": {"type": "Polygon", "coordinates": [[[-3.82869, 37.03658], [-3.81877, 37.03996], [-3.81873, 37.04526], [-3.80912, 37.04888], [-3.81033, 37.05414], [-3.8058, 37.05808], [-3.80514, 37.07343], [-3.77819, 37.08147], [-3.77923, 37.09136], [-3.77443, 37.09176], [-3.77271, 37.08323], [-3.75297, 37.08963], [-3.74297, 37.08174], [-3.74525, 37.07808], [-3.73569, 37.07438], [-3.72757, 37.07616], [-3.72695, 37.07125], [-3.73298, 37.06542], [-3.73069, 37.04947], [-3.73818, 37.03687], [-3.76429, 37.03519], [-3.76473, 37.03081], [-3.75924, 37.02567], [-3.76392, 37.01693], [-3.78751, 37.01977], [-3.81772, 37.01516], [-3.82616, 37.02696], [-3.82869, 37.03658]]]}}, {"type": "Feature", "properties": {"ine_code": "18074", "name": "Ferreira", "province": "Granada"}, "geometry": {"type": "MultiPolygon", "coordinates": [[[[-3.05131, 37.15211], [-3.04534, 37.1783], [-3.05207, 37.18347], [-3.05452, 37.19344], [-3.04862, 37.20243], [-3.01202, 37.2359], [-2.99599, 37.22652], [-3.01682, 37.19578], [-3.01532, 37.16378], [-3.02038, 37.15987], [-3.0209, 37.14562], [-3.01189, 37.12244], [-3.01501, 37.11328], [-3.02639, 37.11657], [-3.04128, 37.10173], [-3.04566, 37.10928], [-3.044, 37.11495], [-3.05227, 37.11772], [-3.04552, 37.1237], [-3.04954, 37.1377], [-3.0463, 37.14599], [-3.05131, 37.15211]]], [[[-2.99346, 37.25007], [-2.98044, 37.27179], [-2.9768, 37.27176], [-2.98012, 37.24003], [-2.98602, 37.23359], [-3.00639, 37.24114], [-2.99346, 37.25007]]]]}}, {"type": "Feature", "properties": {"ine_code": "18076", "name": "Fonelas", "province": "Granada"}, "geometry": {"type": "Polygon", "coordinates": [[[-3.23507, 37.39672], [-3.22389, 37.40764], [-3.22913, 37.43432], [-3.2186, 37.44037], [-3.22387, 37.44618], [-3.23495, 37.44615], [-3.2313, 37.45235], [-3.21856, 37.45315], [-3.21591, 37.45945], [-3.19774, 37.45407], [-3.182, 37.47264], [-3.17522, 37.47274], [-3.16309, 37.48699], [-3.14503, 37.48986], [-3.13723, 37.47852], [-3.13854, 37.47169], [-3.12414, 37.46437], [-3.13661, 37.45156], [-3.14104, 37.45069], [-3.13778, 37.44064], [-3.13386, 37.44053], [-3.12087, 37.42814], [-3.11849, 37.42077], [-3.12109, 37.41975], [-3.10369, 37.39129], [-3.10778, 37.37957], [-3.10387, 37.3741], [-3.10521, 37.36632], [-3.11734, 37.36773], [-3.11708, 37.37112], [-3.1332, 37.384], [-3.13464, 37.39173], [-3.13891, 37.38746], [-3.13476, 37.38039], [-3.13662, 37.37672], [-3.15721, 37.37152], [-3.16572, 37.37478], [-3.17585, 37.37], [-3.17626, 37.3622], [-3.18414, 37.3615], [-3.18344, 37.3657], [-3.18692, 37.36698], [-3.18192, 37.38477], [-3.19676, 37.38206], [-3.20842, 37.39053], [-3.23507, 37.39672]]]}}, {"type": "Feature", "properties": {"ine_code": "18077", "name": "Fornes", "province": "Granada"}, "geometry": {"type": "Polygon", "coordinates": [[[-3.82363, 36.98547], [-3.82435, 36.97298], [-3.82921, 36.96774], [-3.85112, 36.95833], [-3.8422, 36.93913], [-3.82307, 36.92132], [-3.82908, 36.90757], [-3.843, 36.92349], [-3.85385, 36.92982], [-3.85341, 36.93439], [-3.85839, 36.93613], [-3.85626, 36.9398], [-3.86377, 36.94643], [-3.86231, 36.95134], [-3.86988, 36.95625], [-3.87201, 36.96301], [-3.87003, 36.97115], [-3.86518, 36.97569], [-3.83717, 36.97873], [-3.82363, 36.98547]]]}}, {"type": "Feature", "properties": {"ine_code": "18078", "name": "Freila", "province": "Granada"}, "geometry": {"type": "MultiPolygon", "coordinates": [[[[-2.95363, 37.56118], [-2.94702, 37.55931], [-2.93945, 37.56466], [-2.93745, 37.57068], [-2.92414, 37.57094], [-2.92127, 37.56629], [-2.90703, 37.56785], [-2.90627, 37.56392], [-2.89303, 37.55969], [-2.89349, 37.5424], [-2.88768, 37.52208], [-2.8781, 37.50126], [-2.86568, 37.4935], [-2.86735, 37.48335], [-2.87236, 37.47658], [-2.92252, 37.4497], [-2.93285, 37.47866], [-2.93863, 37.47876], [-2.93738, 37.49953], [-2.94111, 37.52673], [-2.95363, 37.56118]]], [[[-2.96792, 37.54248], [-3.01419, 37.55102], [-3.00876, 37.56352], [-2.99828, 37.56711], [-2.98858, 37.57793], [-2.9772, 37.58138], [-2.96279, 37.58116], [-2.95502, 37.56697], [-2.95523, 37.56116], [-2.96345, 37.56052], [-2.96792, 37.54248]]]]}}, {"type": "Feature", "properties": {"ine_code": "18079", "name": "Fuente Vaqueros", "province": "Granada"}, "geometry": {"type": "Polygon", "coordinates": [[[-3.82028, 37.20303], [-3.82871, 37.20883], [-3.8342, 37.2008], [-3.82894, 37.2092], [-3.81927, 37.21224], [-3.82162, 37.21489], [-3.80772, 37.23209], [-3.80288, 37.23018], [-3.78128, 37.24292], [-3.78981, 37.23414], [-3.79544, 37.23286], [-3.78102, 37.23481], [-3.7542, 37.22299], [-3.74257, 37.22324], [-3.72337, 37.21792], [-3.72461, 37.21511], [-3.73002, 37.21518], [-3.7412, 37.22025], [-3.73936, 37.21568], [-3.74664, 37.21556], [-3.74793, 37.21957], [-3.75776, 37.22154], [-3.75102, 37.21335], [-3.75247, 37.2103], [-3.76937, 37.20614], [-3.77852, 37.20925], [-3.78851, 37.20603], [-3.8055, 37.20786], [-3.8148, 37.20706], [-3.82028, 37.20303]]]}}, {"type": "Feature", "properties": {"ine_code": "18082", "name": "Galera", "province": "Granada"}, "geometry": {"type": "Polygon", "coordinates": [[[-2.50694, 37.65494], [-2.52779, 37.65756], [-2.5658, 37.67127], [-2.60254, 37.67069], [-2.615, 37.66632], [-2.63082, 37.66548], [-2.62875, 37.66886], [-2.63135, 37.68462], [-2.62828, 37.6899], [-2.6183, 37.69564], [-2.61455, 37.7062], [-2.61627, 37.70995], [-2.61379, 37.71023], [-2.62035, 37.73006], [-2.61588, 37.73977], [-2.62319, 37.74733], [-2.62466, 37.76124], [-2.60082, 37.77386], [-2.55489, 37.77626], [-2.53208, 37.77039], [-2.50892, 37.76955], [-2.5054, 37.76446], [-2.49669, 37.76662], [-2.50308, 37.76001], [-2.5012, 37.75706], [-2.50862, 37.74302], [-2.52543, 37.72673], [-2.51924, 37.72121], [-2.49627, 37.6609], [-2.50694, 37.65494]]]}}, {"type": "Feature", "properties": {"ine_code": "18083", "name": "Gobernador", "province": "Granada"}, "geometry": {"type": "Polygon", "coordinates": [[[-3.34281, 37.47683], [-3.33901, 37.49569], [-3.32835, 37.49794], [-3.32998, 37.50118], [-3.32347, 37.50715], [-3.30496, 37.49506], [-3.29588, 37.48527], [-3.27937, 37.48174], [-3.26615, 37.48272], [-3.24651, 37.45218], [-3.26792, 37.4556], [-3.29554, 37.47205], [-3.30538, 37.46456], [-3.3159, 37.46177], [-3.317, 37.46395], [-3.32964, 37.46191], [-3.33246, 37.46684], [-3.34166, 37.46382], [-3.34281, 37.47683]]]}}, {"type": "Feature", "properties": {"ine_code": "18084", "name": "Gójar", "province": "Granada"}, "geometry": {"type": "Polygon", "coordinates": [[[-3.6098, 37.08874], [-3.62278, 37.10761], [-3.61471, 37.11135], [-3.60735, 37.10926], [-3.60633, 37.11626], [-3.59988, 37.1167], [-3.59207, 37.10333], [-3.58678, 37.09965], [-3.56748, 37.096], [-3.54506, 37.07601], [-3.59304, 37.08211], [-3.6098, 37.08874]]]}}, {"type": "Feature", "properties": {"ine_code": "18085", "name": "Gor", "province": "Granada"}, "geometry": {"type": "Polygon", "coordinates": [[[-3.02284, 37.44342], [-2.991, 37.44882], [-2.97399, 37.44177], [-2.96277, 37.44532], [-2.94166, 37.44326], [-2.91663, 37.39923], [-2.89747, 37.3947], [-2.89153, 37.39036], [-2.89984, 37.37877], [-2.89886, 37.36792], [-2.88239, 37.36304], [-2.87282, 37.36593], [-2.86253, 37.36419], [-2.85309, 37.36887], [-2.8362, 37.36355], [-2.83349, 37.35099], [-2.83974, 37.34263], [-2.83564, 37.33526], [-2.83665, 37.32879], [-2.83226, 37.32529], [-2.85044, 37.31354], [-2.86169, 37.3134], [-2.86095, 37.31059], [-2.86729, 37.30336], [-2.8937, 37.30835], [-2.90014, 37.31545], [-2.91667, 37.3232], [-2.9239, 37.31927], [-2.9296, 37.32113], [-2.94897, 37.31643], [-2.95532, 37.32303], [-2.96376, 37.32508], [-2.97086, 37.326], [-2.97556, 37.32265], [-2.98473, 37.32658], [-2.99848, 37.32305], [-3.0065, 37.33433], [-3.02176, 37.34487], [-3.04179, 37.39424], [-3.04144, 37.40787], [-3.0481, 37.41868], [-3.0483, 37.42475], [-3.04072, 37.43389], [-3.02284, 37.44342]]]}}, {"type": "Feature", "properties": {"ine_code": "18086", "name": "Gorafe", "province": "Granada"}, "geometry": {"type": "Polygon", "coordinates": [[[-3.09984, 37.5065], [-3.10394, 37.51572], [-3.10299, 37.52071], [-3.09764, 37.51843], [-3.08555, 37.52426], [-3.0608, 37.52028], [-3.05664, 37.52781], [-3.0602, 37.53426], [-3.053, 37.54627], [-3.05691, 37.55385], [-3.03777, 37.56852], [-3.04299, 37.57291], [-3.05566, 37.57392], [-3.06328, 37.57957], [-3.05334, 37.57992], [-3.01835, 37.59087], [-3.01369, 37.59038], [-3.01385, 37.58518], [-3.00602, 37.58278], [-3.00934, 37.5779], [-3.00495, 37.57052], [-2.99812, 37.56826], [-3.01249, 37.5598], [-3.01419, 37.55102], [-2.99909, 37.54604], [-3.00665, 37.533], [-2.97793, 37.5052], [-2.9839, 37.48959], [-2.98988, 37.48279], [-3.00811, 37.49162], [-3.0183, 37.48234], [-3.03471, 37.47432], [-3.01984, 37.44903], [-3.01924, 37.44524], [-3.02284, 37.44342], [-3.02936, 37.44786], [-3.03985, 37.4653], [-3.0556, 37.47517], [-3.06084, 37.47653], [-3.05911, 37.47316], [-3.07905, 37.48141], [-3.0845, 37.4869], [-3.0825, 37.49157], [-3.09091, 37.49758], [-3.09092, 37.50245], [-3.09984, 37.5065]]]}}, {"type": "Feature", "properties": {"ine_code": "18087", "name": "Granada", "province": "Granada"}, "geometry": {"type": "Polygon", "coordinates": [[[-3.69892, 37.18815], [-3.69863, 37.20438], [-3.68952, 37.20841], [-3.65716, 37.2041], [-3.65268, 37.20671], [-3.64741, 37.19834], [-3.64057, 37.20283], [-3.6349, 37.20046], [-3.62395, 37.21022], [-3.60289, 37.21489], [-3.60263, 37.21148], [-3.59135, 37.20828], [-3.57686, 37.2104], [-3.57237, 37.20842], [-3.56433, 37.21256], [-3.555, 37.22502], [-3.55071, 37.21977], [-3.54435, 37.22061], [-3.54325, 37.21671], [-3.53594, 37.21782], [-3.51723, 37.20906], [-3.50995, 37.21707], [-3.49808, 37.20647], [-3.50343, 37.1979], [-3.49633, 37.19221], [-3.49723, 37.18928], [-3.51517, 37.1816], [-3.5233, 37.16916], [-3.53764, 37.17137], [-3.54394, 37.16769], [-3.54999, 37.15821], [-3.55953, 37.16066], [-3.55998, 37.15748], [-3.56395, 37.15859], [-3.58045, 37.15239], [-3.57912, 37.14812], [-3.5867, 37.14637], [-3.57989, 37.14042], [-3.60053, 37.13896], [-3.60157, 37.13675], [-3.61003, 37.13836], [-3.60554, 37.15199], [-3.61645, 37.16122], [-3.64163, 37.15852], [-3.65593, 37.16103], [-3.65731, 37.17179], [-3.64887, 37.17264], [-3.6559, 37.17775], [-3.69892, 37.18815]]]}}, {"type": "Feature", "properties": {"ine_code": "18088", "name": "Guadahortuna", "province": "Granada"}, "geometry": {"type": "Polygon", "coordinates": [[[-3.47548, 37.5409], [-3.46879, 37.55405], [-3.44643, 37.55573], [-3.44433, 37.56081], [-3.43623, 37.56379], [-3.43687, 37.5739], [-3.43379, 37.57555], [-3.42451, 37.56953], [-3.3993, 37.56405], [-3.37883, 37.56416], [-3.37445, 37.56751], [-3.36657, 37.56761], [-3.35732, 37.57637], [-3.34482, 37.57562], [-3.33132, 37.58183], [-3.2965, 37.58805], [-3.30678, 37.5731], [-3.31193, 37.57099], [-3.30881, 37.55883], [-3.31083, 37.54874], [-3.298, 37.53762], [-3.30337, 37.52418], [-3.31466, 37.51281], [-3.32347, 37.50715], [-3.3316, 37.51301], [-3.32217, 37.51951], [-3.34382, 37.5108], [-3.35394, 37.51566], [-3.36183, 37.51078], [-3.37507, 37.51095], [-3.37489, 37.50326], [-3.39735, 37.50484], [-3.39359, 37.49776], [-3.39894, 37.49708], [-3.40021, 37.49017], [-3.41264, 37.4813], [-3.41901, 37.47022], [-3.42673, 37.46425], [-3.4355, 37.46958], [-3.45404, 37.4594], [-3.46831, 37.46586], [-3.47006, 37.47268], [-3.46351, 37.47925], [-3.45764, 37.50011], [-3.47026, 37.51111], [-3.46575, 37.51484], [-3.46941, 37.51882], [-3.46637, 37.52416], [-3.45989, 37.52582], [-3.46111, 37.5286], [-3.47203, 37.53105], [-3.47548, 37.5409]]]}}, {"type": "Feature", "properties": {"ine_code": "18089", "name": "Guadix", "province": "Granada"}, "geometry": {"type": "MultiPolygon", "coordinates": [[[[-3.24985, 37.39721], [-3.21054, 37.3912], [-3.19565, 37.38206], [-3.1924, 37.37477], [-3.19613, 37.36257], [-3.2112, 37.34815], [-3.20793, 37.34543], [-3.24365, 37.34496], [-3.24867, 37.34114], [-3.25596, 37.34726], [-3.2616, 37.35657], [-3.23481, 37.36295], [-3.23955, 37.37888], [-3.24985, 37.39721]]], [[[-3.21592, 37.25652], [-3.21177, 37.2624], [-3.19079, 37.26893], [-3.18124, 37.28078], [-3.18307, 37.28188], [-3.1782, 37.28262], [-3.17214, 37.29014], [-3.17466, 37.29381], [-3.17292, 37.29803], [-3.1793, 37.30346], [-3.17213, 37.32483], [-3.1787, 37.3295], [-3.17685, 37.33302], [-3.17905, 37.33618], [-3.16962, 37.34113], [-3.16513, 37.33891], [-3.15997, 37.3439], [-3.15287, 37.34356], [-3.14247, 37.34908], [-3.15669, 37.36754], [-3.15627, 37.3717], [-3.13662, 37.37672], [-3.13476, 37.38039], [-3.13891, 37.38746], [-3.13652, 37.39131], [-3.13294, 37.38894], [-3.1332, 37.384], [-3.11708, 37.37112], [-3.11734, 37.36773], [-3.10551, 37.36553], [-3.10387, 37.3741], [-3.10778, 37.37957], [-3.10369, 37.39129], [-3.12109, 37.41975], [-3.11849, 37.42077], [-3.12087, 37.42814], [-3.13386, 37.44053], [-3.13778, 37.44064], [-3.14104, 37.45069], [-3.13661, 37.45156], [-3.12414, 37.46437], [-3.12531, 37.46621], [-3.11444, 37.47423], [-3.11286, 37.47789], [-3.11889, 37.48444], [-3.11198, 37.48849], [-3.11337, 37.49526], [-3.10961, 37.50399], [-3.09718, 37.5058], [-3.0825, 37.49157], [-3.0845, 37.4869], [-3.08, 37.4822], [-3.05911, 37.47316], [-3.06084, 37.47653], [-3.0556, 37.47517], [-3.03985, 37.4653], [-3.02936, 37.44786], [-3.02284, 37.44342], [-3.03919, 37.4351], [-3.0483, 37.42475], [-3.04734, 37.4163], [-3.04144, 37.40787], [-3.04179, 37.39424], [-3.02176, 37.34487], [-3.0065, 37.33433], [-2.99848, 37.32305], [-2.98473, 37.32658], [-2.98315, 37.32425], [-2.9974, 37.32211], [-3.03408, 37.30226], [-3.0788, 37.29032], [-3.09263, 37.27861], [-3.12681, 37.27225], [-3.12572, 37.25866], [-3.12948, 37.25213], [-3.13371, 37.25214], [-3.13739, 37.24764], [-3.14691, 37.25997], [-3.15809, 37.26502], [-3.16146, 37.26111], [-3.1612, 37.26644], [-3.16744, 37.2681], [-3.17321, 37.26713], [-3.19704, 37.24233], [-3.2121, 37.23862], [-3.21657, 37.24304], [-3.21592, 37.25652]]], [[[-2.93907, 37.44067], [-2.96277, 37.44532], [-2.97399, 37.44177], [-2.991, 37.44882], [-3.01954, 37.44479], [-3.0348, 37.47355], [-3.00811, 37.49162], [-2.98988, 37.48279], [-2.9839, 37.48959], [-2.97793, 37.5052], [-3.00668, 37.5335], [-2.99909, 37.54604], [-2.96792, 37.54248], [-2.96223, 37.56132], [-2.95523, 37.56116], [-2.95315, 37.55815], [-2.94111, 37.52673], [-2.93738, 37.49953], [-2.93963, 37.49256], [-2.93718, 37.4563], [-2.93907, 37.44067]]]]}}, {"type": "Feature", "properties": {"ine_code": "18093", "name": "Gualchos", "province": "Granada"}, "geometry": {"type": "MultiPolygon", "coordinates": [[[[-3.38947, 36.70821], [-3.3898, 36.70862], [-3.38957, 36.70867], [-3.38947, 36.70821]]], [[[-3.41975, 36.76867], [-3.40081, 36.77414], [-3.39308, 36.77304], [-3.37596, 36.76146], [-3.36027, 36.73434], [-3.35042, 36.72959], [-3.35391, 36.72435], [-3.36934, 36.71249], [-3.38831, 36.7113], [-3.39813, 36.70542], [-3.40286, 36.70737], [-3.40769, 36.70162], [-3.41562, 36.70484], [-3.41649, 36.72171], [-3.40964, 36.72778], [-3.41795, 36.73928], [-3.416, 36.74896], [-3.41945, 36.7543], [-3.41975, 36.76867]]]]}}, {"type": "Feature", "properties": {"ine_code": "18094", "name": "Güéjar Sierra", "province": "Granada"}, "geometry": {"type": "Polygon", "coordinates": [[[-3.49001, 37.13951], [-3.49151, 37.14376], [-3.48072, 37.15531], [-3.48047, 37.16241], [-3.47499, 37.16989], [-3.45868, 37.17622], [-3.45643, 37.17974], [-3.4516, 37.17955], [-3.4238, 37.19984], [-3.42213, 37.20459], [-3.36717, 37.21761], [-3.3538, 37.22874], [-3.34635, 37.22749], [-3.33922, 37.23032], [-3.32194, 37.21804], [-3.322, 37.2144], [-3.30639, 37.21398], [-3.28465, 37.20032], [-3.28019, 37.1855], [-3.286, 37.17256], [-3.27421, 37.1657], [-3.27065, 37.15845], [-3.26062, 37.15327], [-3.24983, 37.14077], [-3.25774, 37.11469], [-3.27064, 37.11435], [-3.27654, 37.10927], [-3.27861, 37.1012], [-3.28631, 37.09742], [-3.28878, 37.08054], [-3.31202, 37.05333], [-3.32726, 37.05785], [-3.34862, 37.05379], [-3.36567, 37.05603], [-3.36935, 37.05936], [-3.36958, 37.06543], [-3.37672, 37.0703], [-3.37662, 37.07874], [-3.38666, 37.09645], [-3.40608, 37.11178], [-3.41483, 37.11244], [-3.42969, 37.12007], [-3.44077, 37.11814], [-3.45209, 37.12827], [-3.45654, 37.12794], [-3.45697, 37.13143], [-3.47371, 37.13776], [-3.49001, 37.13951]]]}}, {"type": "Feature", "properties": {"ine_code": "18095", "name": "Güevéjar", "province": "Granada"}, "geometry": {"type": "Polygon", "coordinates": [[[-3.61229, 37.243], [-3.6115, 37.24662], [-3.62605, 37.26295], [-3.60988, 37.26507], [-3.60408, 37.27782], [-3.59199, 37.2754], [-3.5908, 37.2705], [-3.58184, 37.26875], [-3.58373, 37.25928], [-3.59315, 37.24727], [-3.58731, 37.24073], [-3.60818, 37.23601], [-3.60882, 37.24294], [-3.61229, 37.243]]]}}, {"type": "Feature", "properties": {"ine_code": "18096", "name": "Huélago", "province": "Granada"}, "geometry": {"type": "Polygon", "coordinates": [[[-3.25047, 37.39625], [-3.25832, 37.39743], [-3.26133, 37.39391], [-3.27899, 37.39263], [-3.285, 37.39941], [-3.28942, 37.396], [-3.32272, 37.38905], [-3.32183, 37.39546], [-3.31557, 37.39713], [-3.30699, 37.4161], [-3.31261, 37.41932], [-3.28871, 37.42079], [-3.28765, 37.43234], [-3.284, 37.43664], [-3.26572, 37.43562], [-3.26282, 37.44028], [-3.23997, 37.43866], [-3.23765, 37.44718], [-3.22387, 37.44618], [-3.2186, 37.44037], [-3.2293, 37.43354], [-3.22389, 37.40764], [-3.23507, 37.39672], [-3.24963, 37.39883], [-3.25047, 37.39625]]]}}, {"type": "Feature", "properties": {"ine_code": "18097", "name": "Huéneja", "province": "Granada"}, "geometry": {"type": "Polygon", "coordinates": [[[-3.01202, 37.2359], [-3.01064, 37.24051], [-3.00639, 37.24114], [-2.97968, 37.23134], [-2.97231, 37.22246], [-2.96233, 37.22825], [-2.95199, 37.24434], [-2.92698, 37.26132], [-2.90452, 37.26448], [-2.90407, 37.25624], [-2.89862, 37.25385], [-2.88831, 37.2591], [-2.87648, 37.25973], [-2.8757, 37.25128], [-2.86652, 37.24305], [-2.87496, 37.23146], [-2.87283, 37.21989], [-2.88027, 37.20395], [-2.88099, 37.1871], [-2.88881, 37.18207], [-2.8953, 37.16705], [-2.91101, 37.1635], [-2.9147, 37.1585], [-2.92915, 37.15657], [-2.93058, 37.1398], [-2.9409, 37.13066], [-2.94173, 37.12465], [-2.94699, 37.12221], [-2.94288, 37.11177], [-2.94833, 37.10615], [-2.94896, 37.09655], [-2.96974, 37.09657], [-2.98114, 37.09297], [-2.99649, 37.09572], [-2.99603, 37.10874], [-2.98813, 37.11802], [-2.98944, 37.12739], [-2.99379, 37.13069], [-2.99083, 37.13212], [-2.99366, 37.14069], [-2.98161, 37.14331], [-2.97542, 37.15876], [-2.9676, 37.16845], [-2.97177, 37.18469], [-2.96936, 37.19697], [-2.97881, 37.2028], [-2.97497, 37.20897], [-2.97523, 37.2172], [-2.98107, 37.22499], [-2.99114, 37.22908], [-2.99599, 37.22652], [-3.01202, 37.2359]]]}}, {"type": "Feature", "properties": {"ine_code": "18098", "name": "Huéscar", "province": "Granada"}, "geometry": {"type": "Polygon", "coordinates": [[[-2.7137, 37.81457], [-2.70826, 37.82597], [-2.7109, 37.83292], [-2.70586, 37.84579], [-2.69558, 37.85492], [-2.7129, 37.8717], [-2.72652, 37.87456], [-2.72448, 37.87893], [-2.72896, 37.88315], [-2.7195, 37.90595], [-2.69606, 37.92347], [-2.69291, 37.93096], [-2.684, 37.93944], [-2.69499, 37.96608], [-2.69145, 37.97281], [-2.66983, 37.96144], [-2.6557, 37.96626], [-2.64253, 37.98108], [-2.62033, 37.98822], [-2.60512, 37.99815], [-2.59771, 38.00721], [-2.59994, 38.04362], [-2.59585, 38.05319], [-2.59896, 38.05877], [-2.60663, 38.06145], [-2.59397, 38.06495], [-2.58553, 38.07254], [-2.5734, 38.07426], [-2.573, 38.07783], [-2.56538, 38.08354], [-2.55785, 38.08154], [-2.55233, 38.08409], [-2.5406, 38.07542], [-2.52511, 38.0697], [-2.5056, 38.06838], [-2.49072, 38.05702], [-2.48324, 38.05562], [-2.48254, 38.0492], [-2.49496, 38.03703], [-2.53038, 38.02365], [-2.53788, 38.01554], [-2.56138, 38.01592], [-2.57611, 38.00672], [-2.58226, 37.99799], [-2.58309, 37.98266], [-2.58607, 37.97827], [-2.56815, 37.96332], [-2.54933, 37.95896], [-2.54868, 37.95187], [-2.5252, 37.9281], [-2.51457, 37.92742], [-2.50109, 37.91264], [-2.49359, 37.91919], [-2.4841, 37.91804], [-2.47792, 37.9065], [-2.46386, 37.89989], [-2.46105, 37.89227], [-2.46465, 37.88705], [-2.46026, 37.88197], [-2.46117, 37.87903], [-2.47188, 37.85596], [-2.48476, 37.84582], [-2.4874, 37.83995], [-2.47472, 37.82166], [-2.44429, 37.79339], [-2.47399, 37.78523], [-2.49669, 37.76662], [-2.5054, 37.76446], [-2.50892, 37.76955], [-2.53208, 37.77039], [-2.55489, 37.77626], [-2.60082, 37.77386], [-2.62466, 37.76124], [-2.62597, 37.76724], [-2.62232, 37.77222], [-2.62653, 37.78342], [-2.65274, 37.78831], [-2.66366, 37.79679], [-2.70203, 37.80482], [-2.69958, 37.81513], [-2.7137, 37.81457]]]}}, {"type": "Feature", "properties": {"ine_code": "18099", "name": "Huétor de Santillán", "province": "Granada"}, "geometry": {"type": "Polygon", "coordinates": [[[-3.53394, 37.21697], [-3.53506, 37.22328], [-3.52336, 37.23688], [-3.51464, 37.24126], [-3.51419, 37.24543], [-3.50599, 37.25295], [-3.5082, 37.26225], [-3.50444, 37.26671], [-3.50942, 37.27319], [-3.50443, 37.28296], [-3.50851, 37.2915], [-3.50172, 37.30033], [-3.49088, 37.30544], [-3.49006, 37.31399], [-3.48517, 37.32014], [-3.48929, 37.32699], [-3.37697, 37.35721], [-3.38771, 37.34171], [-3.38872, 37.32934], [-3.3959, 37.31663], [-3.39436, 37.30931], [-3.38368, 37.29629], [-3.38381, 37.28122], [-3.39261, 37.28295], [-3.39924, 37.27906], [-3.4223, 37.27753], [-3.43714, 37.27118], [-3.4582, 37.26755], [-3.46291, 37.26249], [-3.46355, 37.25381], [-3.47543, 37.2492], [-3.47441, 37.24589], [-3.48235, 37.24069], [-3.4807, 37.23269], [-3.48745, 37.22812], [-3.50161, 37.22377], [-3.51699, 37.20906], [-3.53394, 37.21697]]]}}, {"type": "Feature", "properties": {"ine_code": "18100", "name": "Huétor Tájar", "province": "Granada"}, "geometry": {"type": "Polygon", "coordinates": [[[-3.98709, 37.16629], [-3.98835, 37.17108], [-4.00105, 37.17648], [-4.00193, 37.18293], [-4.03371, 37.1738], [-4.05631, 37.17135], [-4.06558, 37.16561], [-4.07494, 37.17177], [-4.0806, 37.18065], [-4.08413, 37.17315], [-4.09391, 37.17098], [-4.09518, 37.16816], [-4.09929, 37.17006], [-4.09991, 37.16613], [-4.11079, 37.16334], [-4.12153, 37.17187], [-4.12724, 37.17089], [-4.12888, 37.17613], [-4.10654, 37.16978], [-4.09116, 37.17662], [-4.08951, 37.183], [-4.08212, 37.18747], [-4.08413, 37.19681], [-4.07701, 37.19566], [-4.07343, 37.20572], [-4.06451, 37.21382], [-4.07381, 37.22495], [-4.07501, 37.23207], [-4.06384, 37.23913], [-4.05885, 37.22708], [-4.04321, 37.23055], [-4.02523, 37.22885], [-4.0215, 37.22602], [-4.01892, 37.21365], [-4.00901, 37.20118], [-4.00584, 37.20148], [-3.99786, 37.18872], [-3.99946, 37.18083], [-3.99372, 37.17516], [-3.98833, 37.17662], [-3.98205, 37.17378], [-3.98709, 37.16629]]]}}, {"type": "Feature", "properties": {"ine_code": "18101", "name": "Huétor Vega", "province": "Granada"}, "geometry": {"type": "Polygon", "coordinates": [[[-3.57989, 37.14042], [-3.5867, 37.14637], [-3.57912, 37.14812], [-3.57872, 37.15333], [-3.56395, 37.15859], [-3.55225, 37.15358], [-3.55327, 37.14164], [-3.55611, 37.14326], [-3.56586, 37.13845], [-3.57494, 37.14254], [-3.57989, 37.14042]]]}}, {"type": "Feature", "properties": {"ine_code": "18102", "name": "Íllora", "province": "Granada"}, "geometry": {"type": "Polygon", "coordinates": [[[-3.99129, 37.2494], [-3.98411, 37.25465], [-3.98698, 37.26155], [-3.98082, 37.2672], [-3.98231, 37.27095], [-3.9528, 37.28748], [-3.94524, 37.29889], [-3.92853, 37.30444], [-3.92106, 37.31283], [-3.92407, 37.32829], [-3.92179, 37.33412], [-3.92585, 37.34158], [-3.91923, 37.34521], [-3.9255, 37.36239], [-3.92258, 37.36513], [-3.92359, 37.37869], [-3.91227, 37.3784], [-3.88123, 37.38763], [-3.85774, 37.38782], [-3.86256, 37.38459], [-3.85954, 37.3761], [-3.85208, 37.37035], [-3.84495, 37.35788], [-3.84534, 37.35485], [-3.85134, 37.35233], [-3.84989, 37.34347], [-3.83874, 37.32777], [-3.84096, 37.32604], [-3.83955, 37.32016], [-3.83389, 37.32266], [-3.80998, 37.29504], [-3.81623, 37.29374], [-3.81805, 37.29029], [-3.81335, 37.28606], [-3.83297, 37.27824], [-3.82943, 37.27493], [-3.83991, 37.26132], [-3.83385, 37.24994], [-3.83266, 37.23208], [-3.82418, 37.22096], [-3.8284, 37.21508], [-3.83741, 37.21254], [-3.84788, 37.22871], [-3.87355, 37.21436], [-3.92424, 37.2066], [-3.92798, 37.19986], [-3.92583, 37.19724], [-3.9339, 37.19763], [-3.93651, 37.2038], [-3.95101, 37.20362], [-3.95329, 37.2196], [-3.95948, 37.21551], [-3.96601, 37.21616], [-3.97952, 37.20762], [-3.98339, 37.21141], [-3.9937, 37.21121], [-3.99641, 37.21471], [-3.98778, 37.22667], [-3.99079, 37.23259], [-3.99129, 37.2494]]]}}, {"type": "Feature", "properties": {"ine_code": "18103", "name": "Ítrabo", "province": "Granada"}, "geometry": {"type": "Polygon", "coordinates": [[[-3.67056, 36.77241], [-3.6689, 36.77554], [-3.6512, 36.78219], [-3.65078, 36.8012], [-3.64005, 36.81361], [-3.64311, 36.81909], [-3.64195, 36.82473], [-3.6275, 36.82757], [-3.61495, 36.81987], [-3.62189, 36.80679], [-3.62008, 36.78923], [-3.62562, 36.78258], [-3.64131, 36.77407], [-3.6305, 36.76272], [-3.63282, 36.74912], [-3.63559, 36.74829], [-3.66094, 36.76389], [-3.67056, 36.77241]]]}}, {"type": "Feature", "properties": {"ine_code": "18105", "name": "Iznalloz", "province": "Granada"}, "geometry": {"type": "Polygon", "coordinates": [[[-3.64138, 37.44669], [-3.63848, 37.46758], [-3.64148, 37.47617], [-3.64663, 37.47943], [-3.65028, 37.49603], [-3.65909, 37.50115], [-3.66743, 37.51695], [-3.67184, 37.51868], [-3.63111, 37.52936], [-3.60421, 37.52728], [-3.59959, 37.52001], [-3.61434, 37.51177], [-3.61609, 37.50494], [-3.62538, 37.49882], [-3.63731, 37.49797], [-3.63592, 37.49264], [-3.63908, 37.4856], [-3.63292, 37.47908], [-3.63502, 37.4677], [-3.62928, 37.46224], [-3.5958, 37.47589], [-3.58091, 37.47527], [-3.57813, 37.47337], [-3.57688, 37.46354], [-3.56965, 37.46744], [-3.55337, 37.46827], [-3.54528, 37.47306], [-3.53836, 37.46659], [-3.54114, 37.46321], [-3.53638, 37.45342], [-3.50748, 37.45289], [-3.49247, 37.45761], [-3.48806, 37.45373], [-3.48579, 37.44683], [-3.49738, 37.4426], [-3.50367, 37.44374], [-3.50661, 37.43834], [-3.5015, 37.43596], [-3.49927, 37.43689], [-3.50079, 37.43958], [-3.49144, 37.44187], [-3.48783, 37.43489], [-3.49054, 37.42773], [-3.48783, 37.42459], [-3.48961, 37.41393], [-3.50267, 37.4103], [-3.49665, 37.40776], [-3.49303, 37.40019], [-3.48557, 37.40033], [-3.47193, 37.40929], [-3.44911, 37.41688], [-3.44352, 37.42251], [-3.43705, 37.42246], [-3.43565, 37.41463], [-3.44089, 37.39985], [-3.42565, 37.38192], [-3.373, 37.36974], [-3.34395, 37.38397], [-3.34992, 37.36194], [-3.46654, 37.33513], [-3.47453, 37.32933], [-3.50189, 37.32397], [-3.51508, 37.32651], [-3.5406, 37.31257], [-3.55989, 37.3138], [-3.55726, 37.32905], [-3.54817, 37.34027], [-3.57077, 37.34936], [-3.56745, 37.37189], [-3.56958, 37.37594], [-3.57646, 37.37611], [-3.589, 37.3678], [-3.59199, 37.37023], [-3.58949, 37.37287], [-3.59168, 37.37539], [-3.59705, 37.37634], [-3.5935, 37.38024], [-3.59569, 37.3862], [-3.59852, 37.38559], [-3.60303, 37.39163], [-3.60187, 37.38134], [-3.6121, 37.39], [-3.61565, 37.38902], [-3.61453, 37.37806], [-3.61113, 37.37469], [-3.61229, 37.36627], [-3.61792, 37.36091], [-3.63701, 37.39608], [-3.64247, 37.40049], [-3.64763, 37.39967], [-3.63693, 37.40202], [-3.6381, 37.42031], [-3.64486, 37.42693], [-3.64251, 37.4315], [-3.64451, 37.43534], [-3.65116, 37.43825], [-3.64752, 37.44176], [-3.63149, 37.43758], [-3.62233, 37.44157], [-3.64138, 37.44669]]]}}, {"type": "Feature", "properties": {"ine_code": "18106", "name": "Játar", "province": "Granada"}, "geometry": {"type": "Polygon", "coordinates": [[[-3.90611, 36.9154], [-3.93768, 36.92902], [-3.94017, 36.93317], [-3.92589, 36.9467], [-3.92692, 36.95787], [-3.92249, 36.95859], [-3.91881, 36.95046], [-3.91307, 36.94798], [-3.90891, 36.94134], [-3.90122, 36.94261], [-3.90219, 36.93907], [-3.89246, 36.9393], [-3.89735, 36.92085], [-3.90611, 36.9154]]]}}, {"type": "Feature", "properties": {"ine_code": "18107", "name": "Jayena", "province": "Granada"}, "geometry": {"type": "Polygon", "coordinates": [[[-3.77996, 36.86704], [-3.80501, 36.88303], [-3.80617, 36.89187], [-3.81364, 36.89625], [-3.81907, 36.90715], [-3.82682, 36.9101], [-3.82908, 36.90757], [-3.82307, 36.92132], [-3.8404, 36.93684], [-3.84979, 36.952], [-3.84971, 36.96015], [-3.83024, 36.96698], [-3.82502, 36.97194], [-3.82477, 36.98269], [-3.82066, 36.99141], [-3.80252, 36.99447], [-3.78901, 36.98987], [-3.77039, 36.98875], [-3.7615, 36.98396], [-3.76152, 36.98082], [-3.74367, 36.97458], [-3.74877, 36.96706], [-3.75163, 36.93707], [-3.75906, 36.91724], [-3.75605, 36.90663], [-3.76487, 36.89292], [-3.77004, 36.89002], [-3.76761, 36.88225], [-3.77795, 36.87608], [-3.77996, 36.86704]]]}}, {"type": "Feature", "properties": {"ine_code": "18108", "name": "Jérez del Marquesado", "province": "Granada"}, "geometry": {"type": "Polygon", "coordinates": [[[-3.25774, 37.11469], [-3.25307, 37.12383], [-3.24989, 37.14302], [-3.23856, 37.15284], [-3.23727, 37.16876], [-3.22413, 37.18503], [-3.20643, 37.18975], [-3.19909, 37.197], [-3.17176, 37.19847], [-3.15903, 37.20721], [-3.15105, 37.20636], [-3.12403, 37.22994], [-3.11063, 37.23528], [-3.14311, 37.19069], [-3.14236, 37.17529], [-3.15619, 37.16963], [-3.17501, 37.14247], [-3.17122, 37.13902], [-3.17088, 37.12541], [-3.17829, 37.09277], [-3.19998, 37.09039], [-3.21441, 37.0943], [-3.2231, 37.09689], [-3.2266, 37.10263], [-3.23346, 37.10468], [-3.24088, 37.11235], [-3.25774, 37.11469]]]}}, {"type": "Feature", "properties": {"ine_code": "18109", "name": "Jete", "province": "Granada"}, "geometry": {"type": "Polygon", "coordinates": [[[-3.68245, 36.80003], [-3.66395, 36.80461], [-3.66079, 36.82443], [-3.65077, 36.82664], [-3.64195, 36.82473], [-3.64311, 36.81909], [-3.64005, 36.81361], [-3.65078, 36.8012], [-3.6512, 36.78219], [-3.6689, 36.77554], [-3.67056, 36.77241], [-3.6886, 36.77372], [-3.68996, 36.78897], [-3.68243, 36.79427], [-3.68245, 36.80003]]]}}, {"type": "Feature", "properties": {"ine_code": "18111", "name": "Jun", "province": "Granada"}, "geometry": {"type": "Polygon", "coordinates": [[[-3.60263, 37.21148], [-3.60075, 37.22298], [-3.59145, 37.22738], [-3.58515, 37.22093], [-3.5704, 37.21944], [-3.57496, 37.21101], [-3.58276, 37.20859], [-3.60263, 37.21148]]]}}, {"type": "Feature", "properties": {"ine_code": "18112", "name": "Juviles", "province": "Granada"}, "geometry": {"type": "Polygon", "coordinates": [[[-3.25053, 36.96956], [-3.24881, 36.97971], [-3.2377, 36.99473], [-3.22558, 36.98494], [-3.20598, 36.95434], [-3.21792, 36.94443], [-3.21853, 36.94062], [-3.23898, 36.93814], [-3.25053, 36.96956]]]}}, {"type": "Feature", "properties": {"ine_code": "18114", "name": "La Calahorra", "province": "Granada"}, "geometry": {"type": "Polygon", "coordinates": [[[-3.09687, 37.21312], [-3.09465, 37.24275], [-3.08922, 37.24333], [-3.06874, 37.19629], [-3.06584, 37.20627], [-3.06107, 37.20272], [-3.05308, 37.22391], [-3.0457, 37.23095], [-3.02906, 37.26292], [-3.01869, 37.27453], [-2.98023, 37.27421], [-2.99263, 37.25055], [-3.01064, 37.24051], [-3.01668, 37.23025], [-3.05094, 37.1994], [-3.05452, 37.19344], [-3.05324, 37.18705], [-3.04534, 37.1783], [-3.05174, 37.15721], [-3.05962, 37.15969], [-3.06591, 37.17848], [-3.07371, 37.17519], [-3.08037, 37.17951], [-3.09687, 37.21312]]]}}, {"type": "Feature", "properties": {"ine_code": "18115", "name": "Láchar", "province": "Granada"}, "geometry": {"type": "Polygon", "coordinates": [[[-3.86011, 37.16827], [-3.86606, 37.19177], [-3.86545, 37.20076], [-3.85538, 37.20301], [-3.85524, 37.19989], [-3.84376, 37.19762], [-3.84079, 37.20125], [-3.83242, 37.20153], [-3.82827, 37.20877], [-3.82387, 37.19877], [-3.82318, 37.18072], [-3.82689, 37.17111], [-3.85143, 37.16378], [-3.86011, 37.16827]]]}}, {"type": "Feature", "properties": {"ine_code": "18116", "name": "Lanjarón", "province": "Granada"}, "geometry": {"type": "Polygon", "coordinates": [[[-3.50869, 36.93228], [-3.49454, 36.94727], [-3.47728, 36.9561], [-3.47367, 36.96155], [-3.47185, 36.98191], [-3.45026, 36.99966], [-3.44623, 37.0075], [-3.43962, 37.01191], [-3.44124, 37.01445], [-3.43111, 37.02326], [-3.41527, 37.03021], [-3.4073, 37.03866], [-3.39299, 37.0409], [-3.40081, 37.03321], [-3.40631, 37.01604], [-3.41371, 37.01156], [-3.43933, 36.96271], [-3.45766, 36.94165], [-3.45428, 36.93676], [-3.45301, 36.92078], [-3.45991, 36.91113], [-3.45876, 36.90468], [-3.46595, 36.90065], [-3.46898, 36.88676], [-3.47442, 36.87845], [-3.48463, 36.87408], [-3.4857, 36.87994], [-3.49756, 36.88552], [-3.50534, 36.89621], [-3.51468, 36.90093], [-3.52054, 36.89756], [-3.52473, 36.90064], [-3.50837, 36.92258], [-3.50869, 36.93228]]]}}, {"type": "Feature", "properties": {"ine_code": "18117", "name": "Lanteira", "province": "Granada"}, "geometry": {"type": "Polygon", "coordinates": [[[-3.17829, 37.09277], [-3.17088, 37.12541], [-3.17122, 37.13902], [-3.17501, 37.14247], [-3.15619, 37.16963], [-3.14236, 37.17529], [-3.14311, 37.19069], [-3.13406, 37.20201], [-3.12741, 37.20541], [-3.10389, 37.24074], [-3.09465, 37.24275], [-3.09456, 37.22681], [-3.1289, 37.17917], [-3.12916, 37.17504], [-3.12023, 37.16727], [-3.11363, 37.16646], [-3.10655, 37.15532], [-3.12062, 37.13367], [-3.12232, 37.12431], [-3.11404, 37.09462], [-3.12049, 37.09191], [-3.13533, 37.09661], [-3.15963, 37.09215], [-3.17829, 37.09277]]]}}, {"type": "Feature", "properties": {"ine_code": "18119", "name": "Lecrín", "province": "Granada"}, "geometry": {"type": "Polygon", "coordinates": [[[-3.56372, 36.92192], [-3.56627, 36.9299], [-3.5596, 36.94209], [-3.57438, 36.93964], [-3.59433, 36.95339], [-3.58077, 36.94966], [-3.57507, 36.95483], [-3.57223, 36.96309], [-3.56188, 36.95882], [-3.54779, 36.95875], [-3.53516, 36.97927], [-3.52633, 36.97757], [-3.51541, 36.98185], [-3.49771, 36.97735], [-3.47193, 36.9795], [-3.47367, 36.96155], [-3.47728, 36.9561], [-3.49454, 36.94727], [-3.50869, 36.93228], [-3.51218, 36.93773], [-3.52511, 36.93429], [-3.53052, 36.90409], [-3.54658, 36.92015], [-3.55905, 36.92462], [-3.56372, 36.92192]]]}}, {"type": "Feature", "properties": {"ine_code": "18120", "name": "Lentegí", "province": "Granada"}, "geometry": {"type": "Polygon", "coordinates": [[[-3.66253, 36.81298], [-3.67214, 36.82263], [-3.68073, 36.81763], [-3.68822, 36.8182], [-3.7073, 36.83643], [-3.72109, 36.83879], [-3.71562, 36.85206], [-3.72366, 36.86111], [-3.72164, 36.86995], [-3.70565, 36.86814], [-3.70661, 36.86375], [-3.70117, 36.86124], [-3.68857, 36.86417], [-3.68617, 36.86884], [-3.68042, 36.87092], [-3.67571, 36.86476], [-3.66956, 36.8633], [-3.66982, 36.85727], [-3.65566, 36.84046], [-3.65765, 36.83228], [-3.65308, 36.82659], [-3.66079, 36.82443], [-3.66253, 36.81298]]]}}, {"type": "Feature", "properties": {"ine_code": "18121", "name": "Lobras", "province": "Granada"}, "geometry": {"type": "Polygon", "coordinates": [[[-3.20467, 36.87636], [-3.21891, 36.89156], [-3.21965, 36.89667], [-3.23403, 36.90741], [-3.2248, 36.92133], [-3.22493, 36.92833], [-3.21642, 36.9374], [-3.21792, 36.94443], [-3.20695, 36.95244], [-3.19926, 36.94687], [-3.20146, 36.93026], [-3.2063, 36.92021], [-3.1946, 36.89331], [-3.18789, 36.88677], [-3.19271, 36.87832], [-3.20467, 36.87636]]]}}, {"type": "Feature", "properties": {"ine_code": "18122", "name": "Loja", "province": "Granada"}, "geometry": {"type": "Polygon", "coordinates": [[[-4.32813, 37.18407], [-4.32063, 37.19175], [-4.29557, 37.19939], [-4.28315, 37.20733], [-4.26345, 37.22749], [-4.25531, 37.22956], [-4.25869, 37.25153], [-4.2457, 37.2483], [-4.23515, 37.2506], [-4.22298, 37.24556], [-4.20123, 37.25798], [-4.19657, 37.25573], [-4.19452, 37.24453], [-4.17128, 37.22922], [-4.1714, 37.23203], [-4.16301, 37.2351], [-4.16196, 37.23711], [-4.16594, 37.23791], [-4.15561, 37.24815], [-4.16006, 37.25609], [-4.1567, 37.25596], [-4.15449, 37.26445], [-4.15883, 37.26651], [-4.1593, 37.27076], [-4.16751, 37.27419], [-4.15491, 37.27882], [-4.14111, 37.27645], [-4.12804, 37.27824], [-4.12765, 37.28286], [-4.1075, 37.29283], [-4.09437, 37.28312], [-4.09283, 37.27716], [-4.046, 37.25788], [-4.02544, 37.23045], [-4.02718, 37.22797], [-4.04321, 37.23055], [-4.05885, 37.22708], [-4.06384, 37.23913], [-4.07501, 37.23207], [-4.07381, 37.22495], [-4.06451, 37.21382], [-4.07343, 37.20572], [-4.07701, 37.19566], [-4.08413, 37.19681], [-4.08212, 37.18747], [-4.08951, 37.183], [-4.09116, 37.17662], [-4.10654, 37.16978], [-4.12888, 37.17613], [-4.12724, 37.17089], [-4.12153, 37.17187], [-4.1113, 37.16334], [-4.09991, 37.16613], [-4.09929, 37.17006], [-4.08774, 37.16798], [-4.08772, 37.16439], [-4.0977, 37.16227], [-4.09872, 37.15651], [-4.10668, 37.15119], [-4.09562, 37.13272], [-4.09782, 37.13024], [-4.09307, 37.12361], [-4.09628, 37.11834], [-4.07629, 37.09691], [-4.0612, 37.08993], [-4.08013, 37.08516], [-4.08655, 37.08209], [-4.08565, 37.07893], [-4.11416, 37.07471], [-4.17106, 37.05242], [-4.18037, 37.05134], [-4.1844, 37.03684], [-4.18282, 37.02869], [-4.19124, 37.02495], [-4.20572, 37.02663], [-4.22335, 37.01234], [-4.25193, 37.02298], [-4.26044, 37.0173], [-4.27251, 37.0149], [-4.27004, 37.02703], [-4.27276, 37.04172], [-4.281, 37.05672], [-4.28707, 37.11952], [-4.32813, 37.18407]]]}}, {"type": "Feature", "properties": {"ine_code": "18123", "name": "Lugros", "province": "Granada"}, "geometry": {"type": "Polygon", "coordinates": [[[-3.29918, 37.2095], [-3.29972, 37.21562], [-3.28649, 37.23103], [-3.27687, 37.23508], [-3.27646, 37.23973], [-3.27259, 37.23888], [-3.27166, 37.25325], [-3.26827, 37.25542], [-3.25907, 37.25386], [-3.25117, 37.24342], [-3.25051, 37.22761], [-3.24795, 37.22764], [-3.2331, 37.24853], [-3.22262, 37.25739], [-3.21656, 37.25508], [-3.21657, 37.24304], [-3.21082, 37.2363], [-3.21116, 37.22632], [-3.20113, 37.21814], [-3.19795, 37.20364], [-3.20127, 37.20071], [-3.19695, 37.19723], [-3.20303, 37.19552], [-3.20643, 37.18975], [-3.22413, 37.18503], [-3.22972, 37.17927], [-3.23759, 37.16804], [-3.23856, 37.15284], [-3.24992, 37.14175], [-3.26062, 37.15327], [-3.27065, 37.15845], [-3.27421, 37.1657], [-3.28573, 37.17215], [-3.28191, 37.17698], [-3.28295, 37.18413], [-3.28019, 37.1855], [-3.28307, 37.19796], [-3.29918, 37.2095]]]}}, {"type": "Feature", "properties": {"ine_code": "18124", "name": "Lújar", "province": "Granada"}, "geometry": {"type": "Polygon", "coordinates": [[[-3.42867, 36.78628], [-3.42423, 36.79493], [-3.42354, 36.8063], [-3.41783, 36.81667], [-3.41048, 36.82118], [-3.40364, 36.81964], [-3.40064, 36.82209], [-3.36805, 36.80599], [-3.3559, 36.80684], [-3.36258, 36.79733], [-3.37236, 36.79139], [-3.37349, 36.78437], [-3.36814, 36.77931], [-3.36612, 36.77192], [-3.35275, 36.77499], [-3.34262, 36.77241], [-3.33997, 36.76539], [-3.34424, 36.74761], [-3.33841, 36.73843], [-3.35042, 36.72959], [-3.36027, 36.73434], [-3.37596, 36.76146], [-3.39184, 36.77262], [-3.39964, 36.77417], [-3.41975, 36.76867], [-3.42867, 36.78628]]]}}, {"type": "Feature", "properties": {"ine_code": "18126", "name": "La Malahá", "province": "Granada"}, "geometry": {"type": "Polygon", "coordinates": [[[-3.78008, 37.0948], [-3.76101, 37.09541], [-3.76111, 37.10145], [-3.76628, 37.10837], [-3.78026, 37.11559], [-3.77674, 37.12413], [-3.75446, 37.11642], [-3.72714, 37.11799], [-3.72074, 37.11398], [-3.71323, 37.11522], [-3.71003, 37.11101], [-3.70045, 37.11324], [-3.6871, 37.10856], [-3.69485, 37.10363], [-3.69764, 37.09763], [-3.69592, 37.09484], [-3.7043, 37.08672], [-3.73062, 37.07511], [-3.74525, 37.07808], [-3.74297, 37.08174], [-3.75297, 37.08963], [-3.77271, 37.08323], [-3.77443, 37.09176], [-3.77923, 37.09136], [-3.78008, 37.0948]]]}}, {"type": "Feature", "properties": {"ine_code": "18127", "name": "Maracena", "province": "Granada"}, "geometry": {"type": "Polygon", "coordinates": [[[-3.66146, 37.2102], [-3.65832, 37.21371], [-3.63108, 37.22255], [-3.62502, 37.21773], [-3.624, 37.21161], [-3.6349, 37.20046], [-3.64057, 37.20283], [-3.64741, 37.19834], [-3.65268, 37.20671], [-3.66146, 37.2102]]]}}, {"type": "Feature", "properties": {"ine_code": "18128", "name": "Marchal", "province": "Granada"}, "geometry": {"type": "Polygon", "coordinates": [[[-3.22645, 37.28773], [-3.21379, 37.29269], [-3.20477, 37.3087], [-3.17513, 37.31659], [-3.1793, 37.30346], [-3.17292, 37.29803], [-3.17466, 37.29381], [-3.18403, 37.28825], [-3.19287, 37.29405], [-3.20322, 37.29466], [-3.22251, 37.27853], [-3.23158, 37.28246], [-3.22645, 37.28773]]]}}, {"type": "Feature", "properties": {"ine_code": "18132", "name": "Moclín", "province": "Granada"}, "geometry": {"type": "Polygon", "coordinates": [[[-3.80998, 37.29504], [-3.83389, 37.32266], [-3.83955, 37.32016], [-3.84096, 37.32604], [-3.83874, 37.32777], [-3.84989, 37.34347], [-3.85134, 37.35233], [-3.84534, 37.35485], [-3.84495, 37.35788], [-3.85208, 37.37035], [-3.85954, 37.3761], [-3.86256, 37.38459], [-3.85774, 37.38782], [-3.84122, 37.38624], [-3.83637, 37.39554], [-3.82542, 37.40243], [-3.82653, 37.41352], [-3.81803, 37.42136], [-3.81009, 37.43851], [-3.78873, 37.43659], [-3.79488, 37.42943], [-3.78617, 37.43506], [-3.77274, 37.40871], [-3.7662, 37.4048], [-3.75772, 37.37199], [-3.75701, 37.3556], [-3.75319, 37.35519], [-3.7515, 37.34991], [-3.74557, 37.34647], [-3.72566, 37.30687], [-3.71003, 37.30152], [-3.70593, 37.29168], [-3.7206, 37.29992], [-3.73293, 37.29525], [-3.73945, 37.29608], [-3.73492, 37.30771], [-3.7427, 37.30859], [-3.7554, 37.30484], [-3.76914, 37.29309], [-3.80998, 37.29504]]]}}, {"type": "Feature", "properties": {"ine_code": "18133", "name": "Molvízar", "province": "Granada"}, "geometry": {"type": "Polygon", "coordinates": [[[-3.5657, 36.80113], [-3.57044, 36.789], [-3.57826, 36.78775], [-3.57995, 36.77614], [-3.58592, 36.77299], [-3.60701, 36.77493], [-3.61927, 36.77169], [-3.62618, 36.76339], [-3.6305, 36.76272], [-3.64131, 36.77407], [-3.62562, 36.78258], [-3.62008, 36.78923], [-3.62189, 36.80679], [-3.61496, 36.81961], [-3.60326, 36.8183], [-3.58837, 36.80953], [-3.5741, 36.80784], [-3.5657, 36.80113]]]}}, {"type": "Feature", "properties": {"ine_code": "18134", "name": "Monachil", "province": "Granada"}, "geometry": {"type": "Polygon", "coordinates": [[[-3.53694, 37.09365], [-3.57081, 37.13882], [-3.56485, 37.13853], [-3.55611, 37.14326], [-3.55327, 37.14164], [-3.55085, 37.14739], [-3.52953, 37.14012], [-3.51216, 37.14495], [-3.50012, 37.13758], [-3.47371, 37.13776], [-3.45657, 37.13123], [-3.45654, 37.12794], [-3.45209, 37.12827], [-3.44077, 37.11814], [-3.42969, 37.12007], [-3.41483, 37.11244], [-3.40625, 37.11189], [-3.39019, 37.09988], [-3.37662, 37.07874], [-3.37672, 37.0703], [-3.36958, 37.06543], [-3.36935, 37.05936], [-3.36567, 37.05603], [-3.41775, 37.0767], [-3.43167, 37.0751], [-3.45374, 37.0795], [-3.46719, 37.0711], [-3.47323, 37.07149], [-3.48668, 37.07946], [-3.53283, 37.08207], [-3.53834, 37.08891], [-3.53694, 37.09365]]]}}, {"type": "Feature", "properties": {"ine_code": "18135", "name": "Montefrío", "province": "Granada"}, "geometry": {"type": "Polygon", "coordinates": [[[-4.16197, 37.34194], [-4.15784, 37.34225], [-4.14484, 37.36286], [-4.12722, 37.37826], [-4.1029, 37.38943], [-4.09823, 37.40012], [-4.08594, 37.40375], [-4.05373, 37.40256], [-4.03158, 37.40628], [-4.01746, 37.40133], [-4.00055, 37.40202], [-3.98297, 37.38801], [-3.97319, 37.38817], [-3.95089, 37.37835], [-3.92359, 37.37869], [-3.92258, 37.36513], [-3.9255, 37.36239], [-3.91923, 37.34521], [-3.92585, 37.34158], [-3.92179, 37.33412], [-3.92407, 37.32829], [-3.92106, 37.31283], [-3.92835, 37.30461], [-3.94524, 37.29889], [-3.95192, 37.28812], [-3.98231, 37.27095], [-3.98082, 37.2672], [-3.98698, 37.26155], [-3.98411, 37.25465], [-3.98703, 37.25152], [-4.01566, 37.2416], [-4.03369, 37.24215], [-4.046, 37.25788], [-4.09409, 37.27795], [-4.09437, 37.28312], [-4.1054, 37.28997], [-4.11165, 37.30081], [-4.13258, 37.31574], [-4.14447, 37.33405], [-4.16197, 37.34194]]]}}, {"type": "Feature", "properties": {"ine_code": "18136", "name": "Montejícar", "province": "Granada"}, "geometry": {"type": "Polygon", "coordinates": [[[-3.58344, 37.55364], [-3.55976, 37.56523], [-3.55678, 37.57244], [-3.53645, 37.58029], [-3.53533, 37.58531], [-3.53903, 37.59294], [-3.53678, 37.59668], [-3.50647, 37.61728], [-3.48006, 37.60125], [-3.46116, 37.59842], [-3.43687, 37.5739], [-3.43623, 37.56379], [-3.44433, 37.56081], [-3.44643, 37.55573], [-3.46588, 37.55466], [-3.4714, 37.55107], [-3.47204, 37.54529], [-3.47752, 37.54156], [-3.47541, 37.52553], [-3.47994, 37.51925], [-3.49298, 37.51224], [-3.51206, 37.50937], [-3.52138, 37.51521], [-3.53198, 37.51319], [-3.53707, 37.51621], [-3.53934, 37.5139], [-3.5542, 37.52149], [-3.56429, 37.53135], [-3.57559, 37.53687], [-3.58344, 37.55364]]]}}, {"type": "Feature", "properties": {"ine_code": "18137", "name": "Montillana", "province": "Granada"}, "geometry": {"type": "Polygon", "coordinates": [[[-3.81009, 37.43851], [-3.80221, 37.45335], [-3.80873, 37.45926], [-3.79172, 37.46619], [-3.78656, 37.47832], [-3.79154, 37.47888], [-3.79254, 37.48247], [-3.78557, 37.4909], [-3.77583, 37.48826], [-3.77624, 37.47648], [-3.7447, 37.48682], [-3.7301, 37.48752], [-3.71152, 37.50313], [-3.68301, 37.51796], [-3.66743, 37.51695], [-3.65909, 37.50115], [-3.65028, 37.49603], [-3.64663, 37.47943], [-3.64148, 37.47617], [-3.63848, 37.46758], [-3.64032, 37.45732], [-3.63796, 37.45079], [-3.65144, 37.44934], [-3.64933, 37.45636], [-3.66232, 37.45947], [-3.66331, 37.47258], [-3.67211, 37.4737], [-3.68391, 37.46974], [-3.6988, 37.45405], [-3.69851, 37.44875], [-3.70507, 37.44396], [-3.73131, 37.44202], [-3.73145, 37.43115], [-3.73836, 37.42776], [-3.74042, 37.42967], [-3.7376, 37.43448], [-3.75853, 37.43979], [-3.75708, 37.4487], [-3.76263, 37.45197], [-3.76953, 37.45165], [-3.77089, 37.4443], [-3.76707, 37.43049], [-3.78259, 37.42843], [-3.78617, 37.43506], [-3.79488, 37.42943], [-3.78873, 37.43659], [-3.81009, 37.43851]]]}}, {"type": "Feature", "properties": {"ine_code": "18138", "name": "Moraleda de Zafayona", "province": "Granada"}, "geometry": {"type": "Polygon", "coordinates": [[[-4.01679, 37.21119], [-4.00905, 37.21305], [-4.00764, 37.21003], [-3.98735, 37.20779], [-3.98376, 37.21146], [-3.97952, 37.20762], [-3.96601, 37.21616], [-3.95948, 37.21551], [-3.95329, 37.2196], [-3.95101, 37.20362], [-3.93709, 37.20394], [-3.9339, 37.19763], [-3.92671, 37.1968], [-3.92237, 37.20009], [-3.92098, 37.19675], [-3.91848, 37.19844], [-3.91236, 37.19494], [-3.90771, 37.18722], [-3.91941, 37.17988], [-3.90291, 37.17871], [-3.89227, 37.18254], [-3.8973, 37.15919], [-3.91804, 37.14922], [-3.93456, 37.14665], [-3.93841, 37.14236], [-3.95715, 37.15597], [-3.96749, 37.15422], [-3.96654, 37.15935], [-3.97233, 37.16637], [-3.98689, 37.16575], [-3.98205, 37.17378], [-3.98833, 37.17662], [-3.99372, 37.17516], [-3.99946, 37.18083], [-3.99801, 37.189], [-4.00584, 37.20148], [-4.00901, 37.20118], [-4.01679, 37.21119]]]}}, {"type": "Feature", "properties": {"ine_code": "18140", "name": "Motril", "province": "Granada"}, "geometry": {"type": "Polygon", "coordinates": [[[-3.56703, 36.71944], [-3.56164, 36.72836], [-3.56519, 36.74809], [-3.56185, 36.76584], [-3.55922, 36.77026], [-3.54753, 36.77596], [-3.54626, 36.78198], [-3.53838, 36.78934], [-3.54247, 36.79212], [-3.53301, 36.79291], [-3.53481, 36.786], [-3.51436, 36.7788], [-3.48848, 36.7847], [-3.4484, 36.78138], [-3.42867, 36.78628], [-3.41848, 36.765], [-3.41945, 36.7543], [-3.416, 36.74896], [-3.41795, 36.73928], [-3.40964, 36.72778], [-3.41625, 36.72225], [-3.41705, 36.71609], [-3.416, 36.70532], [-3.41105, 36.70323], [-3.41991, 36.69389], [-3.4652, 36.69489], [-3.46323, 36.70933], [-3.47416, 36.72004], [-3.4794, 36.72095], [-3.48219, 36.71806], [-3.49234, 36.72352], [-3.50052, 36.71114], [-3.50826, 36.71747], [-3.51311, 36.71872], [-3.51504, 36.71618], [-3.51381, 36.71825], [-3.51969, 36.72097], [-3.5212, 36.71944], [-3.52259, 36.72011], [-3.52066, 36.72156], [-3.52427, 36.72048], [-3.52282, 36.72301], [-3.52585, 36.72412], [-3.5294, 36.72204], [-3.51413, 36.71244], [-3.5337, 36.72211], [-3.55011, 36.71463], [-3.56703, 36.71944]]]}}, {"type": "Feature", "properties": {"ine_code": "18141", "name": "Murtas", "province": "Granada"}, "geometry": {"type": "Polygon", "coordinates": [[[-3.19271, 36.87832], [-3.18763, 36.88036], [-3.18007, 36.87804], [-3.15038, 36.88686], [-3.14258, 36.89289], [-3.14699, 36.8989], [-3.14645, 36.90708], [-3.10265, 36.91434], [-3.08366, 36.92578], [-3.08003, 36.93156], [-3.06897, 36.91565], [-3.07051, 36.90118], [-3.06076, 36.89214], [-3.06224, 36.89021], [-3.06853, 36.89387], [-3.07584, 36.89297], [-3.07641, 36.88572], [-3.08865, 36.87503], [-3.08754, 36.87174], [-3.09745, 36.87457], [-3.10452, 36.868], [-3.10337, 36.86138], [-3.12147, 36.86156], [-3.12475, 36.85522], [-3.12129, 36.84725], [-3.12745, 36.83597], [-3.1225, 36.82524], [-3.12598, 36.82264], [-3.12298, 36.81432], [-3.13014, 36.81122], [-3.14362, 36.79047], [-3.15634, 36.79532], [-3.16764, 36.81782], [-3.17511, 36.85017], [-3.17246, 36.85404], [-3.1808, 36.85932], [-3.19271, 36.87832]]]}}, {"type": "Feature", "properties": {"ine_code": "18143", "name": "Nigüelas", "province": "Granada"}, "geometry": {"type": "Polygon", "coordinates": [[[-3.57348, 36.96497], [-3.55829, 36.97849], [-3.53733, 36.99008], [-3.5356, 36.99684], [-3.52494, 37.00259], [-3.49674, 37.01216], [-3.48536, 37.01127], [-3.47407, 37.01813], [-3.43962, 37.01191], [-3.47193, 36.9795], [-3.49771, 36.97735], [-3.51541, 36.98185], [-3.52633, 36.97757], [-3.53516, 36.97927], [-3.54779, 36.95875], [-3.56188, 36.95882], [-3.57348, 36.96497]]]}}, {"type": "Feature", "properties": {"ine_code": "18144", "name": "Nívar", "province": "Granada"}, "geometry": {"type": "Polygon", "coordinates": [[[-3.50644, 37.27592], [-3.54798, 37.26352], [-3.58785, 37.24318], [-3.59315, 37.24727], [-3.58354, 37.25966], [-3.58407, 37.26558], [-3.56424, 37.27303], [-3.54737, 37.27411], [-3.53149, 37.28066], [-3.50558, 37.28073], [-3.50644, 37.27592]]]}}, {"type": "Feature", "properties": {"ine_code": "18145", "name": "Ogíjares", "province": "Granada"}, "geometry": {"type": "Polygon", "coordinates": [[[-3.63475, 37.11973], [-3.62034, 37.13808], [-3.61058, 37.13953], [-3.60719, 37.13207], [-3.59984, 37.12801], [-3.60207, 37.12175], [-3.59988, 37.1167], [-3.60633, 37.11626], [-3.60735, 37.10926], [-3.61471, 37.11135], [-3.62278, 37.10761], [-3.63475, 37.11973]]]}}, {"type": "Feature", "properties": {"ine_code": "18146", "name": "Orce", "province": "Granada"}, "geometry": {"type": "Polygon", "coordinates": [[[-2.50694, 37.65494], [-2.49627, 37.6609], [-2.51924, 37.72121], [-2.52543, 37.72673], [-2.50862, 37.74302], [-2.5012, 37.75706], [-2.50308, 37.76001], [-2.47452, 37.78496], [-2.43883, 37.79436], [-2.39045, 37.7893], [-2.38766, 37.79381], [-2.3667, 37.80173], [-2.35431, 37.81572], [-2.34326, 37.81788], [-2.33058, 37.8276], [-2.32638, 37.82763], [-2.32669, 37.82465], [-2.3018, 37.81023], [-2.29127, 37.78919], [-2.27678, 37.77622], [-2.28707, 37.7514], [-2.29472, 37.74817], [-2.30751, 37.72327], [-2.30502, 37.71914], [-2.30795, 37.71671], [-2.30659, 37.71021], [-2.31327, 37.71137], [-2.32334, 37.69387], [-2.32596, 37.67314], [-2.31951, 37.65963], [-2.31996, 37.64809], [-2.30874, 37.63517], [-2.31582, 37.62219], [-2.34043, 37.62342], [-2.34543, 37.62922], [-2.36377, 37.62147], [-2.37388, 37.62921], [-2.40278, 37.63596], [-2.41106, 37.62881], [-2.43058, 37.63443], [-2.46242, 37.63724], [-2.49809, 37.64884], [-2.50694, 37.65494]]]}}, {"type": "Feature", "properties": {"ine_code": "18147", "name": "Órgiva", "province": "Granada"}, "geometry": {"type": "Polygon", "coordinates": [[[-3.48463, 36.87408], [-3.47442, 36.87845], [-3.46898, 36.88676], [-3.46595, 36.90065], [-3.45876, 36.90468], [-3.45997, 36.91094], [-3.45301, 36.92078], [-3.45274, 36.92782], [-3.44642, 36.92747], [-3.43535, 36.92035], [-3.43612, 36.91723], [-3.43157, 36.91641], [-3.41737, 36.92459], [-3.41579, 36.93061], [-3.41398, 36.93244], [-3.41538, 36.92794], [-3.40509, 36.91186], [-3.39897, 36.91254], [-3.38733, 36.90729], [-3.38301, 36.90949], [-3.38315, 36.9136], [-3.3727, 36.91181], [-3.36339, 36.91507], [-3.35187, 36.90873], [-3.35003, 36.90489], [-3.35262, 36.89919], [-3.34839, 36.88855], [-3.33907, 36.88598], [-3.33278, 36.87342], [-3.31802, 36.86505], [-3.3116, 36.8562], [-3.31107, 36.84736], [-3.31674, 36.84166], [-3.31612, 36.83189], [-3.31316, 36.83023], [-3.32128, 36.82001], [-3.35063, 36.82098], [-3.35567, 36.81387], [-3.35551, 36.80609], [-3.36819, 36.80603], [-3.40064, 36.82209], [-3.43301, 36.8147], [-3.45155, 36.83467], [-3.45489, 36.84224], [-3.46159, 36.84347], [-3.4793, 36.85779], [-3.48958, 36.86195], [-3.48463, 36.87408]]]}}, {"type": "Feature", "properties": {"ine_code": "18148", "name": "Otívar", "province": "Granada"}, "geometry": {"type": "Polygon", "coordinates": [[[-3.8152, 36.84184], [-3.80955, 36.85829], [-3.79529, 36.85792], [-3.78766, 36.86189], [-3.77979, 36.86717], [-3.77932, 36.87406], [-3.77447, 36.87981], [-3.7674, 36.88328], [-3.76464, 36.87309], [-3.75994, 36.87593], [-3.74914, 36.87156], [-3.74468, 36.87371], [-3.7233, 36.87161], [-3.72083, 36.86841], [-3.7245, 36.86534], [-3.72366, 36.86111], [-3.71562, 36.85206], [-3.72109, 36.83879], [-3.7073, 36.83643], [-3.68822, 36.8182], [-3.68073, 36.81763], [-3.67214, 36.82263], [-3.66253, 36.81298], [-3.66345, 36.80579], [-3.68245, 36.80003], [-3.68958, 36.80168], [-3.70639, 36.79756], [-3.71408, 36.80091], [-3.71824, 36.80812], [-3.73413, 36.81155], [-3.74504, 36.81841], [-3.75309, 36.8178], [-3.75819, 36.82279], [-3.79533, 36.821], [-3.79338, 36.82662], [-3.79609, 36.83154], [-3.8152, 36.84184]]]}}, {"type": "Feature", "properties": {"ine_code": "18149", "name": "Villa de Otura", "province": "Granada"}, "geometry": {"type": "Polygon", "coordinates": [[[-3.65067, 37.05536], [-3.67321, 37.04989], [-3.67994, 37.04144], [-3.68986, 37.04031], [-3.70005, 37.0345], [-3.67685, 37.07663], [-3.65848, 37.08661], [-3.64579, 37.0998], [-3.6232, 37.10844], [-3.6098, 37.08874], [-3.63499, 37.06934], [-3.64909, 37.05358], [-3.65067, 37.05536]]]}}, {"type": "Feature", "properties": {"ine_code": "18150", "name": "Padul", "province": "Granada"}, "geometry": {"type": "Polygon", "coordinates": [[[-3.76152, 36.98082], [-3.74861, 37.00822], [-3.75164, 37.01652], [-3.74635, 37.02456], [-3.71891, 37.02751], [-3.70972, 37.03541], [-3.70031, 37.03444], [-3.68986, 37.04031], [-3.68182, 37.04048], [-3.67365, 37.04957], [-3.66711, 37.05223], [-3.66345, 37.0506], [-3.65067, 37.05536], [-3.64858, 37.04944], [-3.62377, 37.04863], [-3.59367, 37.0396], [-3.57881, 37.04392], [-3.56572, 37.04033], [-3.57355, 37.0319], [-3.57417, 37.02183], [-3.60093, 37.0077], [-3.60424, 36.99435], [-3.62346, 36.99534], [-3.6284, 36.99292], [-3.63021, 36.99601], [-3.64926, 36.99718], [-3.66115, 36.99269], [-3.6721, 36.98068], [-3.6854, 36.98229], [-3.69206, 36.98826], [-3.70435, 36.98765], [-3.70987, 36.97824], [-3.72196, 36.96911], [-3.74402, 36.9731], [-3.75309, 36.97936], [-3.76152, 36.98082]]]}}, {"type": "Feature", "properties": {"ine_code": "18151", "name": "Pampaneira", "province": "Granada"}, "geometry": {"type": "Polygon", "coordinates": [[[-3.38012, 36.91737], [-3.39653, 36.98156], [-3.39211, 37.0031], [-3.40631, 37.01604], [-3.37736, 37.00796], [-3.36842, 36.99291], [-3.3788, 36.98335], [-3.38215, 36.96033], [-3.37876, 36.95912], [-3.37752, 36.95273], [-3.3644, 36.95354], [-3.36046, 36.94332], [-3.34999, 36.94045], [-3.37459, 36.91905], [-3.36818, 36.91266], [-3.38012, 36.91737]]]}}, {"type": "Feature", "properties": {"ine_code": "18152", "name": "Pedro Martínez", "province": "Granada"}, "geometry": {"type": "Polygon", "coordinates": [[[-3.32347, 37.50715], [-3.30247, 37.52587], [-3.29532, 37.52124], [-3.29131, 37.5221], [-3.28925, 37.52602], [-3.27808, 37.5315], [-3.27288, 37.5363], [-3.27145, 37.5452], [-3.26044, 37.54628], [-3.24839, 37.55205], [-3.23975, 37.55147], [-3.21482, 37.573], [-3.21219, 37.57117], [-3.20635, 37.57458], [-3.18416, 37.57348], [-3.1737, 37.57597], [-3.16515, 37.58062], [-3.16129, 37.58813], [-3.14965, 37.5678], [-3.15257, 37.55595], [-3.14485, 37.55127], [-3.13048, 37.52858], [-3.138, 37.53221], [-3.1552, 37.5228], [-3.15743, 37.51352], [-3.17062, 37.49817], [-3.17193, 37.48871], [-3.16309, 37.48699], [-3.16448, 37.48442], [-3.17522, 37.47274], [-3.182, 37.47264], [-3.19551, 37.45566], [-3.203, 37.45374], [-3.21713, 37.45926], [-3.2176, 37.4537], [-3.2313, 37.45235], [-3.23495, 37.44615], [-3.23765, 37.44718], [-3.23997, 37.43866], [-3.26082, 37.43964], [-3.26792, 37.44293], [-3.26441, 37.44859], [-3.26718, 37.45593], [-3.24651, 37.45218], [-3.25443, 37.46081], [-3.26415, 37.48119], [-3.29588, 37.48527], [-3.30496, 37.49506], [-3.32347, 37.50715]]]}}, {"type": "Feature", "properties": {"ine_code": "18153", "name": "Peligros", "province": "Granada"}, "geometry": {"type": "Polygon", "coordinates": [[[-3.64063, 37.26333], [-3.62779, 37.26423], [-3.6115, 37.24662], [-3.61683, 37.2396], [-3.61473, 37.2342], [-3.62478, 37.22933], [-3.61978, 37.22052], [-3.62555, 37.21823], [-3.63108, 37.22255], [-3.63862, 37.21937], [-3.63652, 37.22219], [-3.64495, 37.22943], [-3.64222, 37.23408], [-3.64835, 37.23806], [-3.64165, 37.245], [-3.64488, 37.24723], [-3.64349, 37.25079], [-3.63748, 37.25618], [-3.64063, 37.26333]]]}}, {"type": "Feature", "properties": {"ine_code": "18154", "name": "La Peza", "province": "Granada"}, "geometry": {"type": "Polygon", "coordinates": [[[-3.3776, 37.27494], [-3.36739, 37.29999], [-3.36235, 37.29716], [-3.35049, 37.30164], [-3.33271, 37.29899], [-3.31507, 37.31166], [-3.28924, 37.31223], [-3.28381, 37.31798], [-3.28718, 37.32381], [-3.33768, 37.33343], [-3.34244, 37.33953], [-3.34208, 37.3438], [-3.33591, 37.34718], [-3.33832, 37.34967], [-3.36974, 37.34864], [-3.36753, 37.35037], [-3.32166, 37.3566], [-3.31603, 37.35114], [-3.31718, 37.34415], [-3.30244, 37.33932], [-3.28549, 37.34082], [-3.27469, 37.32694], [-3.26631, 37.32287], [-3.26362, 37.31489], [-3.24769, 37.30981], [-3.25215, 37.28338], [-3.26069, 37.26922], [-3.25907, 37.25386], [-3.26827, 37.25542], [-3.27166, 37.25325], [-3.27259, 37.23888], [-3.27646, 37.23973], [-3.27687, 37.23508], [-3.28649, 37.23103], [-3.29972, 37.21562], [-3.29918, 37.2095], [-3.31117, 37.21502], [-3.322, 37.2144], [-3.32194, 37.21804], [-3.33922, 37.23032], [-3.34226, 37.23807], [-3.34934, 37.24057], [-3.3583, 37.23683], [-3.36623, 37.24259], [-3.3776, 37.27494]]]}}, {"type": "Feature", "properties": {"ine_code": "18157", "name": "Pinos Genil", "province": "Granada"}, "geometry": {"type": "Polygon", "coordinates": [[[-3.53012, 37.16218], [-3.51275, 37.1822], [-3.50111, 37.17708], [-3.49396, 37.16895], [-3.47499, 37.16989], [-3.48047, 37.16241], [-3.48072, 37.15531], [-3.49151, 37.14376], [-3.49001, 37.13951], [-3.49964, 37.13755], [-3.51193, 37.14492], [-3.51941, 37.14431], [-3.52626, 37.15238], [-3.53012, 37.16218]]]}}, {"type": "Feature", "properties": {"ine_code": "18158", "name": "Pinos Puente", "province": "Granada"}, "geometry": {"type": "Polygon", "coordinates": [[[-3.8973, 37.15919], [-3.89227, 37.18254], [-3.90291, 37.17871], [-3.91941, 37.17988], [-3.91215, 37.18258], [-3.90779, 37.18907], [-3.91848, 37.19844], [-3.9206, 37.19662], [-3.92205, 37.20002], [-3.92798, 37.19986], [-3.92424, 37.2066], [-3.87355, 37.21436], [-3.84788, 37.22871], [-3.83741, 37.21254], [-3.82995, 37.21378], [-3.82418, 37.22096], [-3.8247, 37.21592], [-3.82373, 37.21484], [-3.8223, 37.21406], [-3.80936, 37.23272], [-3.81511, 37.23387], [-3.8165, 37.23925], [-3.81194, 37.24409], [-3.8172, 37.25302], [-3.83385, 37.24994], [-3.83988, 37.26003], [-3.82943, 37.27493], [-3.83297, 37.27824], [-3.81335, 37.28606], [-3.81805, 37.29029], [-3.81216, 37.29512], [-3.76914, 37.29309], [-3.75527, 37.30492], [-3.73492, 37.30771], [-3.73951, 37.2963], [-3.73826, 37.28871], [-3.74839, 37.27166], [-3.73717, 37.26791], [-3.73465, 37.27149], [-3.73254, 37.26861], [-3.73502, 37.26099], [-3.7266, 37.24709], [-3.72927, 37.2406], [-3.74078, 37.23664], [-3.74053, 37.23313], [-3.73382, 37.22681], [-3.72196, 37.22213], [-3.71802, 37.22632], [-3.71099, 37.22659], [-3.70528, 37.21407], [-3.71317, 37.21114], [-3.72337, 37.21792], [-3.74257, 37.22324], [-3.7542, 37.22299], [-3.78102, 37.23481], [-3.79544, 37.23286], [-3.78981, 37.23414], [-3.78212, 37.24052], [-3.78128, 37.24292], [-3.80288, 37.23018], [-3.80772, 37.23209], [-3.82162, 37.21489], [-3.81927, 37.21224], [-3.82894, 37.2092], [-3.8342, 37.2008], [-3.84079, 37.20125], [-3.84416, 37.19761], [-3.85524, 37.19989], [-3.85538, 37.20301], [-3.86545, 37.20076], [-3.86606, 37.19177], [-3.85849, 37.15798], [-3.8973, 37.15919]]]}}, {"type": "Feature", "properties": {"ine_code": "18159", "name": "Píñar", "province": "Granada"}, "geometry": {"type": "Polygon", "coordinates": [[[-3.34395, 37.38397], [-3.373, 37.36974], [-3.42565, 37.38192], [-3.44089, 37.39985], [-3.43565, 37.41463], [-3.43705, 37.42246], [-3.44352, 37.42251], [-3.44911, 37.41688], [-3.47193, 37.40929], [-3.48557, 37.40033], [-3.49303, 37.40019], [-3.49665, 37.40776], [-3.50267, 37.4103], [-3.48961, 37.41393], [-3.48783, 37.42459], [-3.49054, 37.42773], [-3.48783, 37.43489], [-3.49144, 37.44187], [-3.50079, 37.43958], [-3.49927, 37.43689], [-3.5015, 37.43596], [-3.50661, 37.43834], [-3.50367, 37.44374], [-3.49738, 37.4426], [-3.48579, 37.44683], [-3.48778, 37.45274], [-3.48036, 37.45227], [-3.48006, 37.46792], [-3.47006, 37.47268], [-3.46831, 37.46586], [-3.45404, 37.4594], [-3.4355, 37.46958], [-3.42673, 37.46425], [-3.41901, 37.47022], [-3.41264, 37.4813], [-3.40021, 37.49017], [-3.38501, 37.49247], [-3.37675, 37.48552], [-3.36455, 37.48686], [-3.34281, 37.47683], [-3.34012, 37.45876], [-3.33212, 37.45737], [-3.34017, 37.45235], [-3.34901, 37.4544], [-3.34457, 37.43682], [-3.34986, 37.432], [-3.34147, 37.42543], [-3.333, 37.39431], [-3.34395, 37.38397]]]}}, {"type": "Feature", "properties": {"ine_code": "18161", "name": "Polícar", "province": "Granada"}, "geometry": {"type": "Polygon", "coordinates": [[[-3.25051, 37.22761], [-3.24811, 37.26063], [-3.23663, 37.26396], [-3.22262, 37.25739], [-3.2331, 37.24853], [-3.24795, 37.22764], [-3.25051, 37.22761]]]}}, {"type": "Feature", "properties": {"ine_code": "18162", "name": "Polopos", "province": "Granada"}, "geometry": {"type": "Polygon", "coordinates": [[[-3.30496, 36.73822], [-3.30642, 36.74336], [-3.31979, 36.75674], [-3.31739, 36.77963], [-3.32342, 36.79409], [-3.31972, 36.79879], [-3.32508, 36.80976], [-3.32188, 36.82005], [-3.31776, 36.82223], [-3.28558, 36.80142], [-3.2836, 36.79686], [-3.28578, 36.78651], [-3.28249, 36.78339], [-3.27255, 36.74819], [-3.30496, 36.73822]]]}}, {"type": "Feature", "properties": {"ine_code": "18163", "name": "Pórtugos", "province": "Granada"}, "geometry": {"type": "MultiPolygon", "coordinates": [[[[-3.29678, 36.91611], [-3.29849, 36.91929], [-3.29668, 36.92139], [-3.29364, 36.91798], [-3.29678, 36.91611]]], [[[-3.32642, 36.98117], [-3.31458, 36.992], [-3.30473, 37.01123], [-3.2799, 36.99268], [-3.2934, 36.99257], [-3.28535, 36.97798], [-3.28982, 36.96653], [-3.28693, 36.96365], [-3.30545, 36.93674], [-3.32088, 36.9399], [-3.32607, 36.95588], [-3.32259, 36.96129], [-3.32642, 36.98117]]]]}}, {"type": "Feature", "properties": {"ine_code": "18164", "name": "Puebla de Don Fadrique", "province": "Granada"}, "geometry": {"type": "Polygon", "coordinates": [[[-2.44429, 37.79339], [-2.47472, 37.82166], [-2.4874, 37.83995], [-2.48476, 37.84582], [-2.47188, 37.85596], [-2.46117, 37.87903], [-2.46026, 37.88197], [-2.46465, 37.88705], [-2.46105, 37.89227], [-2.46386, 37.89989], [-2.47792, 37.9065], [-2.48516, 37.91842], [-2.49359, 37.91919], [-2.50109, 37.91264], [-2.51457, 37.92742], [-2.5252, 37.9281], [-2.54868, 37.95187], [-2.54933, 37.95896], [-2.56815, 37.96332], [-2.58593, 37.97793], [-2.58123, 38.00045], [-2.56399, 38.01454], [-2.55283, 38.0177], [-2.54895, 38.01451], [-2.53788, 38.01554], [-2.53038, 38.02365], [-2.49496, 38.03703], [-2.48254, 38.0492], [-2.48324, 38.05562], [-2.48071, 38.05305], [-2.47354, 38.05694], [-2.46298, 38.04988], [-2.46032, 38.05133], [-2.43238, 38.04236], [-2.42484, 38.03292], [-2.39403, 38.03071], [-2.37346, 38.02269], [-2.3587, 38.02184], [-2.34122, 38.02583], [-2.29837, 38.0028], [-2.29627, 37.9878], [-2.28369, 37.96941], [-2.27639, 37.95987], [-2.25825, 37.94963], [-2.24738, 37.93422], [-2.20779, 37.91625], [-2.25078, 37.89718], [-2.26538, 37.88095], [-2.28851, 37.88514], [-2.29494, 37.87632], [-2.29637, 37.86546], [-2.29384, 37.84156], [-2.28938, 37.83148], [-2.3018, 37.81023], [-2.32669, 37.82465], [-2.32638, 37.82763], [-2.33058, 37.8276], [-2.34326, 37.81788], [-2.35431, 37.81572], [-2.3667, 37.80173], [-2.38766, 37.79381], [-2.39045, 37.7893], [-2.44429, 37.79339]]]}}, {"type": "Feature", "properties": {"ine_code": "18165", "name": "Pulianas", "province": "Granada"}, "geometry": {"type": "Polygon", "coordinates": [[[-3.62555, 37.21823], [-3.61978, 37.22052], [-3.62478, 37.22933], [-3.61473, 37.2342], [-3.61683, 37.2396], [-3.61067, 37.24387], [-3.60851, 37.23605], [-3.59799, 37.23871], [-3.59198, 37.23413], [-3.59432, 37.23071], [-3.59145, 37.22738], [-3.60075, 37.22298], [-3.60289, 37.21489], [-3.62409, 37.21012], [-3.62555, 37.21823]]]}}, {"type": "Feature", "properties": {"ine_code": "18167", "name": "Purullena", "province": "Granada"}, "geometry": {"type": "Polygon", "coordinates": [[[-3.24867, 37.34114], [-3.24365, 37.34496], [-3.20793, 37.34543], [-3.2112, 37.34815], [-3.19613, 37.36257], [-3.1924, 37.37477], [-3.19565, 37.38206], [-3.18192, 37.38477], [-3.18692, 37.36698], [-3.18284, 37.36251], [-3.18864, 37.36196], [-3.18519, 37.35435], [-3.16962, 37.34113], [-3.17905, 37.33618], [-3.17685, 37.33302], [-3.1787, 37.3295], [-3.17213, 37.32483], [-3.17581, 37.31608], [-3.20146, 37.31006], [-3.20705, 37.32701], [-3.21518, 37.32642], [-3.22105, 37.33016], [-3.22625, 37.32622], [-3.23691, 37.33636], [-3.24372, 37.33609], [-3.24867, 37.34114]]]}}, {"type": "Feature", "properties": {"ine_code": "18168", "name": "Quéntar", "province": "Granada"}, "geometry": {"type": "Polygon", "coordinates": [[[-3.4821, 37.202], [-3.47487, 37.21352], [-3.4587, 37.218], [-3.45153, 37.22208], [-3.44831, 37.2295], [-3.44137, 37.23176], [-3.42889, 37.27624], [-3.39924, 37.27906], [-3.39261, 37.28295], [-3.38809, 37.28046], [-3.37503, 37.28463], [-3.3776, 37.27494], [-3.3674, 37.24417], [-3.3583, 37.23683], [-3.347, 37.2404], [-3.34226, 37.23807], [-3.33921, 37.23131], [-3.34635, 37.22749], [-3.3538, 37.22874], [-3.36717, 37.21761], [-3.42213, 37.20459], [-3.4238, 37.19984], [-3.4516, 37.17955], [-3.46768, 37.17308], [-3.47065, 37.17314], [-3.4804, 37.18756], [-3.48178, 37.19382], [-3.47768, 37.19891], [-3.4821, 37.202]]]}}, {"type": "Feature", "properties": {"ine_code": "18170", "name": "Rubite", "province": "Granada"}, "geometry": {"type": "Polygon", "coordinates": [[[-3.35551, 36.80609], [-3.35567, 36.81387], [-3.35019, 36.82119], [-3.32188, 36.82005], [-3.32508, 36.80976], [-3.31972, 36.79879], [-3.32342, 36.79409], [-3.31739, 36.77963], [-3.31971, 36.75633], [-3.30642, 36.74336], [-3.30496, 36.73822], [-3.31637, 36.74183], [-3.33841, 36.73843], [-3.34424, 36.74761], [-3.33997, 36.76539], [-3.34334, 36.77333], [-3.36841, 36.77315], [-3.36814, 36.77931], [-3.37349, 36.78437], [-3.37253, 36.79115], [-3.35551, 36.80609]]]}}, {"type": "Feature", "properties": {"ine_code": "18171", "name": "Salar", "province": "Granada"}, "geometry": {"type": "Polygon", "coordinates": [[[-4.09502, 37.17029], [-4.08413, 37.17315], [-4.0806, 37.18065], [-4.07494, 37.17177], [-4.06558, 37.16561], [-4.05631, 37.17135], [-4.03371, 37.1738], [-4.00193, 37.18293], [-4.00105, 37.17648], [-3.98835, 37.17108], [-3.98689, 37.16575], [-3.9731, 37.16677], [-3.96613, 37.15796], [-3.97571, 37.14906], [-3.97558, 37.14176], [-3.98296, 37.13168], [-3.98009, 37.12522], [-3.98219, 37.11711], [-3.99426, 37.11825], [-4.01337, 37.09762], [-4.02126, 37.10043], [-4.0612, 37.08993], [-4.07629, 37.09691], [-4.09628, 37.11834], [-4.09307, 37.12361], [-4.09782, 37.13024], [-4.09562, 37.13272], [-4.10668, 37.15119], [-4.09872, 37.15651], [-4.0977, 37.16227], [-4.08772, 37.16439], [-4.08844, 37.16865], [-4.09502, 37.17029]]]}}, {"type": "Feature", "properties": {"ine_code": "18173", "name": "Salobreña", "province": "Granada"}, "geometry": {"type": "Polygon", "coordinates": [[[-3.63772, 36.74225], [-3.63217, 36.75009], [-3.63118, 36.76183], [-3.62618, 36.76339], [-3.6231, 36.76888], [-3.60701, 36.77493], [-3.58146, 36.77477], [-3.57826, 36.78775], [-3.57178, 36.78721], [-3.5657, 36.80113], [-3.55973, 36.80053], [-3.55573, 36.80557], [-3.54707, 36.80631], [-3.54382, 36.81118], [-3.53935, 36.79572], [-3.54258, 36.79159], [-3.53838, 36.78934], [-3.54626, 36.78198], [-3.54753, 36.77596], [-3.5594, 36.77012], [-3.56316, 36.76277], [-3.56517, 36.7475], [-3.56164, 36.72836], [-3.56703, 36.71944], [-3.57974, 36.72341], [-3.60201, 36.74464], [-3.6215, 36.74106], [-3.63772, 36.74225]]]}}, {"type": "Feature", "properties": {"ine_code": "18174", "name": "Santa Cruz del Comercio", "province": "Granada"}, "geometry": {"type": "Polygon", "coordinates": [[[-3.97711, 37.04051], [-3.97997, 37.04637], [-3.98834, 37.0457], [-3.99148, 37.05248], [-4.00292, 37.05904], [-4.00535, 37.07438], [-3.9759, 37.0859], [-3.96462, 37.07197], [-3.96121, 37.07196], [-3.96076, 37.0788], [-3.95392, 37.07804], [-3.94475, 37.06988], [-3.94074, 37.07126], [-3.94515, 37.05825], [-3.94434, 37.05021], [-3.97628, 37.04971], [-3.97395, 37.043], [-3.97711, 37.04051]]]}}, {"type": "Feature", "properties": {"ine_code": "18175", "name": "Santa Fe", "province": "Granada"}, "geometry": {"type": "Polygon", "coordinates": [[[-3.77806, 37.15174], [-3.77087, 37.16709], [-3.77416, 37.17544], [-3.76822, 37.19829], [-3.75333, 37.20534], [-3.75472, 37.21035], [-3.75098, 37.21284], [-3.75776, 37.22154], [-3.74793, 37.21957], [-3.74664, 37.21556], [-3.73936, 37.21568], [-3.7412, 37.22025], [-3.73002, 37.21518], [-3.71984, 37.21536], [-3.69851, 37.2024], [-3.69892, 37.18815], [-3.70227, 37.18741], [-3.7071, 37.17242], [-3.71205, 37.17376], [-3.72169, 37.16866], [-3.73616, 37.15186], [-3.74015, 37.15144], [-3.74766, 37.1346], [-3.75653, 37.14669], [-3.77806, 37.15174]]]}}, {"type": "Feature", "properties": {"ine_code": "18176", "name": "Soportújar", "province": "Granada"}, "geometry": {"type": "Polygon", "coordinates": [[[-3.41317, 36.93043], [-3.40926, 36.97318], [-3.40284, 36.98371], [-3.40196, 36.99706], [-3.39729, 37.00091], [-3.40631, 37.01604], [-3.39211, 37.0031], [-3.39653, 36.98156], [-3.38083, 36.92376], [-3.40784, 36.92557], [-3.41317, 36.93043]]]}}, {"type": "Feature", "properties": {"ine_code": "18177", "name": "Sorvilán", "province": "Granada"}, "geometry": {"type": "Polygon", "coordinates": [[[-3.30067, 36.81132], [-3.29794, 36.82056], [-3.28888, 36.83013], [-3.26286, 36.81661], [-3.25952, 36.82178], [-3.25389, 36.81798], [-3.23995, 36.82311], [-3.23455, 36.81727], [-3.23456, 36.81419], [-3.24117, 36.80964], [-3.24236, 36.79988], [-3.23556, 36.79541], [-3.2341, 36.78609], [-3.23744, 36.76975], [-3.23213, 36.7552], [-3.23336, 36.74986], [-3.24587, 36.75453], [-3.27264, 36.74864], [-3.28249, 36.78339], [-3.28585, 36.7868], [-3.28426, 36.7988], [-3.30067, 36.81132]]]}}, {"type": "Feature", "properties": {"ine_code": "18178", "name": "Torre-Cardela", "province": "Granada"}, "geometry": {"type": "Polygon", "coordinates": [[[-3.34281, 37.47683], [-3.36455, 37.48686], [-3.37675, 37.48552], [-3.38501, 37.49247], [-3.40021, 37.49017], [-3.39894, 37.49708], [-3.39359, 37.49776], [-3.39735, 37.50484], [-3.37489, 37.50326], [-3.37507, 37.51095], [-3.36183, 37.51078], [-3.35394, 37.51566], [-3.34382, 37.5108], [-3.32217, 37.51951], [-3.3316, 37.51301], [-3.32347, 37.50715], [-3.32998, 37.50118], [-3.32835, 37.49794], [-3.33901, 37.49569], [-3.34281, 37.47683]]]}}, {"type": "Feature", "properties": {"ine_code": "18179", "name": "Torvizcón", "province": "Granada"}, "geometry": {"type": "Polygon", "coordinates": [[[-3.3483, 36.88873], [-3.34472, 36.88966], [-3.34467, 36.88727], [-3.33996, 36.88752], [-3.3377, 36.88578], [-3.32746, 36.88631], [-3.30163, 36.89368], [-3.28641, 36.88572], [-3.28095, 36.87941], [-3.27688, 36.88176], [-3.26786, 36.87574], [-3.25439, 36.87475], [-3.24384, 36.87941], [-3.23642, 36.87091], [-3.23036, 36.87194], [-3.24234, 36.8464], [-3.23644, 36.83573], [-3.23141, 36.83473], [-3.23257, 36.82719], [-3.23734, 36.82223], [-3.24362, 36.82335], [-3.2537, 36.81799], [-3.25952, 36.82178], [-3.26286, 36.81661], [-3.28888, 36.83013], [-3.29794, 36.82056], [-3.29909, 36.8122], [-3.30325, 36.81125], [-3.31776, 36.82223], [-3.31316, 36.83023], [-3.31612, 36.83189], [-3.31674, 36.84166], [-3.31107, 36.84736], [-3.3116, 36.8562], [-3.31802, 36.86505], [-3.33278, 36.87342], [-3.33907, 36.88598], [-3.3449, 36.88639], [-3.3483, 36.88873]]]}}, {"type": "Feature", "properties": {"ine_code": "18180", "name": "Trevélez", "province": "Granada"}, "geometry": {"type": "Polygon", "coordinates": [[[-3.31156, 37.05338], [-3.28878, 37.08054], [-3.28631, 37.09742], [-3.27964, 37.10008], [-3.27685, 37.1088], [-3.27064, 37.11435], [-3.2447, 37.11407], [-3.2266, 37.10263], [-3.22277, 37.09667], [-3.20039, 37.0905], [-3.21766, 37.06862], [-3.21759, 37.06029], [-3.22321, 37.0468], [-3.22325, 37.03163], [-3.23733, 37.00374], [-3.23657, 36.99499], [-3.24426, 36.98818], [-3.2495, 36.97717], [-3.26321, 36.97704], [-3.27092, 36.98018], [-3.28982, 37.00191], [-3.30473, 37.01123], [-3.29951, 37.03475], [-3.31024, 37.04053], [-3.31156, 37.05338]]]}}, {"type": "Feature", "properties": {"ine_code": "18181", "name": "Turón", "province": "Granada"}, "geometry": {"type": "Polygon", "coordinates": [[[-3.14019, 36.78778], [-3.13946, 36.79986], [-3.13466, 36.80149], [-3.12996, 36.81139], [-3.12298, 36.81432], [-3.12598, 36.82264], [-3.1225, 36.82524], [-3.12745, 36.83597], [-3.12129, 36.84725], [-3.12475, 36.85522], [-3.12147, 36.86156], [-3.10337, 36.86138], [-3.10452, 36.868], [-3.09745, 36.87457], [-3.08754, 36.87174], [-3.08865, 36.87503], [-3.07641, 36.88572], [-3.07568, 36.89306], [-3.06853, 36.89387], [-3.06224, 36.89021], [-3.06076, 36.89214], [-3.05664, 36.88506], [-3.04327, 36.87912], [-3.03208, 36.86094], [-3.02901, 36.84444], [-3.03738, 36.83539], [-3.07395, 36.82468], [-3.09268, 36.80977], [-3.13578, 36.78902], [-3.14019, 36.78778]]]}}, {"type": "Feature", "properties": {"ine_code": "18182", "name": "Ugíjar", "province": "Granada"}, "geometry": {"type": "Polygon", "coordinates": [[[-3.06629, 36.91242], [-3.08003, 36.93156], [-3.08366, 36.92578], [-3.10265, 36.91434], [-3.14827, 36.90553], [-3.15409, 36.9186], [-3.15523, 36.93093], [-3.15172, 36.935], [-3.13864, 36.93325], [-3.13001, 36.93597], [-3.12803, 36.93953], [-3.13098, 36.943], [-3.12553, 36.93707], [-3.11698, 36.93699], [-3.11796, 36.9425], [-3.10879, 36.94587], [-3.10832, 36.9487], [-3.10095, 36.94888], [-3.10225, 36.95305], [-3.09337, 36.96775], [-3.08356, 36.96794], [-3.06781, 36.981], [-3.06329, 36.97641], [-3.06248, 36.98417], [-3.05495, 36.98916], [-3.03419, 36.98554], [-3.01317, 36.99441], [-3.01026, 36.97862], [-3.00059, 36.97773], [-2.98615, 36.96824], [-2.98477, 36.96443], [-2.99254, 36.95734], [-3.02344, 36.95323], [-3.03213, 36.94272], [-3.02839, 36.93409], [-3.03138, 36.9324], [-3.03132, 36.92458], [-3.04362, 36.92114], [-3.05719, 36.91154], [-3.06629, 36.91242]]]}}, {"type": "Feature", "properties": {"ine_code": "18183", "name": "Válor", "province": "Granada"}, "geometry": {"type": "Polygon", "coordinates": [[[-3.1203, 37.09192], [-3.10066, 37.10068], [-3.09347, 37.08667], [-3.09416, 37.0751], [-3.07083, 37.04339], [-3.05627, 37.01187], [-3.05495, 36.98916], [-3.06248, 36.98417], [-3.06306, 36.97668], [-3.06781, 36.981], [-3.08356, 36.96794], [-3.09337, 36.96775], [-3.09717, 36.95954], [-3.09803, 36.96877], [-3.10769, 36.98515], [-3.12754, 37.0021], [-3.1251, 37.00546], [-3.1294, 37.01136], [-3.1198, 37.04936], [-3.12126, 37.07349], [-3.11792, 37.08236], [-3.1203, 37.09192]]]}}, {"type": "Feature", "properties": {"ine_code": "18184", "name": "Vélez de Benaudalla", "province": "Granada"}, "geometry": {"type": "Polygon", "coordinates": [[[-3.54382, 36.81118], [-3.53465, 36.82192], [-3.53926, 36.84614], [-3.53222, 36.86015], [-3.53697, 36.87147], [-3.52395, 36.87001], [-3.51161, 36.87421], [-3.49935, 36.8715], [-3.48463, 36.87408], [-3.48958, 36.86195], [-3.4793, 36.85779], [-3.46159, 36.84347], [-3.45489, 36.84224], [-3.45155, 36.83467], [-3.43301, 36.8147], [-3.41783, 36.81667], [-3.42373, 36.80584], [-3.42707, 36.787], [-3.4484, 36.78138], [-3.48848, 36.7847], [-3.51765, 36.77954], [-3.53481, 36.786], [-3.53301, 36.79291], [-3.54247, 36.79212], [-3.53935, 36.79572], [-3.54382, 36.81118]]]}}, {"type": "Feature", "properties": {"ine_code": "18185", "name": "Ventas de Huelma", "province": "Granada"}, "geometry": {"type": "Polygon", "coordinates": [[[-3.88488, 37.06965], [-3.86212, 37.07509], [-3.8619, 37.08458], [-3.85725, 37.09217], [-3.84528, 37.09165], [-3.84294, 37.10889], [-3.84003, 37.1089], [-3.83281, 37.09682], [-3.82052, 37.08859], [-3.80836, 37.09202], [-3.81015, 37.09346], [-3.79329, 37.10395], [-3.78523, 37.10086], [-3.77937, 37.09283], [-3.77819, 37.08147], [-3.80538, 37.07318], [-3.80433, 37.0661], [-3.8058, 37.05808], [-3.81025, 37.0545], [-3.80959, 37.04832], [-3.81873, 37.04526], [-3.81877, 37.03996], [-3.84002, 37.03093], [-3.84622, 37.03212], [-3.85186, 37.04138], [-3.86222, 37.04212], [-3.87369, 37.03441], [-3.87757, 37.04322], [-3.87511, 37.05091], [-3.88158, 37.05661], [-3.87957, 37.06151], [-3.88488, 37.06965]]]}}, {"type": "Feature", "properties": {"ine_code": "18187", "name": "Villanueva de las Torres", "province": "Granada"}, "geometry": {"type": "Polygon", "coordinates": [[[-3.12619, 37.46499], [-3.13854, 37.47169], [-3.13723, 37.47852], [-3.14503, 37.48986], [-3.15463, 37.48678], [-3.17193, 37.48871], [-3.17062, 37.49817], [-3.15743, 37.51352], [-3.15436, 37.52363], [-3.138, 37.53221], [-3.13048, 37.52858], [-3.14485, 37.55127], [-3.15257, 37.55595], [-3.14965, 37.5678], [-3.15684, 37.57793], [-3.14644, 37.57299], [-3.13562, 37.5733], [-3.11736, 37.56724], [-3.11059, 37.5662], [-3.10282, 37.56953], [-3.0869, 37.56083], [-3.07107, 37.56151], [-3.07161, 37.5684], [-3.06484, 37.57969], [-3.05566, 37.57392], [-3.04125, 37.57194], [-3.03776, 37.56827], [-3.05691, 37.55385], [-3.053, 37.54627], [-3.0602, 37.53426], [-3.05664, 37.52781], [-3.0608, 37.52028], [-3.08555, 37.52426], [-3.09764, 37.51843], [-3.10299, 37.52071], [-3.09975, 37.50604], [-3.10961, 37.50399], [-3.11337, 37.49526], [-3.11198, 37.48849], [-3.11889, 37.48444], [-3.11312, 37.47686], [-3.12619, 37.46499]]]}}, {"type": "Feature", "properties": {"ine_code": "18188", "name": "Villanueva Mesía", "province": "Granada"}, "geometry": {"type": "Polygon", "coordinates": [[[-4.03369, 37.24215], [-4.01492, 37.24167], [-3.99129, 37.2494], [-3.99079, 37.23259], [-3.98778, 37.22667], [-3.99641, 37.21471], [-3.98626, 37.20791], [-4.00764, 37.21003], [-4.00905, 37.21305], [-4.01679, 37.21119], [-4.0215, 37.22602], [-4.02389, 37.22565], [-4.03369, 37.24215]]]}}, {"type": "Feature", "properties": {"ine_code": "18189", "name": "Víznar", "province": "Granada"}, "geometry": {"type": "Polygon", "coordinates": [[[-3.57686, 37.2104], [-3.56753, 37.22214], [-3.56728, 37.22885], [-3.56258, 37.23388], [-3.54812, 37.23905], [-3.53914, 37.24868], [-3.54076, 37.25177], [-3.50752, 37.26351], [-3.50702, 37.25095], [-3.53506, 37.22328], [-3.53394, 37.21697], [-3.54325, 37.21671], [-3.54435, 37.22061], [-3.55071, 37.21977], [-3.555, 37.22502], [-3.5657, 37.21129], [-3.57265, 37.20837], [-3.57686, 37.2104]]]}}, {"type": "Feature", "properties": {"ine_code": "18192", "name": "Zafarraya", "province": "Granada"}, "geometry": {"type": "Polygon", "coordinates": [[[-4.2244, 37.00919], [-4.20572, 37.02663], [-4.19124, 37.02495], [-4.16596, 37.03429], [-4.13819, 37.03148], [-4.08913, 36.99823], [-4.07927, 36.97898], [-4.08016, 36.9762], [-4.08938, 36.97931], [-4.10984, 36.97374], [-4.1416, 36.95176], [-4.16662, 36.95702], [-4.16909, 36.96248], [-4.18831, 36.97723], [-4.21542, 36.99177], [-4.2244, 37.00919]]]}}, {"type": "Feature", "properties": {"ine_code": "18193", "name": "La Zubia", "province": "Granada"}, "geometry": {"type": "Polygon", "coordinates": [[[-3.59207, 37.10333], [-3.60201, 37.12488], [-3.59959, 37.12747], [-3.60719, 37.13207], [-3.6088, 37.13827], [-3.60157, 37.13675], [-3.60053, 37.13896], [-3.57989, 37.14042], [-3.57802, 37.13816], [-3.58147, 37.13484], [-3.56801, 37.1224], [-3.55828, 37.1185], [-3.54868, 37.10419], [-3.53694, 37.09365], [-3.53834, 37.08891], [-3.53283, 37.08207], [-3.54506, 37.07601], [-3.56748, 37.096], [-3.58678, 37.09965], [-3.59207, 37.10333]]]}}, {"type": "Feature", "properties": {"ine_code": "18194", "name": "Zújar", "province": "Granada"}, "geometry": {"type": "Polygon", "coordinates": [[[-2.90703, 37.56785], [-2.90255, 37.57227], [-2.88875, 37.57143], [-2.88574, 37.57798], [-2.8745, 37.58164], [-2.86866, 37.57837], [-2.86036, 37.58297], [-2.84086, 37.58106], [-2.83408, 37.59287], [-2.84101, 37.60167], [-2.84584, 37.60166], [-2.84752, 37.60665], [-2.85238, 37.60513], [-2.85305, 37.61202], [-2.86838, 37.62199], [-2.8726, 37.62964], [-2.86654, 37.64199], [-2.86709, 37.64716], [-2.87401, 37.66206], [-2.88088, 37.66547], [-2.88842, 37.67649], [-2.87922, 37.68817], [-2.87504, 37.68838], [-2.86229, 37.6827], [-2.85424, 37.66672], [-2.82995, 37.64457], [-2.82114, 37.61049], [-2.7953, 37.58341], [-2.79825, 37.56222], [-2.80856, 37.54416], [-2.80085, 37.52605], [-2.81967, 37.50556], [-2.86632, 37.49437], [-2.8781, 37.50126], [-2.88768, 37.52208], [-2.89349, 37.5424], [-2.89303, 37.55969], [-2.90627, 37.56392], [-2.90703, 37.56785]]]}}, {"type": "Feature", "properties": {"ine_code": "18901", "name": "La Taha", "province": "Granada"}, "geometry": {"type": "Polygon", "coordinates": [[[-3.3483, 36.88873], [-3.35262, 36.89919], [-3.35003, 36.90489], [-3.35187, 36.90873], [-3.36339, 36.91507], [-3.36818, 36.91266], [-3.37459, 36.91905], [-3.33178, 36.95563], [-3.33282, 36.97593], [-3.32587, 36.98019], [-3.32259, 36.96129], [-3.32607, 36.95588], [-3.32088, 36.9399], [-3.30545, 36.93674], [-3.30351, 36.93086], [-3.29552, 36.92444], [-3.29944, 36.91929], [-3.3121, 36.9192], [-3.31868, 36.91358], [-3.32574, 36.91243], [-3.32924, 36.89236], [-3.33475, 36.88606], [-3.3483, 36.88873]]]}}, {"type": "Feature", "properties": {"ine_code": "18902", "name": "El Valle", "province": "Granada"}, "geometry": {"type": "Polygon", "coordinates": [[[-3.61181, 36.89174], [-3.60514, 36.89908], [-3.60839, 36.91388], [-3.60696, 36.93537], [-3.61955, 36.94872], [-3.62526, 36.94755], [-3.63086, 36.95213], [-3.63686, 36.96493], [-3.62977, 36.96235], [-3.62609, 36.96627], [-3.60706, 36.96187], [-3.57438, 36.93964], [-3.5596, 36.94209], [-3.56627, 36.9299], [-3.56372, 36.92192], [-3.57678, 36.90184], [-3.59375, 36.89776], [-3.59168, 36.89395], [-3.59595, 36.88774], [-3.59341, 36.88344], [-3.61009, 36.887], [-3.61181, 36.89174]]]}}, {"type": "Feature", "properties": {"ine_code": "18903", "name": "Nevada", "province": "Granada"}, "geometry": {"type": "Polygon", "coordinates": [[[-3.05495, 36.98916], [-3.05627, 37.01187], [-3.07083, 37.04339], [-3.09416, 37.0751], [-3.09347, 37.08667], [-3.1011, 37.10105], [-3.07493, 37.09095], [-3.05348, 37.09275], [-3.03366, 37.10677], [-3.02958, 37.11325], [-3.02198, 37.09891], [-3.02396, 37.08457], [-3.01763, 37.07008], [-3.01623, 37.05221], [-3.00598, 37.03459], [-3.00571, 37.02334], [-2.99907, 37.02133], [-2.99894, 37.01222], [-2.99333, 37.01347], [-2.9891, 37.0073], [-2.98251, 37.00597], [-2.97621, 36.97812], [-2.98615, 36.96824], [-3.00059, 36.97773], [-3.01026, 36.97862], [-3.01317, 36.99441], [-3.03419, 36.98554], [-3.05495, 36.98916]]]}}, {"type": "Feature", "properties": {"ine_code": "18904", "name": "Alpujarra de la Sierra", "province": "Granada"}, "geometry": {"type": "Polygon", "coordinates": [[[-3.17385, 36.97375], [-3.17631, 36.98215], [-3.17403, 36.99187], [-3.17906, 37.00837], [-3.17188, 37.01856], [-3.16713, 37.03541], [-3.16661, 37.05983], [-3.16065, 37.07299], [-3.15963, 37.09215], [-3.13533, 37.09661], [-3.1203, 37.09192], [-3.11792, 37.08236], [-3.12126, 37.07349], [-3.1198, 37.04936], [-3.1294, 37.01136], [-3.1251, 37.00546], [-3.12754, 37.0021], [-3.11068, 36.98869], [-3.09845, 36.96976], [-3.09717, 36.95954], [-3.10225, 36.95305], [-3.10095, 36.94888], [-3.10914, 36.94889], [-3.11352, 36.95642], [-3.11898, 36.95914], [-3.11816, 36.96391], [-3.12354, 36.96899], [-3.13455, 36.95994], [-3.1381, 36.95939], [-3.14133, 36.96494], [-3.15844, 36.95312], [-3.17385, 36.97375]]]}}, {"type": "Feature", "properties": {"ine_code": "18905", "name": "Las Gabias", "province": "Granada"}, "geometry": {"type": "Polygon", "coordinates": [[[-3.75702, 37.11805], [-3.75065, 37.12495], [-3.75215, 37.12734], [-3.74528, 37.14395], [-3.74013, 37.14887], [-3.71145, 37.15368], [-3.70443, 37.159], [-3.69887, 37.15524], [-3.68669, 37.15973], [-3.6672, 37.14842], [-3.65598, 37.14811], [-3.63778, 37.12842], [-3.64557, 37.12035], [-3.65922, 37.11995], [-3.6688, 37.10906], [-3.67948, 37.10677], [-3.68182, 37.10989], [-3.70045, 37.11324], [-3.71003, 37.11101], [-3.71323, 37.11522], [-3.72074, 37.11398], [-3.72714, 37.11799], [-3.75702, 37.11805]]]}}, {"type": "Feature", "properties": {"ine_code": "18906", "name": "Los Guájares", "province": "Granada"}, "geometry": {"type": "Polygon", "coordinates": [[[-3.68042, 36.87092], [-3.67679, 36.87953], [-3.68133, 36.88586], [-3.65818, 36.89806], [-3.64329, 36.89441], [-3.63472, 36.89755], [-3.62514, 36.89312], [-3.6149, 36.89296], [-3.61009, 36.887], [-3.59572, 36.88494], [-3.58431, 36.87668], [-3.56835, 36.87361], [-3.57051, 36.86845], [-3.56739, 36.86678], [-3.55136, 36.87171], [-3.54982, 36.87683], [-3.54715, 36.87664], [-3.53348, 36.86748], [-3.53222, 36.86015], [-3.53926, 36.84614], [-3.53465, 36.82192], [-3.54707, 36.80631], [-3.55573, 36.80557], [-3.55973, 36.80053], [-3.5657, 36.80113], [-3.5741, 36.80784], [-3.58837, 36.80953], [-3.60326, 36.8183], [-3.61496, 36.81961], [-3.6275, 36.82757], [-3.64195, 36.82473], [-3.65453, 36.8268], [-3.65794, 36.83466], [-3.65566, 36.84046], [-3.66982, 36.85727], [-3.66928, 36.86301], [-3.67571, 36.86476], [-3.68042, 36.87092]]]}}, {"type": "Feature", "properties": {"ine_code": "18907", "name": "Valle del Zalabí", "province": "Granada"}, "geometry": {"type": "Polygon", "coordinates": [[[-3.1337, 37.25041], [-3.12572, 37.25866], [-3.12681, 37.27225], [-3.09263, 37.27861], [-3.0788, 37.29032], [-3.03408, 37.30226], [-2.99425, 37.32287], [-2.96376, 37.32508], [-2.95532, 37.32303], [-2.94897, 37.31643], [-2.9296, 37.32113], [-2.9239, 37.31927], [-2.91667, 37.3232], [-2.90014, 37.31545], [-2.8937, 37.30835], [-2.86729, 37.30336], [-2.87211, 37.29253], [-2.89257, 37.28093], [-2.90452, 37.26448], [-2.91432, 37.26204], [-2.92698, 37.26132], [-2.92367, 37.26512], [-2.93834, 37.27303], [-2.93969, 37.2785], [-2.94481, 37.27518], [-2.94652, 37.26972], [-2.95613, 37.26796], [-2.96352, 37.27253], [-2.97582, 37.27098], [-2.98044, 37.27179], [-2.98023, 37.27421], [-3.01369, 37.27586], [-3.01869, 37.27453], [-3.02906, 37.26292], [-3.05706, 37.25694], [-3.07599, 37.245], [-3.10389, 37.24074], [-3.11302, 37.22447], [-3.11607, 37.22638], [-3.11063, 37.23528], [-3.11867, 37.23247], [-3.12571, 37.23607], [-3.1337, 37.25041]]]}}, {"type": "Feature", "properties": {"ine_code": "18908", "name": "Villamena", "province": "Granada"}, "geometry": {"type": "Polygon", "coordinates": [[[-3.62977, 36.96235], [-3.63982, 36.96859], [-3.63923, 36.9789], [-3.62961, 36.99227], [-3.62346, 36.99534], [-3.60424, 36.99435], [-3.60323, 37.0001], [-3.58653, 36.99729], [-3.58119, 36.99167], [-3.5877, 36.98045], [-3.58135, 36.97755], [-3.58493, 36.97254], [-3.57223, 36.96309], [-3.57507, 36.95483], [-3.58077, 36.94966], [-3.60001, 36.95468], [-3.60706, 36.96187], [-3.62609, 36.96627], [-3.62977, 36.96235]]]}}, {"type": "Feature", "properties": {"ine_code": "18909", "name": "Morelábor", "province": "Granada"}, "geometry": {"type": "Polygon", "coordinates": [[[-3.32183, 37.39546], [-3.3246, 37.38135], [-3.3356, 37.38187], [-3.34143, 37.38692], [-3.333, 37.39431], [-3.34147, 37.42543], [-3.34986, 37.432], [-3.34457, 37.43682], [-3.34901, 37.4544], [-3.34017, 37.45235], [-3.33827, 37.45568], [-3.33203, 37.45527], [-3.33977, 37.4582], [-3.34055, 37.46438], [-3.33246, 37.46684], [-3.32964, 37.46191], [-3.317, 37.46395], [-3.3159, 37.46177], [-3.29453, 37.47181], [-3.26792, 37.4556], [-3.26441, 37.44859], [-3.26792, 37.44293], [-3.26381, 37.44019], [-3.26572, 37.43562], [-3.284, 37.43664], [-3.28765, 37.43234], [-3.28871, 37.42079], [-3.31261, 37.41932], [-3.30699, 37.4161], [-3.31557, 37.39713], [-3.32183, 37.39546]]]}}, {"type": "Feature", "properties": {"ine_code": "18910", "name": "El Pinar", "province": "Granada"}, "geometry": {"type": "Polygon", "coordinates": [[[-3.58431, 36.87668], [-3.59595, 36.88774], [-3.59168, 36.89395], [-3.59319, 36.89862], [-3.57863, 36.8996], [-3.56774, 36.9191], [-3.56023, 36.92472], [-3.54658, 36.92015], [-3.53052, 36.90409], [-3.52511, 36.93429], [-3.51218, 36.93773], [-3.50715, 36.93034], [-3.50837, 36.92258], [-3.52473, 36.90064], [-3.52054, 36.89756], [-3.51468, 36.90093], [-3.50534, 36.89621], [-3.49756, 36.88552], [-3.4857, 36.87994], [-3.4845, 36.87522], [-3.49935, 36.8715], [-3.51161, 36.87421], [-3.52395, 36.87001], [-3.54982, 36.87683], [-3.55136, 36.87171], [-3.56739, 36.86678], [-3.57051, 36.86845], [-3.56835, 36.87361], [-3.58431, 36.87668]]]}}, {"type": "Feature", "properties": {"ine_code": "18911", "name": "Vegas del Genil", "province": "Granada"}, "geometry": {"type": "Polygon", "coordinates": [[[-3.70443, 37.159], [-3.71145, 37.15368], [-3.74051, 37.15077], [-3.73616, 37.15186], [-3.71857, 37.17154], [-3.7071, 37.17242], [-3.70014, 37.18834], [-3.68852, 37.18658], [-3.68148, 37.18193], [-3.67173, 37.18355], [-3.64887, 37.17264], [-3.65731, 37.17179], [-3.65484, 37.1656], [-3.65865, 37.16268], [-3.6708, 37.16165], [-3.67267, 37.16493], [-3.68756, 37.1671], [-3.69107, 37.16647], [-3.69094, 37.16242], [-3.70634, 37.16254], [-3.70443, 37.159]]]}}, {"type": "Feature", "properties": {"ine_code": "18912", "name": "Cuevas del Campo", "province": "Granada"}, "geometry": {"type": "Polygon", "coordinates": [[[-2.97701, 37.5938], [-2.97638, 37.60666], [-2.98441, 37.61425], [-2.97399, 37.62291], [-2.97792, 37.63398], [-2.9022, 37.66571], [-2.88842, 37.67649], [-2.88088, 37.66547], [-2.87401, 37.66206], [-2.86709, 37.64716], [-2.86654, 37.64199], [-2.87261, 37.62991], [-2.86877, 37.62236], [-2.8598, 37.61828], [-2.85305, 37.61202], [-2.85238, 37.60513], [-2.84752, 37.60665], [-2.84584, 37.60166], [-2.84101, 37.60167], [-2.83408, 37.59287], [-2.84086, 37.58106], [-2.86036, 37.58297], [-2.86866, 37.57837], [-2.8745, 37.58164], [-2.88574, 37.57798], [-2.88875, 37.57143], [-2.90255, 37.57227], [-2.91095, 37.56671], [-2.92127, 37.56629], [-2.92414, 37.57094], [-2.93674, 37.57086], [-2.93945, 37.56466], [-2.9478, 37.55913], [-2.95523, 37.56116], [-2.95502, 37.56697], [-2.96279, 37.58116], [-2.97701, 37.5938]]]}}, {"type": "Feature", "properties": {"ine_code": "18913", "name": "Zagra", "province": "Granada"}, "geometry": {"type": "Polygon", "coordinates": [[[-4.16751, 37.27419], [-4.1593, 37.27076], [-4.15883, 37.26651], [-4.15449, 37.26445], [-4.1567, 37.25596], [-4.16006, 37.25609], [-4.15561, 37.24815], [-4.16594, 37.23791], [-4.16196, 37.23711], [-4.16301, 37.2351], [-4.1714, 37.23203], [-4.17128, 37.22922], [-4.19468, 37.24469], [-4.19843, 37.25684], [-4.18526, 37.26137], [-4.18212, 37.26741], [-4.16751, 37.27419]]]}}, {"type": "Feature", "properties": {"ine_code": "18914", "name": "Valderrubio", "province": "Granada"}, "geometry": {"type": "Polygon", "coordinates": [[[-3.83385, 37.24994], [-3.8172, 37.25302], [-3.81194, 37.24409], [-3.8165, 37.23925], [-3.81511, 37.23387], [-3.80936, 37.23272], [-3.8223, 37.21406], [-3.8247, 37.21592], [-3.82319, 37.2199], [-3.83266, 37.23208], [-3.83385, 37.24994]]]}}, {"type": "Feature", "properties": {"ine_code": "18915", "name": "Domingo Pérez de Granada", "province": "Granada"}, "geometry": {"type": "Polygon", "coordinates": [[[-3.56703, 37.51107], [-3.56463, 37.52397], [-3.57067, 37.53048], [-3.56828, 37.53316], [-3.53934, 37.5139], [-3.53707, 37.51621], [-3.53198, 37.51319], [-3.52138, 37.51521], [-3.51206, 37.50937], [-3.49298, 37.51224], [-3.47568, 37.52419], [-3.47661, 37.54235], [-3.47203, 37.53105], [-3.46111, 37.5286], [-3.45989, 37.52582], [-3.46637, 37.52416], [-3.46941, 37.51882], [-3.46575, 37.51484], [-3.47026, 37.51111], [-3.45764, 37.50011], [-3.46351, 37.47925], [-3.48006, 37.46792], [-3.48036, 37.45227], [-3.48778, 37.45274], [-3.49247, 37.45761], [-3.50748, 37.45289], [-3.52842, 37.45514], [-3.53513, 37.45311], [-3.5411, 37.46301], [-3.53836, 37.46659], [-3.54406, 37.47251], [-3.53059, 37.47888], [-3.53295, 37.48329], [-3.54865, 37.49673], [-3.55177, 37.5054], [-3.56703, 37.51107]]]}}, {"type": "Feature", "properties": {"ine_code": "18916", "name": "Torrenueva Costa", "province": "Granada"}, "geometry": {"type": "Polygon", "coordinates": [[[-3.50052, 36.71114], [-3.49234, 36.72352], [-3.48219, 36.71806], [-3.4794, 36.72095], [-3.47416, 36.72004], [-3.46323, 36.70933], [-3.4652, 36.69489], [-3.48269, 36.69728], [-3.50052, 36.71114]]]}}, {"type": "Feature", "properties": {"ine_code": "21001", "name": "Alájar", "province": "Huelva"}, "geometry": {"type": "Polygon", "coordinates": [[[-6.69974, 37.86136], [-6.68964, 37.87705], [-6.67714, 37.88057], [-6.66744, 37.87776], [-6.6565, 37.88655], [-6.64052, 37.88598], [-6.63606, 37.87181], [-6.62451, 37.86368], [-6.61647, 37.84183], [-6.61683, 37.82985], [-6.62407, 37.8254], [-6.62038, 37.81886], [-6.6303, 37.81259], [-6.63135, 37.80907], [-6.62822, 37.80748], [-6.63034, 37.80572], [-6.63473, 37.80964], [-6.63938, 37.80809], [-6.63964, 37.81496], [-6.64808, 37.81022], [-6.6474, 37.81598], [-6.65425, 37.81455], [-6.65122, 37.81663], [-6.6589, 37.82871], [-6.6745, 37.82757], [-6.68668, 37.83211], [-6.6961, 37.84251], [-6.69708, 37.8512], [-6.6932, 37.8546], [-6.69968, 37.85685], [-6.69974, 37.86136]]]}}, {"type": "Feature", "properties": {"ine_code": "21002", "name": "Aljaraque", "province": "Huelva"}, "geometry": {"type": "Polygon", "coordinates": [[[-6.9795, 37.3079], [-6.97593, 37.2862], [-6.9826, 37.27594], [-6.97837, 37.26869], [-6.97205, 37.26566], [-6.9743, 37.2636], [-6.98574, 37.26932], [-6.99566, 37.25952], [-7.01927, 37.25344], [-7.0475, 37.27052], [-7.05889, 37.26845], [-7.07769, 37.27874], [-7.07425, 37.28572], [-7.0639, 37.2945], [-7.01606, 37.29997], [-6.9795, 37.3079]]]}}, {"type": "Feature", "properties": {"ine_code": "21003", "name": "El Almendro", "province": "Huelva"}, "geometry": {"type": "Polygon", "coordinates": [[[-7.33524, 37.50549], [-7.39781, 37.51521], [-7.39885, 37.52656], [-7.40596, 37.52839], [-7.40786, 37.54279], [-7.41209, 37.54866], [-7.40901, 37.55376], [-7.48528, 37.57438], [-7.48716, 37.57732], [-7.48478, 37.57869], [-7.48858, 37.57977], [-7.50106, 37.57852], [-7.50204, 37.58218], [-7.48953, 37.59241], [-7.476, 37.59384], [-7.46923, 37.60289], [-7.46275, 37.60183], [-7.46186, 37.59738], [-7.45821, 37.59609], [-7.45388, 37.59798], [-7.45146, 37.60519], [-7.43292, 37.60377], [-7.43066, 37.6115], [-7.42201, 37.60952], [-7.42168, 37.60488], [-7.41723, 37.60804], [-7.41175, 37.60645], [-7.40882, 37.61082], [-7.40097, 37.60811], [-7.40109, 37.61283], [-7.39212, 37.61607], [-7.39048, 37.62011], [-7.38171, 37.60354], [-7.37422, 37.60808], [-7.36869, 37.60544], [-7.36496, 37.60776], [-7.36423, 37.60301], [-7.3547, 37.59768], [-7.3512, 37.60353], [-7.34727, 37.60079], [-7.34877, 37.59554], [-7.3396, 37.59669], [-7.34261, 37.58855], [-7.33941, 37.58463], [-7.32949, 37.59372], [-7.32768, 37.58572], [-7.32271, 37.58573], [-7.31576, 37.5737], [-7.30824, 37.57396], [-7.31288, 37.57011], [-7.30986, 37.55976], [-7.26707, 37.55282], [-7.2173, 37.53707], [-7.176, 37.53064], [-7.16728, 37.52145], [-7.1691, 37.51683], [-7.1838, 37.51109], [-7.22556, 37.50118], [-7.24577, 37.50079], [-7.27682, 37.50538], [-7.33524, 37.50549]]]}}, {"type": "Feature", "properties": {"ine_code": "21004", "name": "Almonaster la Real", "province": "Huelva"}, "geometry": {"type": "Polygon", "coordinates": [[[-6.9092, 37.8439], [-6.90688, 37.853], [-6.89698, 37.85056], [-6.89257, 37.86064], [-6.88134, 37.86274], [-6.88031, 37.86581], [-6.88695, 37.87131], [-6.84489, 37.88204], [-6.8422, 37.88982], [-6.83636, 37.89539], [-6.82929, 37.89673], [-6.82484, 37.90287], [-6.81125, 37.89741], [-6.79846, 37.91145], [-6.78996, 37.9114], [-6.78079, 37.90616], [-6.77009, 37.91105], [-6.75353, 37.89341], [-6.74453, 37.88921], [-6.73155, 37.88941], [-6.726, 37.88462], [-6.74477, 37.87761], [-6.75034, 37.8707], [-6.74575, 37.86396], [-6.74829, 37.85523], [-6.74157, 37.82894], [-6.70081, 37.82798], [-6.6836, 37.82319], [-6.6745, 37.82757], [-6.6589, 37.82871], [-6.65122, 37.81663], [-6.65425, 37.81455], [-6.64785, 37.81637], [-6.6468, 37.81177], [-6.65795, 37.80649], [-6.66226, 37.80909], [-6.66618, 37.80579], [-6.65662, 37.79896], [-6.65966, 37.7923], [-6.6518, 37.79386], [-6.65304, 37.78726], [-6.64533, 37.78383], [-6.64291, 37.7781], [-6.6524, 37.7824], [-6.65582, 37.77991], [-6.65393, 37.77577], [-6.66464, 37.76588], [-6.67278, 37.76648], [-6.67494, 37.75592], [-6.67081, 37.75008], [-6.68281, 37.74035], [-6.68191, 37.73478], [-6.69149, 37.72886], [-6.69492, 37.73277], [-6.7068, 37.72819], [-6.71324, 37.72135], [-6.72805, 37.72452], [-6.7426, 37.71441], [-6.75761, 37.71907], [-6.77033, 37.71819], [-6.77437, 37.71369], [-6.78354, 37.71531], [-6.78776, 37.70707], [-6.79576, 37.70156], [-6.79858, 37.69135], [-6.79638, 37.68678], [-6.80667, 37.68674], [-6.80617, 37.67823], [-6.81303, 37.67469], [-6.81953, 37.67947], [-6.8149, 37.68228], [-6.81337, 37.68967], [-6.81718, 37.68655], [-6.82025, 37.68935], [-6.81626, 37.69536], [-6.81206, 37.69522], [-6.81398, 37.70396], [-6.8091, 37.70682], [-6.8127, 37.70945], [-6.82051, 37.70638], [-6.8378, 37.70916], [-6.84435, 37.71507], [-6.85436, 37.71668], [-6.86365, 37.78064], [-6.87792, 37.79412], [-6.8862, 37.80686], [-6.88337, 37.81723], [-6.88898, 37.82034], [-6.89721, 37.83565], [-6.90371, 37.83742], [-6.9092, 37.8439]]]}}, {"type": "Feature", "properties": {"ine_code": "21005", "name": "Almonte", "province": "Huelva"}, "geometry": {"type": "Polygon", "coordinates": [[[-6.72977, 37.08991], [-6.7228, 37.10136], [-6.73651, 37.13841], [-6.73821, 37.15177], [-6.73718, 37.1752], [-6.73232, 37.18988], [-6.66808, 37.23375], [-6.63943, 37.24053], [-6.61297, 37.25269], [-6.55891, 37.29094], [-6.53698, 37.28824], [-6.53238, 37.3016], [-6.52619, 37.30451], [-6.51738, 37.30221], [-6.47223, 37.33053], [-6.46729, 37.32528], [-6.46597, 37.31388], [-6.46022, 37.30567], [-6.44819, 37.2923], [-6.43582, 37.28708], [-6.42352, 37.27618], [-6.41873, 37.26255], [-6.42206, 37.25997], [-6.43225, 37.22248], [-6.44817, 37.21371], [-6.46034, 37.19853], [-6.45983, 37.18613], [-6.45629, 37.1792], [-6.46224, 37.17121], [-6.45939, 37.1661], [-6.46168, 37.16004], [-6.45811, 37.1437], [-6.46331, 37.13323], [-6.45975, 37.12461], [-6.46526, 37.1174], [-6.4481, 37.10327], [-6.43769, 37.10427], [-6.43397, 37.10061], [-6.43395, 37.08666], [-6.44023, 37.07996], [-6.42295, 37.04179], [-6.43062, 37.02712], [-6.4324, 37.01325], [-6.42311, 36.98808], [-6.37825, 36.93391], [-6.33101, 36.8988], [-6.33698, 36.89909], [-6.34487, 36.89228], [-6.35542, 36.8485], [-6.35518, 36.83194], [-6.34141, 36.80917], [-6.34214, 36.79808], [-6.36519, 36.78972], [-6.36872, 36.7953], [-6.38862, 36.80019], [-6.39646, 36.80666], [-6.44844, 36.90639], [-6.46111, 36.92253], [-6.50695, 36.9663], [-6.59059, 37.01932], [-6.72977, 37.08991]]]}}, {"type": "Feature", "properties": {"ine_code": "21006", "name": "Alosno", "province": "Huelva"}, "geometry": {"type": "Polygon", "coordinates": [[[-7.23201, 37.54226], [-7.21191, 37.55726], [-7.21056, 37.56476], [-7.18659, 37.58341], [-7.18462, 37.59268], [-7.17706, 37.59707], [-7.1735, 37.60835], [-7.16941, 37.63817], [-7.16476, 37.64274], [-7.15273, 37.64494], [-7.13308, 37.62743], [-7.09978, 37.60699], [-7.08094, 37.59084], [-7.06879, 37.60016], [-7.06118, 37.61064], [-7.0383, 37.60185], [-7.01824, 37.59947], [-7.01123, 37.58868], [-7.00361, 37.5879], [-7.00127, 37.58325], [-6.99195, 37.58307], [-6.98963, 37.57761], [-6.98309, 37.57881], [-6.9799, 37.57623], [-6.98045, 37.57305], [-6.98629, 37.57204], [-6.98332, 37.56477], [-6.98768, 37.5621], [-6.98725, 37.55586], [-6.99098, 37.55263], [-6.98696, 37.54655], [-6.99193, 37.53617], [-6.98739, 37.53375], [-6.98667, 37.52392], [-6.98238, 37.52293], [-6.98123, 37.51657], [-6.97624, 37.5139], [-6.97678, 37.50861], [-6.97041, 37.50615], [-6.97724, 37.4956], [-6.97445, 37.49309], [-6.97866, 37.48923], [-6.97412, 37.48502], [-6.97984, 37.4819], [-6.98227, 37.47641], [-6.97078, 37.47361], [-6.9731, 37.47089], [-6.9749, 37.47384], [-6.98194, 37.47163], [-6.99274, 37.47682], [-7.02698, 37.5167], [-7.05379, 37.53023], [-7.08641, 37.53585], [-7.08984, 37.52912], [-7.10026, 37.53177], [-7.13857, 37.52059], [-7.1691, 37.51683], [-7.16728, 37.52145], [-7.176, 37.53064], [-7.2173, 37.53707], [-7.23201, 37.54226]]]}}, {"type": "Feature", "properties": {"ine_code": "21007", "name": "Aracena", "province": "Huelva"}, "geometry": {"type": "Polygon", "coordinates": [[[-6.64391, 37.75172], [-6.67081, 37.75008], [-6.67484, 37.75559], [-6.67281, 37.76645], [-6.66464, 37.76588], [-6.65393, 37.77577], [-6.65528, 37.78063], [-6.65132, 37.78243], [-6.64661, 37.77774], [-6.64287, 37.77828], [-6.64533, 37.78383], [-6.65304, 37.78726], [-6.6518, 37.79386], [-6.65966, 37.7923], [-6.65662, 37.79896], [-6.66616, 37.80739], [-6.66216, 37.8091], [-6.65773, 37.80654], [-6.63974, 37.81497], [-6.63938, 37.80809], [-6.63473, 37.80964], [-6.63034, 37.80572], [-6.62822, 37.80748], [-6.63135, 37.80907], [-6.63042, 37.81243], [-6.62143, 37.81865], [-6.61599, 37.81261], [-6.59973, 37.81367], [-6.57953, 37.82617], [-6.57813, 37.8422], [-6.5891, 37.85698], [-6.58851, 37.86988], [-6.59047, 37.87394], [-6.59642, 37.87559], [-6.59813, 37.89145], [-6.59524, 37.90338], [-6.58767, 37.90358], [-6.59925, 37.90515], [-6.60127, 37.90778], [-6.59742, 37.91482], [-6.60766, 37.91607], [-6.60505, 37.92559], [-6.60851, 37.93496], [-6.59774, 37.94902], [-6.59682, 37.96711], [-6.58107, 37.98748], [-6.54307, 37.98387], [-6.51702, 37.97638], [-6.52067, 37.96398], [-6.52895, 37.95954], [-6.52223, 37.95455], [-6.52485, 37.95224], [-6.52253, 37.94889], [-6.53739, 37.93454], [-6.51845, 37.9232], [-6.53452, 37.90688], [-6.5185, 37.89217], [-6.49701, 37.88461], [-6.49119, 37.87655], [-6.46248, 37.8655], [-6.45275, 37.86641], [-6.44847, 37.86095], [-6.45012, 37.85668], [-6.45705, 37.85893], [-6.47694, 37.84876], [-6.47387, 37.83343], [-6.4749, 37.80833], [-6.49889, 37.8108], [-6.52709, 37.8079], [-6.53245, 37.81056], [-6.53562, 37.80695], [-6.53343, 37.80454], [-6.54897, 37.79794], [-6.55498, 37.80221], [-6.5604, 37.79953], [-6.56433, 37.80391], [-6.56911, 37.79882], [-6.59771, 37.79756], [-6.61741, 37.7877], [-6.62393, 37.77865], [-6.64106, 37.76832], [-6.64502, 37.76243], [-6.64391, 37.75172]]]}}, {"type": "Feature", "properties": {"ine_code": "21008", "name": "Aroche", "province": "Huelva"}, "geometry": {"type": "Polygon", "coordinates": [[[-7.0621, 37.83853], [-7.0913, 37.83084], [-7.12538, 37.82687], [-7.12238, 37.83297], [-7.12807, 37.84313], [-7.12526, 37.8471], [-7.12488, 37.86093], [-7.12966, 37.87295], [-7.11927, 37.91479], [-7.1196, 37.92822], [-7.1236, 37.93885], [-7.12176, 37.94224], [-7.12846, 37.95989], [-7.12004, 37.97107], [-7.11856, 37.99304], [-7.09462, 38.03986], [-7.08224, 38.03612], [-7.08278, 38.03374], [-7.06723, 38.03356], [-7.06673, 38.02737], [-7.06217, 38.02672], [-7.06316, 38.01918], [-7.04785, 38.01767], [-7.04678, 38.01426], [-7.02502, 38.02467], [-7.01472, 38.02113], [-7.00202, 38.0224], [-7.003, 38.02996], [-6.99898, 38.03599], [-7.00267, 38.04296], [-6.99976, 38.0495], [-6.98984, 38.05558], [-6.99069, 38.0668], [-6.98741, 38.07485], [-6.98984, 38.08997], [-6.98496, 38.09185], [-6.95378, 38.07721], [-6.94857, 38.07147], [-6.93923, 38.07121], [-6.90779, 38.05567], [-6.90605, 38.05212], [-6.9097, 38.04855], [-6.90717, 38.04684], [-6.91625, 38.03158], [-6.9126, 38.03229], [-6.91064, 38.02579], [-6.89107, 38.02719], [-6.87765, 38.02321], [-6.87049, 38.02766], [-6.86648, 38.02683], [-6.85553, 38.01948], [-6.85474, 38.01513], [-6.84715, 38.01511], [-6.83576, 38.00823], [-6.83858, 38.0031], [-6.83638, 37.99776], [-6.82711, 37.99706], [-6.82426, 38.002], [-6.82058, 37.99987], [-6.81791, 37.99084], [-6.82073, 37.98847], [-6.81732, 37.9836], [-6.82101, 37.97715], [-6.81221, 37.96738], [-6.81458, 37.96347], [-6.82843, 37.96131], [-6.83593, 37.96461], [-6.87637, 37.92187], [-6.89477, 37.91101], [-6.90145, 37.90267], [-6.89828, 37.89444], [-6.90469, 37.87691], [-6.90366, 37.87189], [-6.88767, 37.87115], [-6.88031, 37.86581], [-6.88134, 37.86274], [-6.89257, 37.86064], [-6.89698, 37.85056], [-6.90688, 37.853], [-6.9092, 37.8439], [-6.92917, 37.84415], [-6.93975, 37.83936], [-6.96565, 37.84154], [-6.99134, 37.85055], [-7.00608, 37.85196], [-7.0115, 37.84921], [-7.01879, 37.85312], [-7.03326, 37.85276], [-7.03697, 37.85561], [-7.05815, 37.85405], [-7.0621, 37.83853]]]}}, {"type": "Feature", "properties": {"ine_code": "21009", "name": "Arroyomolinos de León", "province": "Huelva"}, "geometry": {"type": "Polygon", "coordinates": [[[-6.47866, 38.0081], [-6.46545, 38.01101], [-6.46473, 38.01377], [-6.47218, 38.01579], [-6.47386, 38.02443], [-6.46585, 38.03532], [-6.44361, 38.04696], [-6.45244, 38.05596], [-6.44432, 38.0596], [-6.4139, 38.05856], [-6.38846, 38.04814], [-6.36725, 38.04892], [-6.35817, 38.02822], [-6.35824, 38.01783], [-6.37669, 38.00431], [-6.37482, 37.99847], [-6.38121, 37.99173], [-6.37218, 37.98272], [-6.37689, 37.97397], [-6.38234, 37.97214], [-6.38455, 37.96601], [-6.39273, 37.96612], [-6.40619, 37.95597], [-6.41078, 37.94419], [-6.44425, 37.95711], [-6.44484, 37.97239], [-6.46192, 37.98394], [-6.46694, 37.9842], [-6.4713, 37.98981], [-6.48077, 37.98993], [-6.46946, 37.99893], [-6.47866, 38.0081]]]}}, {"type": "Feature", "properties": {"ine_code": "21010", "name": "Ayamonte", "province": "Huelva"}, "geometry": {"type": "Polygon", "coordinates": [[[-7.43888, 37.37939], [-7.42844, 37.38026], [-7.41072, 37.37226], [-7.38234, 37.36694], [-7.36921, 37.35888], [-7.34087, 37.35555], [-7.31226, 37.36143], [-7.31105, 37.37773], [-7.31451, 37.38609], [-7.30201, 37.38736], [-7.30601, 37.38347], [-7.30851, 37.37122], [-7.30454, 37.36437], [-7.30656, 37.35456], [-7.30408, 37.35318], [-7.32031, 37.34567], [-7.33786, 37.34803], [-7.38476, 37.34487], [-7.40539, 37.32957], [-7.40423, 37.30644], [-7.38433, 37.28209], [-7.33526, 37.26462], [-7.33026, 37.2556], [-7.3158, 37.24507], [-7.31195, 37.22991], [-7.31435, 37.22025], [-7.32833, 37.22337], [-7.34279, 37.21435], [-7.34157, 37.21095], [-7.33174, 37.20784], [-7.33046, 37.19852], [-7.33757, 37.18994], [-7.33171, 37.18561], [-7.32746, 37.18078], [-7.33194, 37.18316], [-7.37268, 37.1704], [-7.39484, 37.17673], [-7.40313, 37.17442], [-7.40696, 37.18085], [-7.41354, 37.21054], [-7.41393, 37.22659], [-7.42043, 37.2393], [-7.43353, 37.24974], [-7.43233, 37.25935], [-7.42169, 37.27378], [-7.43335, 37.28802], [-7.44218, 37.3113], [-7.43903, 37.32692], [-7.44508, 37.34479], [-7.43675, 37.35898], [-7.43888, 37.37939]]]}}, {"type": "Feature", "properties": {"ine_code": "21011", "name": "Beas", "province": "Huelva"}, "geometry": {"type": "Polygon", "coordinates": [[[-6.92175, 37.52007], [-6.91129, 37.51951], [-6.89963, 37.52446], [-6.89321, 37.53606], [-6.88007, 37.54099], [-6.87917, 37.54708], [-6.86848, 37.54985], [-6.87209, 37.5564], [-6.87006, 37.55854], [-6.86662, 37.55466], [-6.861, 37.55584], [-6.8544, 37.5492], [-6.85679, 37.54656], [-6.85588, 37.5383], [-6.84856, 37.53599], [-6.84642, 37.53164], [-6.82745, 37.52811], [-6.82103, 37.51579], [-6.7768, 37.50842], [-6.75488, 37.49541], [-6.7542, 37.49332], [-6.75718, 37.49493], [-6.76502, 37.49179], [-6.76198, 37.47671], [-6.76898, 37.45179], [-6.765, 37.45194], [-6.75992, 37.44239], [-6.74649, 37.43861], [-6.73628, 37.43091], [-6.73675, 37.42582], [-6.7306, 37.4177], [-6.73946, 37.40363], [-6.73534, 37.40026], [-6.73607, 37.39004], [-6.74366, 37.36922], [-6.74395, 37.35885], [-6.74765, 37.35708], [-6.76103, 37.36843], [-6.78494, 37.37373], [-6.78651, 37.39357], [-6.79099, 37.39246], [-6.79815, 37.4019], [-6.80161, 37.39966], [-6.80685, 37.40878], [-6.81608, 37.40615], [-6.82121, 37.41296], [-6.82387, 37.41202], [-6.87101, 37.48898], [-6.89154, 37.50569], [-6.9025, 37.50706], [-6.92175, 37.52007]]]}}, {"type": "Feature", "properties": {"ine_code": "21012", "name": "Berrocal", "province": "Huelva"}, "geometry": {"type": "Polygon", "coordinates": [[[-6.5815, 37.53511], [-6.57767, 37.54738], [-6.58369, 37.55005], [-6.59221, 37.54834], [-6.59795, 37.5584], [-6.59251, 37.5588], [-6.59027, 37.56797], [-6.58446, 37.56669], [-6.57063, 37.57152], [-6.56825, 37.58505], [-6.56542, 37.58479], [-6.56511, 37.57891], [-6.56194, 37.58201], [-6.55623, 37.57894], [-6.55415, 37.58214], [-6.55031, 37.58136], [-6.54898, 37.58791], [-6.55154, 37.58818], [-6.55034, 37.59291], [-6.55271, 37.59472], [-6.54919, 37.60548], [-6.55035, 37.62106], [-6.54574, 37.62885], [-6.54148, 37.62912], [-6.53707, 37.62104], [-6.52818, 37.61574], [-6.522, 37.61915], [-6.52284, 37.62193], [-6.51981, 37.62071], [-6.51416, 37.62513], [-6.51128, 37.62227], [-6.5086, 37.62483], [-6.50848, 37.62109], [-6.50409, 37.62422], [-6.50094, 37.62131], [-6.49843, 37.62274], [-6.50099, 37.61973], [-6.49666, 37.61701], [-6.49004, 37.62137], [-6.48519, 37.61587], [-6.4845, 37.62046], [-6.47662, 37.61914], [-6.47346, 37.6227], [-6.46635, 37.61979], [-6.45652, 37.62322], [-6.45434, 37.62071], [-6.44329, 37.62337], [-6.42793, 37.62126], [-6.4346, 37.60326], [-6.44986, 37.58955], [-6.44961, 37.58552], [-6.45469, 37.58421], [-6.45878, 37.57033], [-6.45953, 37.54866], [-6.45376, 37.5392], [-6.45548, 37.53318], [-6.45255, 37.52913], [-6.45657, 37.51602], [-6.49491, 37.50336], [-6.51324, 37.50304], [-6.52444, 37.50559], [-6.52396, 37.51554], [-6.57221, 37.52887], [-6.5815, 37.53511]]]}}, {"type": "Feature", "properties": {"ine_code": "21013", "name": "Bollullos Par del Condado", "province": "Huelva"}, "geometry": {"type": "Polygon", "coordinates": [[[-6.59161, 37.33586], [-6.57746, 37.36175], [-6.56835, 37.35658], [-6.56654, 37.35935], [-6.55398, 37.35596], [-6.51966, 37.36182], [-6.50458, 37.35824], [-6.49446, 37.34407], [-6.47223, 37.33053], [-6.51738, 37.30221], [-6.52619, 37.30451], [-6.53238, 37.3016], [-6.53553, 37.28942], [-6.54338, 37.28741], [-6.55929, 37.29121], [-6.5641, 37.31768], [-6.59161, 37.33586]]]}}, {"type": "Feature", "properties": {"ine_code": "21014", "name": "Bonares", "province": "Huelva"}, "geometry": {"type": "Polygon", "coordinates": [[[-6.66808, 37.23375], [-6.68441, 37.22056], [-6.72574, 37.19616], [-6.73098, 37.19908], [-6.73446, 37.20686], [-6.74295, 37.2112], [-6.7056, 37.24239], [-6.71514, 37.25059], [-6.7002, 37.27895], [-6.70133, 37.28776], [-6.69761, 37.2923], [-6.69058, 37.29267], [-6.6898, 37.29778], [-6.70119, 37.29812], [-6.70752, 37.30412], [-6.71002, 37.31262], [-6.72282, 37.32884], [-6.71499, 37.32979], [-6.70762, 37.34679], [-6.70747, 37.34283], [-6.70331, 37.34562], [-6.69481, 37.34244], [-6.67652, 37.34442], [-6.67098, 37.33168], [-6.63895, 37.3246], [-6.65376, 37.30293], [-6.65694, 37.28558], [-6.67034, 37.26026], [-6.67223, 37.24759], [-6.66808, 37.23375]]]}}, {"type": "Feature", "properties": {"ine_code": "21015", "name": "Cabezas Rubias", "province": "Huelva"}, "geometry": {"type": "MultiPolygon", "coordinates": [[[[-7.13264, 37.67347], [-7.13694, 37.67708], [-7.14742, 37.67674], [-7.14145, 37.6846], [-7.13197, 37.68886], [-7.1224, 37.67629], [-7.13264, 37.67347]]], [[[-7.15466, 37.69197], [-7.15779, 37.69861], [-7.16432, 37.69559], [-7.16878, 37.69717], [-7.1737, 37.70275], [-7.17355, 37.70943], [-7.16545, 37.72161], [-7.16295, 37.74076], [-7.12538, 37.82687], [-7.06482, 37.83678], [-7.05786, 37.82992], [-7.05603, 37.818], [-7.04604, 37.81242], [-7.04992, 37.79175], [-7.04398, 37.78496], [-7.05896, 37.76597], [-7.0681, 37.74518], [-7.06991, 37.72941], [-7.08089, 37.72081], [-7.12263, 37.72138], [-7.12512, 37.70953], [-7.15466, 37.69197]]]]}}, {"type": "Feature", "properties": {"ine_code": "21016", "name": "Cala", "province": "Huelva"}, "geometry": {"type": "Polygon", "coordinates": [[[-6.41078, 37.94419], [-6.40619, 37.95597], [-6.3983, 37.96284], [-6.38455, 37.96601], [-6.38234, 37.97214], [-6.37811, 37.97218], [-6.37214, 37.98249], [-6.38115, 37.99082], [-6.37482, 37.99847], [-6.37691, 38.00395], [-6.3591, 38.01666], [-6.34704, 38.00282], [-6.32929, 37.99827], [-6.30913, 37.98518], [-6.30363, 37.97834], [-6.25258, 37.97159], [-6.24516, 37.96224], [-6.23324, 37.95794], [-6.24818, 37.95439], [-6.25737, 37.93816], [-6.35433, 37.92381], [-6.36979, 37.91821], [-6.41078, 37.94419]]]}}, {"type": "Feature", "properties": {"ine_code": "21017", "name": "Calañas", "province": "Huelva"}, "geometry": {"type": "Polygon", "coordinates": [[[-7.00719, 37.66674], [-6.97686, 37.66675], [-6.9726, 37.67122], [-6.97292, 37.6763], [-6.96545, 37.68007], [-6.96668, 37.6889], [-6.9616, 37.69359], [-6.96309, 37.70142], [-6.93414, 37.70256], [-6.94106, 37.68516], [-6.93049, 37.68461], [-6.93307, 37.69127], [-6.92313, 37.68897], [-6.91086, 37.69334], [-6.90904, 37.6904], [-6.91567, 37.6813], [-6.91351, 37.67695], [-6.92649, 37.67511], [-6.92754, 37.67054], [-6.93592, 37.6747], [-6.93563, 37.67789], [-6.94772, 37.67442], [-6.94808, 37.66994], [-6.95604, 37.66883], [-6.95485, 37.65853], [-6.92442, 37.66143], [-6.9263, 37.66335], [-6.9214, 37.66926], [-6.92241, 37.67296], [-6.91476, 37.67054], [-6.91102, 37.67507], [-6.90988, 37.67191], [-6.91052, 37.67521], [-6.90588, 37.67595], [-6.90529, 37.68062], [-6.9021, 37.67483], [-6.89809, 37.67583], [-6.90046, 37.68412], [-6.89458, 37.67891], [-6.88869, 37.68701], [-6.86802, 37.67181], [-6.86468, 37.67792], [-6.85869, 37.67658], [-6.85559, 37.6708], [-6.85827, 37.67091], [-6.86288, 37.66236], [-6.85065, 37.66422], [-6.84341, 37.67145], [-6.84243, 37.66883], [-6.82625, 37.66888], [-6.81637, 37.66347], [-6.81924, 37.65989], [-6.81556, 37.64584], [-6.81872, 37.64118], [-6.81687, 37.63695], [-6.82491, 37.63078], [-6.82432, 37.62147], [-6.81992, 37.61562], [-6.83616, 37.61114], [-6.83471, 37.608], [-6.84722, 37.59323], [-6.84384, 37.5872], [-6.8457, 37.5775], [-6.84978, 37.57516], [-6.85379, 37.58056], [-6.85554, 37.57935], [-6.85191, 37.56906], [-6.85932, 37.56603], [-6.86021, 37.55732], [-6.86606, 37.55453], [-6.87131, 37.55836], [-6.86848, 37.54985], [-6.87917, 37.54708], [-6.88007, 37.54099], [-6.89321, 37.53606], [-6.89963, 37.52446], [-6.91129, 37.51951], [-6.92294, 37.51951], [-6.93104, 37.51113], [-6.94008, 37.48592], [-6.94592, 37.4825], [-6.95861, 37.48612], [-6.96224, 37.48015], [-6.97083, 37.47841], [-6.97061, 37.47427], [-6.98227, 37.47641], [-6.97984, 37.4819], [-6.97412, 37.48502], [-6.97866, 37.48923], [-6.97445, 37.49309], [-6.97724, 37.4956], [-6.97041, 37.50615], [-6.97678, 37.50861], [-6.97624, 37.5139], [-6.98123, 37.51657], [-6.98238, 37.52293], [-6.98667, 37.52392], [-6.98739, 37.53375], [-6.99193, 37.53617], [-6.98696, 37.54655], [-6.99098, 37.55263], [-6.98725, 37.55586], [-6.98768, 37.5621], [-6.98332, 37.56477], [-6.98615, 37.57244], [-6.97584, 37.57435], [-6.97341, 37.58224], [-6.98179, 37.58105], [-6.98095, 37.59092], [-6.9853, 37.59673], [-6.98018, 37.59634], [-6.978, 37.60462], [-6.98413, 37.61076], [-6.99279, 37.61228], [-6.98847, 37.61878], [-6.99301, 37.6194], [-6.99447, 37.62425], [-6.99976, 37.62658], [-6.99551, 37.63202], [-6.99945, 37.6335], [-6.99638, 37.63836], [-7.00209, 37.64367], [-6.996, 37.65151], [-6.9962, 37.65917], [-7.00286, 37.65972], [-7.00719, 37.66674]]]}}, {"type": "Feature", "properties": {"ine_code": "21018", "name": "El Campillo", "province": "Huelva"}, "geometry": {"type": "Polygon", "coordinates": [[[-6.55035, 37.62106], [-6.56401, 37.65085], [-6.57994, 37.6734], [-6.6167, 37.67591], [-6.62205, 37.6733], [-6.63138, 37.6609], [-6.64422, 37.66613], [-6.63742, 37.67213], [-6.63953, 37.68281], [-6.65901, 37.69147], [-6.67232, 37.6901], [-6.67489, 37.69403], [-6.68204, 37.6927], [-6.69075, 37.69869], [-6.69997, 37.69727], [-6.70331, 37.6932], [-6.70814, 37.69521], [-6.70801, 37.70163], [-6.71482, 37.69783], [-6.71845, 37.69091], [-6.74249, 37.7026], [-6.79576, 37.70156], [-6.78776, 37.70707], [-6.78298, 37.71565], [-6.77437, 37.71369], [-6.77033, 37.71819], [-6.75761, 37.71907], [-6.7426, 37.71441], [-6.72805, 37.72452], [-6.71324, 37.72135], [-6.7068, 37.72819], [-6.69492, 37.73277], [-6.69149, 37.72886], [-6.68111, 37.73562], [-6.68299, 37.74007], [-6.67836, 37.74577], [-6.66855, 37.75079], [-6.60243, 37.74992], [-6.58518, 37.74271], [-6.58659, 37.73544], [-6.58336, 37.73002], [-6.5934, 37.72865], [-6.59496, 37.72524], [-6.59802, 37.72648], [-6.60548, 37.72083], [-6.61802, 37.72239], [-6.62319, 37.71579], [-6.61109, 37.6939], [-6.58382, 37.68629], [-6.57916, 37.67795], [-6.56795, 37.67362], [-6.57042, 37.66945], [-6.55099, 37.6651], [-6.5417, 37.65028], [-6.53592, 37.65098], [-6.53352, 37.64544], [-6.53679, 37.64073], [-6.5298, 37.63521], [-6.53731, 37.62704], [-6.5461, 37.62862], [-6.55035, 37.62106]]]}}, {"type": "Feature", "properties": {"ine_code": "21019", "name": "Campofrío", "province": "Huelva"}, "geometry": {"type": "Polygon", "coordinates": [[[-6.64391, 37.75172], [-6.64502, 37.76243], [-6.64106, 37.76832], [-6.62393, 37.77865], [-6.61741, 37.7877], [-6.59771, 37.79756], [-6.56911, 37.79882], [-6.56464, 37.8039], [-6.56001, 37.79942], [-6.55464, 37.80214], [-6.54552, 37.79033], [-6.53382, 37.78599], [-6.52986, 37.77599], [-6.53161, 37.7661], [-6.54306, 37.75859], [-6.55733, 37.73742], [-6.57867, 37.7404], [-6.60897, 37.75127], [-6.64391, 37.75172]]]}}, {"type": "Feature", "properties": {"ine_code": "21020", "name": "Cañaveral de León", "province": "Huelva"}, "geometry": {"type": "Polygon", "coordinates": [[[-6.55901, 38.02183], [-6.57152, 38.02414], [-6.56524, 38.02699], [-6.54569, 38.02812], [-6.52482, 38.02151], [-6.49467, 38.01897], [-6.49283, 38.01621], [-6.4956, 38.01515], [-6.49174, 38.00947], [-6.47908, 38.00934], [-6.46946, 37.99893], [-6.48077, 37.98993], [-6.4713, 37.98981], [-6.46694, 37.9842], [-6.46192, 37.98394], [-6.44484, 37.97239], [-6.44565, 37.96085], [-6.44223, 37.9564], [-6.45452, 37.95603], [-6.4642, 37.96199], [-6.48445, 37.96544], [-6.52101, 37.98237], [-6.53076, 37.99031], [-6.5466, 38.01429], [-6.55901, 38.02183]]]}}, {"type": "Feature", "properties": {"ine_code": "21021", "name": "Cartaya", "province": "Huelva"}, "geometry": {"type": "Polygon", "coordinates": [[[-7.30201, 37.38736], [-7.29333, 37.4062], [-7.29006, 37.40955], [-7.28115, 37.41052], [-7.23086, 37.40124], [-7.21327, 37.39372], [-7.19721, 37.39486], [-7.14749, 37.37208], [-7.13069, 37.37312], [-7.11671, 37.36666], [-7.10209, 37.37179], [-7.0859, 37.34889], [-7.07545, 37.32222], [-7.07095, 37.30348], [-7.07391, 37.29174], [-7.08002, 37.28734], [-7.07884, 37.2789], [-7.05938, 37.25712], [-7.08028, 37.2482], [-7.08, 37.24314], [-7.07482, 37.23575], [-7.06309, 37.23353], [-7.06292, 37.22957], [-7.05332, 37.22106], [-7.05304, 37.20927], [-7.13146, 37.21529], [-7.15634, 37.21153], [-7.16848, 37.21647], [-7.17202, 37.22224], [-7.16733, 37.23033], [-7.16219, 37.26209], [-7.17074, 37.26289], [-7.17938, 37.27963], [-7.17125, 37.29023], [-7.17999, 37.29152], [-7.18094, 37.2958], [-7.20637, 37.31654], [-7.22356, 37.32401], [-7.23705, 37.33853], [-7.23679, 37.34315], [-7.24409, 37.34498], [-7.2464, 37.35166], [-7.25953, 37.35445], [-7.26077, 37.36269], [-7.26704, 37.36468], [-7.2649, 37.37119], [-7.27451, 37.37079], [-7.26808, 37.38028], [-7.27086, 37.385], [-7.30201, 37.38736]]]}}, {"type": "Feature", "properties": {"ine_code": "21022", "name": "Castaño del Robledo", "province": "Huelva"}, "geometry": {"type": "Polygon", "coordinates": [[[-6.70487, 37.88472], [-6.71682, 37.8938], [-6.71831, 37.90344], [-6.70106, 37.89957], [-6.68819, 37.90099], [-6.68598, 37.90831], [-6.67093, 37.89359], [-6.66192, 37.89127], [-6.65799, 37.89508], [-6.64875, 37.89483], [-6.64725, 37.88631], [-6.65782, 37.88618], [-6.66744, 37.87776], [-6.67714, 37.88057], [-6.68964, 37.87705], [-6.69974, 37.86136], [-6.70422, 37.86481], [-6.70708, 37.87645], [-6.70487, 37.88472]]]}}, {"type": "Feature", "properties": {"ine_code": "21023", "name": "El Cerro de Andévalo", "province": "Huelva"}, "geometry": {"type": "Polygon", "coordinates": [[[-7.15273, 37.64494], [-7.15525, 37.66268], [-7.14735, 37.6624], [-7.1347, 37.67227], [-7.1224, 37.67629], [-7.12975, 37.68445], [-7.12968, 37.68835], [-7.13993, 37.68439], [-7.14676, 37.68752], [-7.15073, 37.68457], [-7.15408, 37.69191], [-7.12512, 37.70953], [-7.12263, 37.72138], [-7.08089, 37.72081], [-7.0746, 37.72381], [-7.06991, 37.72941], [-7.0681, 37.74518], [-7.05896, 37.76597], [-7.04398, 37.78496], [-7.01511, 37.77589], [-6.9746, 37.78271], [-6.93434, 37.80151], [-6.92194, 37.81719], [-6.91814, 37.80206], [-6.92122, 37.78487], [-6.9026, 37.77047], [-6.89374, 37.76519], [-6.86249, 37.76948], [-6.86346, 37.77999], [-6.85358, 37.72332], [-6.86851, 37.72193], [-6.89497, 37.70711], [-6.96309, 37.70142], [-6.96168, 37.69326], [-6.96668, 37.6889], [-6.96423, 37.68319], [-6.96685, 37.6785], [-6.97292, 37.6763], [-6.9738, 37.66897], [-6.97751, 37.66655], [-7.00002, 37.66795], [-7.00997, 37.66555], [-7.03972, 37.63791], [-7.05574, 37.61728], [-7.05972, 37.61595], [-7.06879, 37.60016], [-7.08094, 37.59084], [-7.09978, 37.60699], [-7.13308, 37.62743], [-7.15273, 37.64494]]]}}, {"type": "Feature", "properties": {"ine_code": "21024", "name": "Corteconcepción", "province": "Huelva"}, "geometry": {"type": "Polygon", "coordinates": [[[-6.49701, 37.88461], [-6.5185, 37.89217], [-6.53452, 37.90688], [-6.51845, 37.9232], [-6.53739, 37.93454], [-6.52253, 37.94889], [-6.52485, 37.95224], [-6.52223, 37.95455], [-6.52895, 37.95954], [-6.52067, 37.96398], [-6.51702, 37.97638], [-6.47988, 37.96395], [-6.4642, 37.96199], [-6.45452, 37.95603], [-6.44223, 37.9564], [-6.4442, 37.9559], [-6.44081, 37.95389], [-6.44362, 37.95108], [-6.44153, 37.94788], [-6.44712, 37.94546], [-6.44593, 37.92899], [-6.4612, 37.91769], [-6.46605, 37.92703], [-6.4706, 37.92861], [-6.47544, 37.92473], [-6.47831, 37.91964], [-6.47059, 37.91289], [-6.48577, 37.90331], [-6.48738, 37.89872], [-6.484, 37.89654], [-6.49701, 37.88461]]]}}, {"type": "Feature", "properties": {"ine_code": "21025", "name": "Cortegana", "province": "Huelva"}, "geometry": {"type": "MultiPolygon", "coordinates": [[[[-7.0621, 37.83853], [-7.05815, 37.85405], [-7.03697, 37.85561], [-7.03326, 37.85276], [-7.01879, 37.85312], [-7.0115, 37.84921], [-7.00608, 37.85196], [-6.99134, 37.85055], [-6.98671, 37.84692], [-6.959, 37.84084], [-6.93975, 37.83936], [-6.92917, 37.84415], [-6.90997, 37.84419], [-6.90371, 37.83742], [-6.89721, 37.83565], [-6.88898, 37.82034], [-6.88307, 37.81678], [-6.8862, 37.80686], [-6.87792, 37.79412], [-6.86365, 37.78064], [-6.86249, 37.76948], [-6.89418, 37.76522], [-6.92092, 37.78441], [-6.91814, 37.80206], [-6.92194, 37.81719], [-6.93434, 37.80151], [-6.9746, 37.78271], [-7.01511, 37.77589], [-7.03635, 37.78166], [-7.0438, 37.78465], [-7.04992, 37.79175], [-7.04604, 37.81242], [-7.05617, 37.81822], [-7.05786, 37.82992], [-7.06654, 37.83756], [-7.0621, 37.83853]]], [[[-6.7991, 37.91091], [-6.81125, 37.89741], [-6.82532, 37.90261], [-6.82929, 37.89673], [-6.83636, 37.89539], [-6.8422, 37.88982], [-6.84489, 37.88204], [-6.88942, 37.87006], [-6.90366, 37.87189], [-6.90469, 37.87691], [-6.89828, 37.89444], [-6.90145, 37.90267], [-6.89477, 37.91101], [-6.87637, 37.92187], [-6.83593, 37.96461], [-6.82843, 37.96131], [-6.80415, 37.96464], [-6.78837, 37.95084], [-6.77037, 37.94579], [-6.75756, 37.94987], [-6.74266, 37.9453], [-6.74174, 37.94132], [-6.74796, 37.93731], [-6.74566, 37.93225], [-6.76037, 37.93311], [-6.76497, 37.93625], [-6.77572, 37.93257], [-6.78058, 37.92539], [-6.79753, 37.92323], [-6.80069, 37.91766], [-6.7991, 37.91091]]]]}}, {"type": "Feature", "properties": {"ine_code": "21026", "name": "Cortelazor", "province": "Huelva"}, "geometry": {"type": "Polygon", "coordinates": [[[-6.66936, 37.97503], [-6.65124, 37.98998], [-6.63533, 37.99491], [-6.62064, 37.99294], [-6.61226, 37.98834], [-6.60002, 37.99156], [-6.58107, 37.98748], [-6.59682, 37.96711], [-6.59774, 37.94902], [-6.60851, 37.93496], [-6.60516, 37.91977], [-6.61082, 37.90983], [-6.64186, 37.9189], [-6.64419, 37.92273], [-6.64084, 37.9399], [-6.64318, 37.95057], [-6.65363, 37.96261], [-6.66912, 37.96917], [-6.66936, 37.97503]]]}}, {"type": "Feature", "properties": {"ine_code": "21027", "name": "Cumbres de Enmedio", "province": "Huelva"}, "geometry": {"type": "Polygon", "coordinates": [[[-6.7141, 38.05294], [-6.71494, 38.0653], [-6.70757, 38.07845], [-6.71475, 38.08517], [-6.71134, 38.09495], [-6.69261, 38.09473], [-6.68867, 38.10023], [-6.68214, 38.0968], [-6.68356, 38.09134], [-6.67845, 38.08927], [-6.67566, 38.08145], [-6.68405, 38.06066], [-6.70032, 38.05066], [-6.7141, 38.05294]]]}}, {"type": "Feature", "properties": {"ine_code": "21028", "name": "Cumbres de San Bartolomé", "province": "Huelva"}, "geometry": {"type": "Polygon", "coordinates": [[[-6.88571, 38.02403], [-6.88472, 38.03762], [-6.87934, 38.04507], [-6.88058, 38.05338], [-6.87281, 38.05969], [-6.87323, 38.06717], [-6.86927, 38.06879], [-6.86368, 38.07822], [-6.86428, 38.08322], [-6.85791, 38.0885], [-6.86823, 38.09262], [-6.85393, 38.09734], [-6.84968, 38.10348], [-6.8515, 38.10871], [-6.84315, 38.11808], [-6.83243, 38.118], [-6.82327, 38.12471], [-6.80782, 38.11111], [-6.79995, 38.1148], [-6.79688, 38.11047], [-6.78916, 38.10917], [-6.77005, 38.11211], [-6.77364, 38.10467], [-6.76493, 38.106], [-6.76457, 38.10241], [-6.77009, 38.09946], [-6.76102, 38.09787], [-6.75822, 38.09271], [-6.75449, 38.09501], [-6.73199, 38.09005], [-6.73046, 38.09244], [-6.73516, 38.09394], [-6.72939, 38.0995], [-6.72417, 38.09691], [-6.71975, 38.10062], [-6.71697, 38.09992], [-6.71546, 38.09262], [-6.71134, 38.09495], [-6.71475, 38.08517], [-6.70757, 38.07845], [-6.71494, 38.0653], [-6.71655, 38.04235], [-6.7297, 38.03671], [-6.73317, 38.02991], [-6.7294, 38.02733], [-6.73271, 38.02248], [-6.73073, 38.02139], [-6.73557, 38.02077], [-6.73731, 38.01431], [-6.74088, 38.01618], [-6.74268, 38.00672], [-6.75351, 38.01407], [-6.76636, 38.01106], [-6.78322, 38.01311], [-6.78603, 38.00463], [-6.79109, 38.0032], [-6.79669, 38.00662], [-6.81532, 37.99445], [-6.82426, 38.002], [-6.82711, 37.99706], [-6.83638, 37.99776], [-6.83858, 38.0031], [-6.83576, 38.00823], [-6.84715, 38.01511], [-6.85474, 38.01513], [-6.85553, 38.01948], [-6.86609, 38.0267], [-6.88571, 38.02403]]]}}, {"type": "Feature", "properties": {"ine_code": "21029", "name": "Cumbres Mayores", "province": "Huelva"}, "geometry": {"type": "Polygon", "coordinates": [[[-6.7605, 38.01208], [-6.75351, 38.01407], [-6.742, 38.00707], [-6.74091, 38.01615], [-6.73731, 38.01431], [-6.73557, 38.02077], [-6.73073, 38.02139], [-6.73271, 38.02248], [-6.7294, 38.02733], [-6.73317, 38.02991], [-6.73025, 38.03595], [-6.71655, 38.04235], [-6.7141, 38.05294], [-6.70032, 38.05066], [-6.68548, 38.05869], [-6.67566, 38.08145], [-6.67845, 38.08927], [-6.68356, 38.09134], [-6.68043, 38.09747], [-6.66037, 38.09237], [-6.65303, 38.09648], [-6.6493, 38.09002], [-6.64206, 38.09753], [-6.6221, 38.09701], [-6.58053, 38.05277], [-6.58672, 38.02746], [-6.60032, 38.02292], [-6.60666, 38.0125], [-6.62261, 38.00034], [-6.62064, 37.99294], [-6.63533, 37.99491], [-6.65124, 37.98998], [-6.65791, 37.98405], [-6.66562, 37.98337], [-6.67526, 37.97701], [-6.67899, 37.96613], [-6.68509, 37.96365], [-6.70134, 37.96695], [-6.70074, 37.9754], [-6.70909, 37.98335], [-6.71783, 37.98647], [-6.71755, 37.99015], [-6.72595, 37.99287], [-6.72163, 37.99662], [-6.72229, 38.00194], [-6.72958, 37.99884], [-6.74098, 38.00566], [-6.75329, 38.00399], [-6.7605, 38.01208]]]}}, {"type": "Feature", "properties": {"ine_code": "21030", "name": "Chucena", "province": "Huelva"}, "geometry": {"type": "Polygon", "coordinates": [[[-6.44117, 37.33297], [-6.42029, 37.35831], [-6.4144, 37.35801], [-6.4006, 37.37181], [-6.39236, 37.38679], [-6.3745, 37.37979], [-6.36368, 37.37943], [-6.36358, 37.37606], [-6.34586, 37.36555], [-6.36869, 37.34944], [-6.37822, 37.34608], [-6.38497, 37.33729], [-6.39232, 37.34277], [-6.40233, 37.33766], [-6.42, 37.31987], [-6.44117, 37.33297]]]}}, {"type": "Feature", "properties": {"ine_code": "21031", "name": "Encinasola", "province": "Huelva"}, "geometry": {"type": "Polygon", "coordinates": [[[-6.98948, 38.09177], [-6.98684, 38.10387], [-6.97559, 38.10417], [-6.97512, 38.1082], [-6.97066, 38.11055], [-6.9724, 38.11483], [-6.96502, 38.13193], [-6.95943, 38.13348], [-6.95782, 38.13763], [-6.96155, 38.14053], [-6.95889, 38.15037], [-6.95218, 38.15278], [-6.95803, 38.15629], [-6.96243, 38.1546], [-6.96839, 38.15927], [-6.96914, 38.16631], [-6.9536, 38.18633], [-6.9348, 38.20046], [-6.93156, 38.20821], [-6.92383, 38.2051], [-6.92327, 38.20057], [-6.90248, 38.20181], [-6.84843, 38.17724], [-6.82237, 38.17382], [-6.79509, 38.17854], [-6.79286, 38.16634], [-6.7989, 38.15524], [-6.79954, 38.1438], [-6.80914, 38.1347], [-6.81582, 38.12014], [-6.82172, 38.12133], [-6.82327, 38.12471], [-6.83243, 38.118], [-6.84315, 38.11808], [-6.8515, 38.10871], [-6.84968, 38.10348], [-6.85393, 38.09734], [-6.86823, 38.09262], [-6.85791, 38.0885], [-6.86428, 38.08322], [-6.86368, 38.07822], [-6.86927, 38.06879], [-6.87323, 38.06717], [-6.87281, 38.05969], [-6.88058, 38.05338], [-6.87934, 38.04507], [-6.88472, 38.03762], [-6.88571, 38.02403], [-6.89107, 38.02719], [-6.91064, 38.02579], [-6.9126, 38.03229], [-6.91625, 38.03158], [-6.90717, 38.04684], [-6.9097, 38.04855], [-6.90605, 38.05212], [-6.90779, 38.05567], [-6.93923, 38.07121], [-6.94857, 38.07147], [-6.96006, 38.08043], [-6.98948, 38.09177]]]}}, {"type": "Feature", "properties": {"ine_code": "21032", "name": "Escacena del Campo", "province": "Huelva"}, "geometry": {"type": "Polygon", "coordinates": [[[-6.45394, 37.52323], [-6.45341, 37.5382], [-6.45793, 37.54309], [-6.4599, 37.55427], [-6.45469, 37.58421], [-6.44961, 37.58552], [-6.44986, 37.58955], [-6.4346, 37.60326], [-6.42793, 37.62126], [-6.41341, 37.61958], [-6.40924, 37.61409], [-6.39557, 37.61122], [-6.39413, 37.60395], [-6.40227, 37.59858], [-6.39929, 37.59835], [-6.39974, 37.59096], [-6.3934, 37.58563], [-6.39546, 37.58267], [-6.40035, 37.58395], [-6.40276, 37.58006], [-6.39346, 37.55676], [-6.3894, 37.55161], [-6.37515, 37.54629], [-6.36647, 37.53563], [-6.37006, 37.52957], [-6.36733, 37.51776], [-6.36209, 37.51334], [-6.35652, 37.49621], [-6.34688, 37.49344], [-6.33872, 37.4851], [-6.33295, 37.46463], [-6.32205, 37.45163], [-6.31232, 37.44565], [-6.30886, 37.43672], [-6.30587, 37.43588], [-6.30573, 37.42539], [-6.31124, 37.42296], [-6.31255, 37.41864], [-6.32146, 37.42057], [-6.32764, 37.41608], [-6.35645, 37.41205], [-6.36209, 37.40147], [-6.35434, 37.39713], [-6.35452, 37.3945], [-6.36196, 37.37574], [-6.36387, 37.3795], [-6.37721, 37.38056], [-6.41155, 37.39501], [-6.41441, 37.39948], [-6.4081, 37.41326], [-6.39586, 37.41871], [-6.36714, 37.44067], [-6.35944, 37.44258], [-6.37049, 37.45688], [-6.3807, 37.4782], [-6.38452, 37.49411], [-6.39645, 37.501], [-6.41275, 37.49998], [-6.42468, 37.49308], [-6.45394, 37.52323]]]}}, {"type": "Feature", "properties": {"ine_code": "21033", "name": "Fuenteheridos", "province": "Huelva"}, "geometry": {"type": "Polygon", "coordinates": [[[-6.67093, 37.89359], [-6.6872, 37.91046], [-6.67795, 37.91575], [-6.67649, 37.92012], [-6.64823, 37.9244], [-6.63974, 37.91249], [-6.64115, 37.9054], [-6.63881, 37.9017], [-6.64194, 37.89203], [-6.64788, 37.889], [-6.64875, 37.89483], [-6.65212, 37.89619], [-6.66192, 37.89127], [-6.67093, 37.89359]]]}}, {"type": "Feature", "properties": {"ine_code": "21034", "name": "Galaroza", "province": "Huelva"}, "geometry": {"type": "Polygon", "coordinates": [[[-6.72617, 37.93155], [-6.71815, 37.94591], [-6.71351, 37.94726], [-6.7079, 37.95534], [-6.69471, 37.94877], [-6.69727, 37.94519], [-6.69481, 37.9432], [-6.677, 37.93517], [-6.66798, 37.93551], [-6.66213, 37.94344], [-6.65283, 37.94543], [-6.65082, 37.94944], [-6.64359, 37.9497], [-6.64648, 37.94854], [-6.64266, 37.9404], [-6.64896, 37.93626], [-6.64847, 37.93225], [-6.65257, 37.92883], [-6.65987, 37.92938], [-6.65959, 37.9231], [-6.67649, 37.92012], [-6.67795, 37.91575], [-6.6872, 37.91046], [-6.68819, 37.90099], [-6.70106, 37.89957], [-6.71831, 37.90344], [-6.71978, 37.91831], [-6.71647, 37.92516], [-6.72029, 37.93033], [-6.72617, 37.93155]]]}}, {"type": "Feature", "properties": {"ine_code": "21035", "name": "Gibraleón", "province": "Huelva"}, "geometry": {"type": "Polygon", "coordinates": [[[-7.10209, 37.37179], [-7.09775, 37.38461], [-7.08088, 37.39357], [-7.07194, 37.41411], [-7.04502, 37.42948], [-7.05481, 37.45817], [-7.06481, 37.46298], [-7.07051, 37.46139], [-7.08388, 37.46593], [-7.0773, 37.47034], [-7.0839, 37.47616], [-7.07586, 37.48277], [-7.06236, 37.48201], [-7.06111, 37.49694], [-7.06562, 37.50779], [-7.06248, 37.51186], [-7.06273, 37.52016], [-7.07155, 37.5247], [-7.07217, 37.52149], [-7.0856, 37.51879], [-7.08901, 37.52484], [-7.09418, 37.52583], [-7.08641, 37.53585], [-7.05379, 37.53023], [-7.02698, 37.5167], [-6.98877, 37.47433], [-6.97847, 37.47112], [-6.9749, 37.47384], [-6.97264, 37.47062], [-6.94924, 37.4644], [-6.93275, 37.4645], [-6.91558, 37.45872], [-6.8999, 37.44724], [-6.87379, 37.43652], [-6.86314, 37.42291], [-6.85587, 37.41846], [-6.85515, 37.40356], [-6.8659, 37.38784], [-6.86481, 37.38017], [-6.87643, 37.37024], [-6.89831, 37.3648], [-6.91257, 37.36598], [-6.91687, 37.35821], [-6.92713, 37.35545], [-6.9347, 37.33928], [-6.94699, 37.34024], [-6.9795, 37.3079], [-7.01606, 37.29997], [-7.05735, 37.29641], [-7.07425, 37.28572], [-7.07769, 37.27874], [-7.07183, 37.27702], [-7.06938, 37.27274], [-7.05825, 37.26834], [-7.0475, 37.27052], [-7.02355, 37.2547], [-7.00019, 37.25831], [-7.0059, 37.23255], [-7.0312, 37.23913], [-7.03767, 37.24785], [-7.05394, 37.25322], [-7.07828, 37.27787], [-7.08002, 37.28734], [-7.07391, 37.29174], [-7.07095, 37.30348], [-7.07545, 37.32222], [-7.0859, 37.34889], [-7.10209, 37.37179]]]}}, {"type": "Feature", "properties": {"ine_code": "21036", "name": "La Granada de Río-Tinto", "province": "Huelva"}, "geometry": {"type": "Polygon", "coordinates": [[[-6.48304, 37.72082], [-6.4873, 37.72749], [-6.50636, 37.73804], [-6.51651, 37.7368], [-6.52499, 37.7427], [-6.5317, 37.74323], [-6.53798, 37.7382], [-6.55733, 37.73742], [-6.54306, 37.75859], [-6.53449, 37.76217], [-6.53051, 37.76848], [-6.52971, 37.77524], [-6.53382, 37.78599], [-6.54552, 37.79033], [-6.54897, 37.79794], [-6.53343, 37.80454], [-6.53562, 37.80691], [-6.53308, 37.8104], [-6.52709, 37.8079], [-6.49889, 37.8108], [-6.4749, 37.80833], [-6.47333, 37.79869], [-6.47838, 37.79085], [-6.47082, 37.7772], [-6.48046, 37.7761], [-6.48483, 37.76993], [-6.48062, 37.76434], [-6.4802, 37.74619], [-6.47604, 37.74457], [-6.4841, 37.73132], [-6.48304, 37.72082]]]}}, {"type": "Feature", "properties": {"ine_code": "21037", "name": "El Granado", "province": "Huelva"}, "geometry": {"type": "Polygon", "coordinates": [[[-7.50106, 37.57852], [-7.48858, 37.57977], [-7.48478, 37.57869], [-7.48716, 37.57732], [-7.48528, 37.57438], [-7.40901, 37.55376], [-7.41209, 37.54866], [-7.40786, 37.54279], [-7.40596, 37.52839], [-7.39885, 37.52656], [-7.39781, 37.51521], [-7.33524, 37.50549], [-7.32946, 37.49278], [-7.32968, 37.47442], [-7.3192, 37.46269], [-7.3499, 37.43783], [-7.35342, 37.43061], [-7.34366, 37.42063], [-7.36014, 37.42253], [-7.37457, 37.43041], [-7.3476, 37.45561], [-7.35625, 37.48397], [-7.36834, 37.48173], [-7.36976, 37.48707], [-7.37716, 37.48904], [-7.38781, 37.48632], [-7.38727, 37.49032], [-7.39297, 37.49342], [-7.40017, 37.49095], [-7.42332, 37.49252], [-7.42284, 37.50562], [-7.43975, 37.50965], [-7.44118, 37.50417], [-7.45612, 37.50324], [-7.4589, 37.49711], [-7.45711, 37.49512], [-7.4657, 37.49], [-7.48422, 37.4982], [-7.49107, 37.50938], [-7.49284, 37.52268], [-7.51127, 37.52438], [-7.5123, 37.53778], [-7.52004, 37.54742], [-7.5226, 37.55664], [-7.51225, 37.56023], [-7.50699, 37.5571], [-7.5076, 37.567], [-7.51386, 37.56591], [-7.51588, 37.56942], [-7.50106, 37.57852]]]}}, {"type": "Feature", "properties": {"ine_code": "21038", "name": "Higuera de la Sierra", "province": "Huelva"}, "geometry": {"type": "Polygon", "coordinates": [[[-6.47536, 37.82038], [-6.47387, 37.83343], [-6.47694, 37.84876], [-6.45705, 37.85893], [-6.44111, 37.85535], [-6.43273, 37.8575], [-6.41844, 37.85353], [-6.41966, 37.82958], [-6.40979, 37.82386], [-6.40894, 37.81235], [-6.42248, 37.81061], [-6.42703, 37.81401], [-6.43808, 37.81157], [-6.44477, 37.81411], [-6.46356, 37.81184], [-6.47536, 37.82038]]]}}, {"type": "Feature", "properties": {"ine_code": "21039", "name": "Hinojales", "province": "Huelva"}, "geometry": {"type": "Polygon", "coordinates": [[[-6.62064, 37.99294], [-6.6228, 38.0001], [-6.60666, 38.0125], [-6.60032, 38.02292], [-6.58474, 38.0266], [-6.58611, 38.02374], [-6.58233, 38.02085], [-6.55901, 38.02183], [-6.55282, 38.01836], [-6.5466, 38.01429], [-6.52845, 37.9875], [-6.50024, 37.97209], [-6.54307, 37.98387], [-6.60002, 37.99156], [-6.61226, 37.98834], [-6.62064, 37.99294]]]}}, {"type": "Feature", "properties": {"ine_code": "21040", "name": "Hinojos", "province": "Huelva"}, "geometry": {"type": "Polygon", "coordinates": [[[-6.47223, 37.33053], [-6.4685, 37.33583], [-6.48702, 37.34643], [-6.4874, 37.35018], [-6.46941, 37.37191], [-6.44747, 37.36323], [-6.45321, 37.35792], [-6.45715, 37.34195], [-6.44994, 37.34009], [-6.44038, 37.33099], [-6.42346, 37.32163], [-6.42, 37.31987], [-6.40812, 37.33351], [-6.39204, 37.34276], [-6.34552, 37.314], [-6.33297, 37.29863], [-6.34255, 37.28103], [-6.33708, 37.27474], [-6.34973, 37.26517], [-6.35433, 37.2555], [-6.35124, 37.24961], [-6.35985, 37.2381], [-6.34525, 37.21828], [-6.35338, 37.19894], [-6.35056, 37.18056], [-6.33612, 37.16962], [-6.35967, 37.13843], [-6.34318, 37.12801], [-6.34236, 37.12298], [-6.36009, 37.11729], [-6.35631, 37.11064], [-6.37663, 37.09759], [-6.38615, 37.08039], [-6.3787, 37.04442], [-6.35925, 37.00618], [-6.35394, 36.98849], [-6.36117, 36.9719], [-6.35972, 36.95972], [-6.36381, 36.9458], [-6.37649, 36.93483], [-6.41334, 36.97404], [-6.42365, 36.98914], [-6.43203, 37.01053], [-6.43075, 37.02673], [-6.4229, 37.04115], [-6.43621, 37.06716], [-6.4353, 37.07386], [-6.44023, 37.07996], [-6.43395, 37.08666], [-6.43397, 37.10061], [-6.43769, 37.10427], [-6.4481, 37.10327], [-6.46526, 37.1174], [-6.45975, 37.12461], [-6.46331, 37.13323], [-6.45811, 37.1437], [-6.46168, 37.16004], [-6.45939, 37.1661], [-6.46224, 37.17121], [-6.45629, 37.1792], [-6.45983, 37.18613], [-6.46034, 37.19853], [-6.44817, 37.21371], [-6.43225, 37.22248], [-6.42206, 37.25997], [-6.41873, 37.26255], [-6.42352, 37.27618], [-6.43582, 37.28708], [-6.44819, 37.2923], [-6.46022, 37.30567], [-6.46597, 37.31388], [-6.46729, 37.32528], [-6.47223, 37.33053]]]}}, {"type": "Feature", "properties": {"ine_code": "21041", "name": "Huelva", "province": "Huelva"}, "geometry": {"type": "Polygon", "coordinates": [[[-7.0059, 37.23255], [-7.00019, 37.25831], [-6.99278, 37.26116], [-6.98574, 37.26932], [-6.9743, 37.2636], [-6.97205, 37.26566], [-6.98241, 37.27475], [-6.98177, 37.28029], [-6.97593, 37.2862], [-6.9795, 37.3079], [-6.94699, 37.34024], [-6.9347, 37.33928], [-6.92686, 37.35576], [-6.91687, 37.35821], [-6.91257, 37.36598], [-6.90669, 37.36693], [-6.8923, 37.35463], [-6.86367, 37.31697], [-6.85616, 37.31129], [-6.85262, 37.30478], [-6.85803, 37.29915], [-6.8524, 37.29283], [-6.85068, 37.2838], [-6.87041, 37.2728], [-6.88042, 37.26031], [-6.90652, 37.24103], [-6.94192, 37.207], [-6.94052, 37.20118], [-6.93277, 37.18592], [-6.91869, 37.17373], [-6.92161, 37.16998], [-6.91565, 37.1629], [-6.88918, 37.14593], [-6.853, 37.13188], [-6.83762, 37.11682], [-6.83212, 37.10798], [-6.84041, 37.1195], [-6.85283, 37.129], [-6.94483, 37.17051], [-6.94786, 37.17659], [-6.95177, 37.1762], [-6.96113, 37.18567], [-6.98582, 37.22402], [-7.0059, 37.23255]]]}}, {"type": "Feature", "properties": {"ine_code": "21042", "name": "Isla Cristina", "province": "Huelva"}, "geometry": {"type": "Polygon", "coordinates": [[[-7.23069, 37.20343], [-7.28644, 37.19929], [-7.33087, 37.18669], [-7.3289, 37.18513], [-7.32729, 37.18348], [-7.33171, 37.18561], [-7.33757, 37.18994], [-7.33062, 37.19806], [-7.33086, 37.20586], [-7.3335, 37.20956], [-7.34157, 37.21095], [-7.34266, 37.21485], [-7.32833, 37.22337], [-7.31462, 37.22005], [-7.31195, 37.22991], [-7.3158, 37.24507], [-7.33026, 37.2556], [-7.33526, 37.26462], [-7.33154, 37.26074], [-7.31369, 37.2633], [-7.29941, 37.25896], [-7.28081, 37.26484], [-7.25844, 37.25071], [-7.24271, 37.23386], [-7.23278, 37.22098], [-7.23069, 37.20343]]]}}, {"type": "Feature", "properties": {"ine_code": "21043", "name": "Jabugo", "province": "Huelva"}, "geometry": {"type": "Polygon", "coordinates": [[[-6.79812, 37.91156], [-6.80069, 37.91766], [-6.79799, 37.92295], [-6.78058, 37.92539], [-6.77572, 37.93257], [-6.76777, 37.93558], [-6.74566, 37.93225], [-6.74713, 37.92916], [-6.74447, 37.92638], [-6.72199, 37.93087], [-6.71647, 37.92516], [-6.71978, 37.91831], [-6.71712, 37.89425], [-6.70487, 37.88472], [-6.72147, 37.88786], [-6.726, 37.88462], [-6.73155, 37.88941], [-6.74497, 37.88936], [-6.76238, 37.90014], [-6.77009, 37.91105], [-6.78079, 37.90616], [-6.78996, 37.9114], [-6.79812, 37.91156]]]}}, {"type": "Feature", "properties": {"ine_code": "21044", "name": "Lepe", "province": "Huelva"}, "geometry": {"type": "Polygon", "coordinates": [[[-7.2906, 37.34269], [-7.30656, 37.35456], [-7.30454, 37.36437], [-7.30851, 37.37122], [-7.30515, 37.38478], [-7.29816, 37.38785], [-7.27086, 37.385], [-7.26808, 37.38028], [-7.27451, 37.37079], [-7.2649, 37.37119], [-7.26704, 37.36468], [-7.26077, 37.36269], [-7.25953, 37.35445], [-7.2464, 37.35166], [-7.24409, 37.34498], [-7.23679, 37.34315], [-7.23705, 37.33853], [-7.22356, 37.32401], [-7.20637, 37.31654], [-7.18094, 37.2958], [-7.17999, 37.29152], [-7.17125, 37.29023], [-7.17936, 37.27927], [-7.17074, 37.26289], [-7.16219, 37.26209], [-7.16733, 37.23033], [-7.17202, 37.22224], [-7.16526, 37.21441], [-7.15408, 37.21146], [-7.13146, 37.21529], [-7.06362, 37.20907], [-7.07252, 37.20577], [-7.14566, 37.20793], [-7.23069, 37.20343], [-7.23278, 37.22098], [-7.24271, 37.23386], [-7.25844, 37.25071], [-7.28081, 37.26484], [-7.27259, 37.29105], [-7.25908, 37.30654], [-7.26149, 37.32299], [-7.2795, 37.34025], [-7.2906, 37.34269]]]}}, {"type": "Feature", "properties": {"ine_code": "21045", "name": "Linares de la Sierra", "province": "Huelva"}, "geometry": {"type": "Polygon", "coordinates": [[[-6.64052, 37.88598], [-6.61471, 37.89396], [-6.59813, 37.89145], [-6.59642, 37.87559], [-6.59047, 37.87394], [-6.58851, 37.86988], [-6.5891, 37.85698], [-6.57813, 37.8422], [-6.58117, 37.82402], [-6.58522, 37.82421], [-6.59973, 37.81367], [-6.61862, 37.81355], [-6.62407, 37.8254], [-6.61683, 37.82985], [-6.61647, 37.84183], [-6.62451, 37.86368], [-6.63606, 37.87181], [-6.64052, 37.88598]]]}}, {"type": "Feature", "properties": {"ine_code": "21046", "name": "Lucena del Puerto", "province": "Huelva"}, "geometry": {"type": "Polygon", "coordinates": [[[-6.72977, 37.08991], [-6.74083, 37.13675], [-6.75283, 37.1598], [-6.7515, 37.2002], [-6.75396, 37.23768], [-6.75946, 37.24935], [-6.75937, 37.26679], [-6.76949, 37.28208], [-6.77359, 37.28172], [-6.77284, 37.28496], [-6.769, 37.28532], [-6.77467, 37.28939], [-6.77472, 37.29557], [-6.7793, 37.29803], [-6.77946, 37.30277], [-6.75851, 37.30899], [-6.74989, 37.31681], [-6.72282, 37.32884], [-6.70195, 37.29862], [-6.6898, 37.29778], [-6.69058, 37.29267], [-6.69761, 37.2923], [-6.70133, 37.28776], [-6.7002, 37.27895], [-6.71514, 37.25059], [-6.7056, 37.24239], [-6.74295, 37.2112], [-6.73446, 37.20686], [-6.73098, 37.19908], [-6.72391, 37.19678], [-6.73232, 37.18988], [-6.73845, 37.15888], [-6.73651, 37.13841], [-6.7228, 37.10136], [-6.72977, 37.08991]]]}}, {"type": "Feature", "properties": {"ine_code": "21047", "name": "Manzanilla", "province": "Huelva"}, "geometry": {"type": "Polygon", "coordinates": [[[-6.50532, 37.45966], [-6.49266, 37.46193], [-6.47231, 37.45727], [-6.46566, 37.44683], [-6.45638, 37.44666], [-6.4497, 37.42066], [-6.44536, 37.41985], [-6.44701, 37.41015], [-6.416, 37.40136], [-6.41155, 37.39501], [-6.39271, 37.38624], [-6.4006, 37.37181], [-6.41671, 37.35703], [-6.44119, 37.3684], [-6.44747, 37.36323], [-6.47205, 37.37292], [-6.47167, 37.38019], [-6.45275, 37.40348], [-6.46515, 37.41649], [-6.48492, 37.42913], [-6.50532, 37.45966]]]}}, {"type": "Feature", "properties": {"ine_code": "21048", "name": "Los Marines", "province": "Huelva"}, "geometry": {"type": "Polygon", "coordinates": [[[-6.64788, 37.889], [-6.64194, 37.89203], [-6.63881, 37.9017], [-6.64115, 37.9054], [-6.63974, 37.91249], [-6.64568, 37.92305], [-6.64186, 37.9189], [-6.61435, 37.90961], [-6.61082, 37.90983], [-6.60747, 37.91557], [-6.59742, 37.91482], [-6.60127, 37.90778], [-6.59925, 37.90515], [-6.58767, 37.90358], [-6.59524, 37.90338], [-6.59813, 37.89145], [-6.61471, 37.89396], [-6.64052, 37.88598], [-6.64725, 37.88631], [-6.64788, 37.889]]]}}, {"type": "Feature", "properties": {"ine_code": "21049", "name": "Minas de Riotinto", "province": "Huelva"}, "geometry": {"type": "Polygon", "coordinates": [[[-6.53609, 37.65098], [-6.53761, 37.6491], [-6.5417, 37.65028], [-6.55099, 37.6651], [-6.57042, 37.66945], [-6.56795, 37.67362], [-6.57916, 37.67795], [-6.58382, 37.68629], [-6.61109, 37.6939], [-6.62319, 37.71579], [-6.62085, 37.72047], [-6.61208, 37.72327], [-6.60548, 37.72083], [-6.59802, 37.72648], [-6.59496, 37.72524], [-6.5934, 37.72865], [-6.57514, 37.72463], [-6.55825, 37.70145], [-6.56114, 37.69012], [-6.55539, 37.68352], [-6.56155, 37.67156], [-6.55123, 37.67345], [-6.55001, 37.66833], [-6.54195, 37.66518], [-6.54343, 37.65697], [-6.54049, 37.6515], [-6.53609, 37.65098]]]}}, {"type": "Feature", "properties": {"ine_code": "21050", "name": "Moguer", "province": "Huelva"}, "geometry": {"type": "Polygon", "coordinates": [[[-6.89602, 37.24969], [-6.88777, 37.25397], [-6.87166, 37.27036], [-6.85014, 37.28279], [-6.84959, 37.29224], [-6.85671, 37.29916], [-6.85376, 37.30347], [-6.84649, 37.30306], [-6.84228, 37.29651], [-6.82753, 37.30195], [-6.8195, 37.31229], [-6.8059, 37.31021], [-6.80261, 37.30463], [-6.79789, 37.30881], [-6.78628, 37.31091], [-6.77905, 37.30717], [-6.7793, 37.29803], [-6.77515, 37.29628], [-6.77467, 37.28939], [-6.769, 37.28532], [-6.77284, 37.28496], [-6.77359, 37.28172], [-6.76949, 37.28208], [-6.75937, 37.26679], [-6.75946, 37.24935], [-6.75396, 37.23768], [-6.7515, 37.2002], [-6.75283, 37.1598], [-6.74083, 37.13675], [-6.72977, 37.08991], [-6.7998, 37.12439], [-6.86245, 37.14972], [-6.86534, 37.15475], [-6.86769, 37.19117], [-6.87307, 37.20821], [-6.87148, 37.22457], [-6.8812, 37.23923], [-6.89602, 37.24969]]]}}, {"type": "Feature", "properties": {"ine_code": "21051", "name": "La Nava", "province": "Huelva"}, "geometry": {"type": "Polygon", "coordinates": [[[-6.81458, 37.96347], [-6.81221, 37.96738], [-6.82101, 37.97715], [-6.81732, 37.9836], [-6.82073, 37.98847], [-6.81791, 37.99084], [-6.82026, 37.99464], [-6.8119, 37.99533], [-6.79669, 38.00662], [-6.79109, 38.0032], [-6.78603, 38.00463], [-6.78322, 38.01311], [-6.75926, 38.01185], [-6.75329, 38.00399], [-6.74098, 38.00566], [-6.72958, 37.99884], [-6.72229, 38.00194], [-6.72163, 37.99662], [-6.72595, 37.99287], [-6.71755, 37.99015], [-6.71783, 37.98647], [-6.70909, 37.98335], [-6.70074, 37.9754], [-6.70093, 37.96245], [-6.69599, 37.95882], [-6.70126, 37.95394], [-6.71052, 37.95471], [-6.71118, 37.94999], [-6.71815, 37.94591], [-6.72691, 37.92992], [-6.74447, 37.92638], [-6.74796, 37.93731], [-6.74174, 37.94132], [-6.74311, 37.94569], [-6.75672, 37.94984], [-6.76763, 37.94567], [-6.77687, 37.94723], [-6.79194, 37.95293], [-6.80415, 37.96464], [-6.81458, 37.96347]]]}}, {"type": "Feature", "properties": {"ine_code": "21052", "name": "Nerva", "province": "Huelva"}, "geometry": {"type": "Polygon", "coordinates": [[[-6.58813, 37.72881], [-6.58336, 37.73002], [-6.58659, 37.73544], [-6.58518, 37.74271], [-6.55733, 37.73742], [-6.53798, 37.7382], [-6.5317, 37.74323], [-6.52499, 37.7427], [-6.51651, 37.7368], [-6.50636, 37.73804], [-6.4873, 37.72749], [-6.47336, 37.70936], [-6.47942, 37.71101], [-6.47975, 37.70486], [-6.48547, 37.69682], [-6.49125, 37.69651], [-6.49306, 37.6885], [-6.5013, 37.68885], [-6.4978, 37.6828], [-6.50196, 37.66673], [-6.50852, 37.66838], [-6.51899, 37.66197], [-6.52549, 37.66425], [-6.5385, 37.65064], [-6.5434, 37.65669], [-6.54223, 37.66549], [-6.55001, 37.66833], [-6.55149, 37.67355], [-6.56186, 37.67225], [-6.55539, 37.68352], [-6.56111, 37.68992], [-6.55822, 37.70097], [-6.56005, 37.70565], [-6.57514, 37.72463], [-6.58813, 37.72881]]]}}, {"type": "Feature", "properties": {"ine_code": "21053", "name": "Niebla", "province": "Huelva"}, "geometry": {"type": "Polygon", "coordinates": [[[-6.7746, 37.30268], [-6.78305, 37.30971], [-6.78119, 37.31398], [-6.76812, 37.31551], [-6.75159, 37.32588], [-6.75263, 37.33026], [-6.75756, 37.33155], [-6.75668, 37.33547], [-6.7542, 37.34372], [-6.74614, 37.34728], [-6.74451, 37.35399], [-6.74688, 37.35759], [-6.74285, 37.36044], [-6.74366, 37.36922], [-6.73607, 37.39004], [-6.73534, 37.40026], [-6.73946, 37.40363], [-6.73065, 37.41676], [-6.73675, 37.42582], [-6.73628, 37.43091], [-6.74649, 37.43861], [-6.75992, 37.44239], [-6.765, 37.45194], [-6.76888, 37.45153], [-6.76198, 37.47671], [-6.76489, 37.49202], [-6.7542, 37.49332], [-6.75131, 37.4982], [-6.72955, 37.49923], [-6.71773, 37.50943], [-6.70493, 37.51238], [-6.69541, 37.51072], [-6.68664, 37.51574], [-6.68088, 37.50842], [-6.6702, 37.51081], [-6.66515, 37.52251], [-6.66685, 37.52864], [-6.66397, 37.53041], [-6.64573, 37.52736], [-6.63764, 37.52909], [-6.63523, 37.52252], [-6.6196, 37.51678], [-6.62441, 37.50806], [-6.62273, 37.50484], [-6.6195, 37.5065], [-6.61852, 37.51301], [-6.61261, 37.51621], [-6.60143, 37.51027], [-6.58814, 37.51404], [-6.58463, 37.51708], [-6.59281, 37.51974], [-6.59038, 37.52592], [-6.57505, 37.51201], [-6.56981, 37.51491], [-6.56951, 37.50682], [-6.57434, 37.50936], [-6.57459, 37.49559], [-6.5784, 37.49301], [-6.56995, 37.48977], [-6.57108, 37.47271], [-6.57418, 37.46952], [-6.57146, 37.46747], [-6.57644, 37.45607], [-6.57155, 37.45183], [-6.5816, 37.44785], [-6.5863, 37.43737], [-6.59393, 37.4336], [-6.60292, 37.43471], [-6.60981, 37.42414], [-6.61116, 37.44338], [-6.62063, 37.45324], [-6.63201, 37.45896], [-6.65244, 37.452], [-6.66419, 37.44379], [-6.6655, 37.43975], [-6.67627, 37.43888], [-6.68056, 37.43478], [-6.67572, 37.39558], [-6.66454, 37.38847], [-6.66389, 37.38322], [-6.63356, 37.36622], [-6.6312, 37.35432], [-6.61936, 37.34619], [-6.62243, 37.33468], [-6.63252, 37.33581], [-6.63895, 37.3246], [-6.67098, 37.33168], [-6.67652, 37.34442], [-6.69481, 37.34244], [-6.70331, 37.34562], [-6.70747, 37.34283], [-6.70762, 37.34679], [-6.7155, 37.32929], [-6.72673, 37.32842], [-6.74989, 37.31681], [-6.75851, 37.30899], [-6.76727, 37.30833], [-6.7746, 37.30268]]]}}, {"type": "Feature", "properties": {"ine_code": "21054", "name": "La Palma del Condado", "province": "Huelva"}, "geometry": {"type": "Polygon", "coordinates": [[[-6.60458, 37.42937], [-6.60236, 37.43499], [-6.59393, 37.4336], [-6.58486, 37.43854], [-6.5816, 37.44785], [-6.5716, 37.4517], [-6.57499, 37.45454], [-6.54406, 37.46009], [-6.54498, 37.45008], [-6.53474, 37.42532], [-6.51882, 37.39871], [-6.5041, 37.35783], [-6.52173, 37.36184], [-6.55116, 37.35598], [-6.56654, 37.35935], [-6.56835, 37.35658], [-6.57898, 37.3623], [-6.58366, 37.36953], [-6.58229, 37.37456], [-6.59377, 37.41479], [-6.5985, 37.42487], [-6.60458, 37.42937]]]}}, {"type": "Feature", "properties": {"ine_code": "21055", "name": "Palos de la Frontera", "province": "Huelva"}, "geometry": {"type": "Polygon", "coordinates": [[[-6.77571, 37.11205], [-6.80531, 37.12432], [-6.83048, 37.12858], [-6.83641, 37.13147], [-6.83049, 37.12925], [-6.8285, 37.13179], [-6.83478, 37.13243], [-6.83477, 37.13557], [-6.87425, 37.14834], [-6.89614, 37.16228], [-6.89874, 37.16079], [-6.89908, 37.16469], [-6.90513, 37.16809], [-6.90453, 37.16548], [-6.90881, 37.16788], [-6.90542, 37.16844], [-6.91261, 37.17023], [-6.91011, 37.17108], [-6.91668, 37.1763], [-6.91869, 37.17373], [-6.93011, 37.18291], [-6.94192, 37.207], [-6.89602, 37.24969], [-6.8812, 37.23923], [-6.87148, 37.22457], [-6.87307, 37.20821], [-6.86769, 37.19117], [-6.86534, 37.15475], [-6.86245, 37.14972], [-6.77571, 37.11205]]]}}, {"type": "Feature", "properties": {"ine_code": "21056", "name": "Paterna del Campo", "province": "Huelva"}, "geometry": {"type": "Polygon", "coordinates": [[[-6.58897, 37.5255], [-6.58053, 37.52685], [-6.5815, 37.53511], [-6.57597, 37.53352], [-6.57221, 37.52887], [-6.52396, 37.51554], [-6.52444, 37.50559], [-6.51324, 37.50304], [-6.49491, 37.50336], [-6.46932, 37.51047], [-6.46277, 37.51571], [-6.45657, 37.51602], [-6.45394, 37.52323], [-6.42468, 37.49308], [-6.41275, 37.49998], [-6.39645, 37.501], [-6.38452, 37.49411], [-6.3807, 37.4782], [-6.37049, 37.45688], [-6.35944, 37.44258], [-6.36714, 37.44067], [-6.39586, 37.41871], [-6.40632, 37.41467], [-6.41428, 37.3995], [-6.44701, 37.41015], [-6.44536, 37.41985], [-6.4497, 37.42066], [-6.45638, 37.44666], [-6.46566, 37.44683], [-6.47231, 37.45727], [-6.49266, 37.46193], [-6.50532, 37.45966], [-6.50617, 37.46587], [-6.5105, 37.4671], [-6.52842, 37.46666], [-6.54406, 37.46009], [-6.57499, 37.45454], [-6.56991, 37.48943], [-6.5784, 37.49301], [-6.57459, 37.49559], [-6.57434, 37.50936], [-6.56966, 37.50672], [-6.56779, 37.51249], [-6.57146, 37.51553], [-6.57505, 37.51201], [-6.58897, 37.5255]]]}}, {"type": "Feature", "properties": {"ine_code": "21057", "name": "Paymogo", "province": "Huelva"}, "geometry": {"type": "Polygon", "coordinates": [[[-7.43915, 37.70109], [-7.43641, 37.7178], [-7.43157, 37.72019], [-7.42635, 37.73393], [-7.42858, 37.74097], [-7.41838, 37.74466], [-7.42271, 37.75489], [-7.42111, 37.75924], [-7.41373, 37.75945], [-7.4076, 37.76717], [-7.39664, 37.76395], [-7.39093, 37.77124], [-7.38267, 37.77483], [-7.37776, 37.78314], [-7.36895, 37.78701], [-7.36638, 37.79283], [-7.32513, 37.81532], [-7.30984, 37.83637], [-7.30062, 37.84293], [-7.27319, 37.83344], [-7.26167, 37.80297], [-7.26437, 37.79927], [-7.25862, 37.78868], [-7.25744, 37.77597], [-7.24512, 37.77006], [-7.21823, 37.74479], [-7.20486, 37.7367], [-7.20086, 37.70512], [-7.20248, 37.69481], [-7.2247, 37.69629], [-7.22983, 37.69363], [-7.23503, 37.69619], [-7.23377, 37.70123], [-7.23983, 37.69914], [-7.23786, 37.69593], [-7.24262, 37.69437], [-7.24818, 37.70277], [-7.2599, 37.69725], [-7.35285, 37.67984], [-7.35499, 37.69171], [-7.36815, 37.69686], [-7.40212, 37.70219], [-7.41938, 37.69799], [-7.43915, 37.70109]]]}}, {"type": "Feature", "properties": {"ine_code": "21058", "name": "Puebla de Guzmán", "province": "Huelva"}, "geometry": {"type": "Polygon", "coordinates": [[[-7.23201, 37.54226], [-7.26707, 37.55282], [-7.30986, 37.55976], [-7.31288, 37.57011], [-7.30824, 37.57396], [-7.31576, 37.5737], [-7.32271, 37.58573], [-7.32768, 37.58572], [-7.32949, 37.59372], [-7.33941, 37.58463], [-7.34261, 37.58855], [-7.3396, 37.59669], [-7.34877, 37.59554], [-7.34727, 37.60079], [-7.3512, 37.60353], [-7.3547, 37.59768], [-7.36423, 37.60301], [-7.36496, 37.60776], [-7.36869, 37.60544], [-7.37422, 37.60808], [-7.38171, 37.60354], [-7.38575, 37.61506], [-7.39031, 37.61588], [-7.39011, 37.62004], [-7.39212, 37.61607], [-7.40109, 37.61283], [-7.40097, 37.60811], [-7.40882, 37.61082], [-7.41175, 37.60645], [-7.41723, 37.60804], [-7.42168, 37.60488], [-7.42201, 37.60952], [-7.43066, 37.6115], [-7.43292, 37.60377], [-7.45146, 37.60519], [-7.45388, 37.59798], [-7.45821, 37.59609], [-7.46186, 37.59738], [-7.46275, 37.60183], [-7.46923, 37.60289], [-7.476, 37.59384], [-7.48953, 37.59241], [-7.50112, 37.58381], [-7.4963, 37.59441], [-7.50397, 37.6044], [-7.49731, 37.60702], [-7.48938, 37.60357], [-7.48631, 37.61226], [-7.47987, 37.61847], [-7.48244, 37.62388], [-7.47047, 37.62491], [-7.47131, 37.63433], [-7.46351, 37.64259], [-7.46734, 37.64943], [-7.45342, 37.64746], [-7.45487, 37.65418], [-7.45134, 37.65843], [-7.45572, 37.66235], [-7.44368, 37.66467], [-7.45259, 37.67763], [-7.44404, 37.68746], [-7.44789, 37.69745], [-7.44354, 37.7021], [-7.44095, 37.69957], [-7.42767, 37.70124], [-7.41938, 37.69799], [-7.40212, 37.70219], [-7.36815, 37.69686], [-7.35499, 37.69171], [-7.35285, 37.67984], [-7.2599, 37.69725], [-7.24818, 37.70277], [-7.24194, 37.69429], [-7.23786, 37.69593], [-7.23983, 37.69914], [-7.23468, 37.70117], [-7.23194, 37.70033], [-7.23452, 37.6953], [-7.22983, 37.69363], [-7.2247, 37.69629], [-7.20114, 37.6949], [-7.19697, 37.6977], [-7.19387, 37.69214], [-7.19525, 37.68856], [-7.18972, 37.69027], [-7.18694, 37.68531], [-7.18254, 37.69281], [-7.18352, 37.6978], [-7.17351, 37.69496], [-7.17163, 37.70215], [-7.16647, 37.6959], [-7.15705, 37.69828], [-7.15682, 37.69274], [-7.15109, 37.68484], [-7.14622, 37.68759], [-7.14145, 37.6846], [-7.14742, 37.67674], [-7.13694, 37.67708], [-7.13264, 37.67347], [-7.12332, 37.67609], [-7.1347, 37.67227], [-7.14735, 37.6624], [-7.15546, 37.66246], [-7.15273, 37.64494], [-7.16476, 37.64274], [-7.16941, 37.63817], [-7.17706, 37.59707], [-7.1843, 37.59326], [-7.18642, 37.5837], [-7.19372, 37.57574], [-7.21056, 37.56476], [-7.21191, 37.55726], [-7.23201, 37.54226]]]}}, {"type": "Feature", "properties": {"ine_code": "21059", "name": "Puerto Moral", "province": "Huelva"}, "geometry": {"type": "Polygon", "coordinates": [[[-6.49701, 37.88461], [-6.484, 37.89654], [-6.48738, 37.89872], [-6.48577, 37.90331], [-6.47059, 37.91289], [-6.47831, 37.91964], [-6.4706, 37.92861], [-6.46392, 37.92528], [-6.46055, 37.9147], [-6.45163, 37.91134], [-6.45228, 37.90174], [-6.44487, 37.903], [-6.43704, 37.89912], [-6.44302, 37.87863], [-6.45008, 37.8744], [-6.45234, 37.86617], [-6.46248, 37.8655], [-6.47449, 37.87191], [-6.48121, 37.87187], [-6.49119, 37.87655], [-6.49701, 37.88461]]]}}, {"type": "Feature", "properties": {"ine_code": "21060", "name": "Punta Umbría", "province": "Huelva"}, "geometry": {"type": "Polygon", "coordinates": [[[-7.05304, 37.20927], [-7.05332, 37.22106], [-7.06292, 37.22957], [-7.06357, 37.23394], [-7.07482, 37.23575], [-7.08065, 37.24643], [-7.06277, 37.25386], [-7.06007, 37.25841], [-7.05394, 37.25322], [-7.03767, 37.24785], [-7.0312, 37.23913], [-6.98735, 37.22532], [-6.96113, 37.18567], [-6.94873, 37.17203], [-6.94738, 37.1689], [-6.9478, 37.16562], [-7.01488, 37.19884], [-7.05304, 37.20927]]]}}, {"type": "Feature", "properties": {"ine_code": "21061", "name": "Rociana del Condado", "province": "Huelva"}, "geometry": {"type": "Polygon", "coordinates": [[[-6.55891, 37.29094], [-6.61297, 37.25269], [-6.63943, 37.24053], [-6.66808, 37.23375], [-6.67223, 37.24759], [-6.67034, 37.26026], [-6.65694, 37.28558], [-6.65376, 37.30293], [-6.63917, 37.32138], [-6.63271, 37.33569], [-6.62243, 37.33468], [-6.62088, 37.33695], [-6.61936, 37.34619], [-6.62264, 37.34845], [-6.61427, 37.34938], [-6.60501, 37.34513], [-6.5641, 37.31768], [-6.55891, 37.29094]]]}}, {"type": "Feature", "properties": {"ine_code": "21062", "name": "Rosal de la Frontera", "province": "Huelva"}, "geometry": {"type": "Polygon", "coordinates": [[[-7.28659, 37.86552], [-7.27957, 37.87643], [-7.28222, 37.89769], [-7.27363, 37.89907], [-7.27409, 37.90448], [-7.26956, 37.90631], [-7.26796, 37.91258], [-7.26143, 37.91815], [-7.26196, 37.92432], [-7.25485, 37.92317], [-7.2577, 37.93308], [-7.25318, 37.93847], [-7.25459, 37.9463], [-7.24826, 37.95477], [-7.2518, 37.95998], [-7.24968, 37.96689], [-7.26244, 37.97986], [-7.25004, 37.98564], [-7.24569, 37.99219], [-7.23065, 37.99151], [-7.22672, 37.98812], [-7.216, 37.99596], [-7.20572, 37.99765], [-7.20698, 38.00029], [-7.20227, 38.00343], [-7.19305, 38.00072], [-7.18705, 38.00273], [-7.18396, 37.99657], [-7.17741, 37.99839], [-7.17345, 37.99283], [-7.16489, 37.99586], [-7.15623, 37.99402], [-7.14514, 38.00294], [-7.13293, 37.99997], [-7.12067, 38.00463], [-7.12911, 38.01075], [-7.12769, 38.01968], [-7.132, 38.02155], [-7.1249, 38.02512], [-7.12838, 38.02955], [-7.12089, 38.03305], [-7.11604, 38.03183], [-7.11557, 38.03623], [-7.1108, 38.03619], [-7.10829, 38.04093], [-7.09871, 38.04388], [-7.09339, 38.04182], [-7.11856, 37.99304], [-7.12004, 37.97107], [-7.12846, 37.95989], [-7.12176, 37.94224], [-7.1236, 37.93885], [-7.1196, 37.92822], [-7.11927, 37.91479], [-7.12966, 37.87295], [-7.12488, 37.86093], [-7.12526, 37.8471], [-7.12807, 37.84332], [-7.12238, 37.83297], [-7.12538, 37.82687], [-7.13741, 37.842], [-7.15505, 37.84518], [-7.15626, 37.84807], [-7.18485, 37.85153], [-7.19037, 37.84976], [-7.20522, 37.85423], [-7.21019, 37.85016], [-7.22696, 37.85433], [-7.23378, 37.85159], [-7.23924, 37.85249], [-7.24851, 37.86085], [-7.25393, 37.85879], [-7.25768, 37.86145], [-7.25914, 37.85911], [-7.26359, 37.86236], [-7.27576, 37.85954], [-7.2804, 37.86553], [-7.28173, 37.86264], [-7.28659, 37.86552]]]}}, {"type": "Feature", "properties": {"ine_code": "21063", "name": "San Bartolomé de la Torre", "province": "Huelva"}, "geometry": {"type": "Polygon", "coordinates": [[[-7.0873, 37.47314], [-7.08066, 37.46352], [-7.06481, 37.46298], [-7.05481, 37.45817], [-7.04502, 37.42948], [-7.07194, 37.41411], [-7.08088, 37.39357], [-7.08728, 37.39113], [-7.13768, 37.3988], [-7.14519, 37.42456], [-7.14356, 37.4391], [-7.13467, 37.442], [-7.12954, 37.44953], [-7.12364, 37.46534], [-7.12604, 37.47258], [-7.12296, 37.47713], [-7.10378, 37.47557], [-7.09336, 37.46997], [-7.0873, 37.47314]]]}}, {"type": "Feature", "properties": {"ine_code": "21064", "name": "San Juan del Puerto", "province": "Huelva"}, "geometry": {"type": "MultiPolygon", "coordinates": [[[[-6.79321, 37.30989], [-6.78893, 37.32861], [-6.78393, 37.33426], [-6.7679, 37.33635], [-6.75191, 37.3291], [-6.75523, 37.32147], [-6.77537, 37.31302], [-6.78119, 37.31398], [-6.78181, 37.3095], [-6.79321, 37.30989]]], [[[-6.8798, 37.26368], [-6.87041, 37.2728], [-6.85088, 37.2834], [-6.8524, 37.29283], [-6.85803, 37.29915], [-6.85569, 37.30273], [-6.85262, 37.30478], [-6.8923, 37.35463], [-6.90576, 37.366], [-6.88944, 37.36604], [-6.87006, 37.37443], [-6.86481, 37.38017], [-6.86603, 37.3875], [-6.86299, 37.39434], [-6.85534, 37.40361], [-6.85537, 37.39432], [-6.84655, 37.38636], [-6.84356, 37.36702], [-6.81618, 37.31149], [-6.82184, 37.31131], [-6.82753, 37.30195], [-6.84157, 37.29663], [-6.84772, 37.30374], [-6.85376, 37.30347], [-6.85671, 37.29916], [-6.84959, 37.29224], [-6.85014, 37.28279], [-6.8798, 37.26368]]]]}}, {"type": "Feature", "properties": {"ine_code": "21065", "name": "Sanlúcar de Guadiana", "province": "Huelva"}, "geometry": {"type": "Polygon", "coordinates": [[[-7.4657, 37.49], [-7.45711, 37.49512], [-7.4589, 37.49711], [-7.45612, 37.50324], [-7.44118, 37.50417], [-7.43975, 37.50965], [-7.42284, 37.50562], [-7.42332, 37.49252], [-7.40017, 37.49095], [-7.39297, 37.49342], [-7.38727, 37.49032], [-7.38781, 37.48632], [-7.37716, 37.48904], [-7.36976, 37.48707], [-7.36834, 37.48173], [-7.35625, 37.48397], [-7.3476, 37.45561], [-7.37457, 37.43041], [-7.36014, 37.42253], [-7.3339, 37.41776], [-7.3384, 37.40813], [-7.33506, 37.40129], [-7.30836, 37.39686], [-7.30606, 37.39996], [-7.29498, 37.4009], [-7.30123, 37.38788], [-7.32758, 37.38789], [-7.38956, 37.41219], [-7.42951, 37.41325], [-7.44501, 37.40761], [-7.45117, 37.40222], [-7.46103, 37.4067], [-7.46134, 37.41307], [-7.44794, 37.4155], [-7.4456, 37.41934], [-7.45827, 37.43104], [-7.45671, 37.45233], [-7.46618, 37.46233], [-7.46959, 37.47171], [-7.46908, 37.47961], [-7.46347, 37.48535], [-7.4657, 37.49]]]}}, {"type": "Feature", "properties": {"ine_code": "21066", "name": "San Silvestre de Guzmán", "province": "Huelva"}, "geometry": {"type": "Polygon", "coordinates": [[[-7.45117, 37.40222], [-7.44501, 37.40761], [-7.42951, 37.41325], [-7.38256, 37.41117], [-7.33586, 37.3907], [-7.31451, 37.38609], [-7.31105, 37.37773], [-7.31226, 37.36143], [-7.34087, 37.35555], [-7.36921, 37.35888], [-7.38234, 37.36694], [-7.41072, 37.37226], [-7.42844, 37.38026], [-7.43888, 37.37939], [-7.44119, 37.39237], [-7.45117, 37.40222]]]}}, {"type": "Feature", "properties": {"ine_code": "21067", "name": "Santa Ana la Real", "province": "Huelva"}, "geometry": {"type": "Polygon", "coordinates": [[[-6.74477, 37.87761], [-6.72147, 37.88786], [-6.70487, 37.88472], [-6.70708, 37.87645], [-6.70422, 37.86481], [-6.7004, 37.86252], [-6.69968, 37.85685], [-6.6932, 37.8546], [-6.69708, 37.8512], [-6.69553, 37.84137], [-6.68668, 37.83211], [-6.6745, 37.82757], [-6.6836, 37.82319], [-6.70081, 37.82798], [-6.74157, 37.82894], [-6.74829, 37.85523], [-6.74575, 37.86396], [-6.75034, 37.8707], [-6.74477, 37.87761]]]}}, {"type": "Feature", "properties": {"ine_code": "21068", "name": "Santa Bárbara de Casa", "province": "Huelva"}, "geometry": {"type": "Polygon", "coordinates": [[[-7.30062, 37.84293], [-7.29734, 37.85704], [-7.28659, 37.86552], [-7.28173, 37.86264], [-7.2804, 37.86553], [-7.27576, 37.85954], [-7.26359, 37.86236], [-7.25914, 37.85911], [-7.25768, 37.86145], [-7.25393, 37.85879], [-7.24851, 37.86085], [-7.23924, 37.85249], [-7.23378, 37.85159], [-7.22696, 37.85433], [-7.21019, 37.85016], [-7.20522, 37.85423], [-7.19037, 37.84976], [-7.18485, 37.85153], [-7.15626, 37.84807], [-7.15505, 37.84518], [-7.13741, 37.842], [-7.1265, 37.83024], [-7.12538, 37.82687], [-7.16295, 37.74076], [-7.16545, 37.72161], [-7.17355, 37.70943], [-7.17308, 37.69518], [-7.1838, 37.69765], [-7.18254, 37.69281], [-7.18694, 37.68531], [-7.18972, 37.69027], [-7.19525, 37.68856], [-7.19652, 37.6975], [-7.20248, 37.69481], [-7.20092, 37.70691], [-7.20486, 37.7367], [-7.21823, 37.74479], [-7.24512, 37.77006], [-7.25744, 37.77597], [-7.25862, 37.78868], [-7.26437, 37.79927], [-7.26167, 37.80297], [-7.27319, 37.83344], [-7.30062, 37.84293]]]}}, {"type": "Feature", "properties": {"ine_code": "21069", "name": "Santa Olalla del Cala", "province": "Huelva"}, "geometry": {"type": "Polygon", "coordinates": [[[-6.36979, 37.91821], [-6.35433, 37.92381], [-6.25737, 37.93816], [-6.24466, 37.95655], [-6.21481, 37.96149], [-6.20872, 37.95856], [-6.20152, 37.96206], [-6.202, 37.95922], [-6.19418, 37.95473], [-6.19599, 37.94874], [-6.18024, 37.94103], [-6.18474, 37.92802], [-6.1707, 37.91009], [-6.16668, 37.90882], [-6.1643, 37.91778], [-6.15709, 37.91661], [-6.15187, 37.91954], [-6.15127, 37.91603], [-6.14565, 37.92067], [-6.1382, 37.90841], [-6.13188, 37.90855], [-6.12556, 37.9042], [-6.12478, 37.89337], [-6.12103, 37.89397], [-6.11032, 37.88507], [-6.12012, 37.88325], [-6.12107, 37.88788], [-6.13202, 37.88003], [-6.13693, 37.88397], [-6.14468, 37.8836], [-6.15046, 37.87507], [-6.15921, 37.87214], [-6.15967, 37.86455], [-6.16372, 37.85979], [-6.15844, 37.85318], [-6.15168, 37.85281], [-6.14596, 37.85656], [-6.14142, 37.85496], [-6.13875, 37.84449], [-6.13246, 37.83942], [-6.13426, 37.83299], [-6.12879, 37.83166], [-6.12492, 37.82344], [-6.12581, 37.81782], [-6.12091, 37.81628], [-6.12685, 37.81166], [-6.12503, 37.799], [-6.12708, 37.79627], [-6.13775, 37.796], [-6.1329, 37.78896], [-6.14241, 37.7872], [-6.1476, 37.79388], [-6.15352, 37.79488], [-6.15834, 37.79057], [-6.16311, 37.79423], [-6.16742, 37.79279], [-6.16776, 37.79579], [-6.17285, 37.79591], [-6.17198, 37.7985], [-6.17787, 37.79846], [-6.18424, 37.80945], [-6.18766, 37.80988], [-6.2024, 37.80553], [-6.21546, 37.79154], [-6.23089, 37.81566], [-6.24768, 37.82641], [-6.25421, 37.83866], [-6.28311, 37.87234], [-6.29797, 37.8772], [-6.32066, 37.89051], [-6.33572, 37.90817], [-6.3421, 37.9116], [-6.36979, 37.91821]]]}}, {"type": "Feature", "properties": {"ine_code": "21070", "name": "Trigueros", "province": "Huelva"}, "geometry": {"type": "Polygon", "coordinates": [[[-6.9731, 37.47089], [-6.97083, 37.47841], [-6.96224, 37.48015], [-6.95861, 37.48612], [-6.94592, 37.4825], [-6.93952, 37.48638], [-6.93104, 37.51113], [-6.92252, 37.51983], [-6.9025, 37.50706], [-6.89204, 37.50598], [-6.87101, 37.48898], [-6.82387, 37.41202], [-6.82121, 37.41296], [-6.81608, 37.40615], [-6.80685, 37.40878], [-6.80161, 37.39966], [-6.79815, 37.4019], [-6.79099, 37.39246], [-6.78651, 37.39357], [-6.78494, 37.37373], [-6.76079, 37.36833], [-6.74564, 37.35659], [-6.74614, 37.34728], [-6.7542, 37.34372], [-6.75756, 37.33155], [-6.7679, 37.33635], [-6.78393, 37.33426], [-6.78893, 37.32861], [-6.79321, 37.30989], [-6.80104, 37.30477], [-6.80599, 37.31025], [-6.81618, 37.31149], [-6.84356, 37.36702], [-6.84655, 37.38636], [-6.85537, 37.39432], [-6.85587, 37.41846], [-6.86314, 37.42291], [-6.8688, 37.43199], [-6.8814, 37.44052], [-6.8999, 37.44724], [-6.91558, 37.45872], [-6.93275, 37.4645], [-6.94924, 37.4644], [-6.9731, 37.47089]]]}}, {"type": "Feature", "properties": {"ine_code": "21071", "name": "Valdelarco", "province": "Huelva"}, "geometry": {"type": "Polygon", "coordinates": [[[-6.70126, 37.95394], [-6.69599, 37.95882], [-6.70069, 37.96201], [-6.70134, 37.96695], [-6.68509, 37.96365], [-6.67899, 37.96613], [-6.67526, 37.97701], [-6.66562, 37.98337], [-6.6619, 37.98258], [-6.66936, 37.97503], [-6.66912, 37.96917], [-6.65363, 37.96261], [-6.64318, 37.95057], [-6.64084, 37.9399], [-6.64419, 37.92273], [-6.66117, 37.92534], [-6.65987, 37.92938], [-6.65221, 37.92902], [-6.64833, 37.93256], [-6.64896, 37.93626], [-6.64407, 37.93761], [-6.64261, 37.94069], [-6.64648, 37.94854], [-6.64367, 37.94997], [-6.66213, 37.94344], [-6.66798, 37.93551], [-6.677, 37.93517], [-6.69481, 37.9432], [-6.69727, 37.94519], [-6.69471, 37.94877], [-6.70126, 37.95394]]]}}, {"type": "Feature", "properties": {"ine_code": "21072", "name": "Valverde del Camino", "province": "Huelva"}, "geometry": {"type": "Polygon", "coordinates": [[[-6.86234, 37.55571], [-6.85798, 37.56186], [-6.85932, 37.56603], [-6.85202, 37.56864], [-6.85554, 37.57935], [-6.85379, 37.58056], [-6.84978, 37.57516], [-6.8457, 37.5775], [-6.84384, 37.5872], [-6.84722, 37.59323], [-6.83471, 37.608], [-6.83616, 37.61114], [-6.81992, 37.61562], [-6.82432, 37.62147], [-6.82449, 37.62835], [-6.81991, 37.63127], [-6.71193, 37.61291], [-6.68366, 37.58514], [-6.63722, 37.57605], [-6.63442, 37.5682], [-6.62479, 37.56707], [-6.61795, 37.55847], [-6.5815, 37.53511], [-6.5803, 37.52743], [-6.59038, 37.52592], [-6.59281, 37.51974], [-6.58463, 37.51708], [-6.58814, 37.51404], [-6.60143, 37.51027], [-6.61261, 37.51621], [-6.61852, 37.51301], [-6.6195, 37.5065], [-6.62273, 37.50484], [-6.62441, 37.50806], [-6.6196, 37.51678], [-6.63523, 37.52252], [-6.63764, 37.52909], [-6.64573, 37.52736], [-6.66397, 37.53041], [-6.66685, 37.52864], [-6.66515, 37.52251], [-6.6702, 37.51081], [-6.68088, 37.50842], [-6.68664, 37.51574], [-6.69541, 37.51072], [-6.70464, 37.51241], [-6.71755, 37.50951], [-6.72955, 37.49923], [-6.75131, 37.4982], [-6.75488, 37.49541], [-6.7768, 37.50842], [-6.82103, 37.51579], [-6.82745, 37.52811], [-6.84642, 37.53164], [-6.84856, 37.53599], [-6.85588, 37.5383], [-6.85679, 37.54656], [-6.85435, 37.54908], [-6.86234, 37.55571]]]}}, {"type": "Feature", "properties": {"ine_code": "21073", "name": "Villablanca", "province": "Huelva"}, "geometry": {"type": "Polygon", "coordinates": [[[-7.33526, 37.26462], [-7.38433, 37.28209], [-7.40423, 37.30644], [-7.40539, 37.32957], [-7.38476, 37.34487], [-7.33786, 37.34803], [-7.32031, 37.34567], [-7.30408, 37.35318], [-7.2906, 37.34269], [-7.2795, 37.34025], [-7.26149, 37.32299], [-7.25908, 37.30654], [-7.27259, 37.29105], [-7.28081, 37.26484], [-7.29941, 37.25896], [-7.31369, 37.2633], [-7.33154, 37.26074], [-7.33526, 37.26462]]]}}, {"type": "Feature", "properties": {"ine_code": "21074", "name": "Villalba del Alcor", "province": "Huelva"}, "geometry": {"type": "MultiPolygon", "coordinates": [[[[-6.45321, 37.35792], [-6.44119, 37.3684], [-6.42041, 37.35915], [-6.44117, 37.33297], [-6.45718, 37.342], [-6.45321, 37.35792]]], [[[-6.54406, 37.46009], [-6.52842, 37.46666], [-6.50617, 37.46587], [-6.50591, 37.46052], [-6.48492, 37.42913], [-6.46515, 37.41649], [-6.45275, 37.40348], [-6.47196, 37.37971], [-6.47278, 37.37364], [-6.46941, 37.37191], [-6.4874, 37.35018], [-6.48702, 37.34643], [-6.4685, 37.33583], [-6.47223, 37.33053], [-6.49304, 37.34285], [-6.50602, 37.35941], [-6.51882, 37.39871], [-6.53474, 37.42532], [-6.54498, 37.45008], [-6.54406, 37.46009]]]]}}, {"type": "Feature", "properties": {"ine_code": "21075", "name": "Villanueva de las Cruces", "province": "Huelva"}, "geometry": {"type": "Polygon", "coordinates": [[[-7.06118, 37.61064], [-7.05972, 37.61595], [-7.05574, 37.61728], [-7.03972, 37.63791], [-7.00719, 37.66674], [-7.00286, 37.65972], [-6.99627, 37.6595], [-6.996, 37.65151], [-7.00209, 37.64367], [-6.99638, 37.63836], [-6.99945, 37.6335], [-6.99551, 37.63202], [-6.99976, 37.62658], [-6.99447, 37.62425], [-6.99301, 37.6194], [-6.98847, 37.61878], [-6.99279, 37.61228], [-6.98413, 37.61076], [-6.978, 37.60462], [-6.98018, 37.59634], [-6.9853, 37.59629], [-6.98095, 37.59092], [-6.98158, 37.58058], [-6.97349, 37.58261], [-6.97528, 37.57498], [-6.98045, 37.57305], [-6.98273, 37.57871], [-6.98963, 37.57761], [-6.99195, 37.58307], [-7.00127, 37.58325], [-7.00361, 37.5879], [-7.01123, 37.58868], [-7.01824, 37.59947], [-7.0383, 37.60185], [-7.06118, 37.61064]]]}}, {"type": "Feature", "properties": {"ine_code": "21076", "name": "Villanueva de los Castillejos", "province": "Huelva"}, "geometry": {"type": "Polygon", "coordinates": [[[-7.34366, 37.42063], [-7.35342, 37.43061], [-7.3499, 37.43783], [-7.3192, 37.46269], [-7.32968, 37.47442], [-7.32946, 37.49278], [-7.33524, 37.50549], [-7.27682, 37.50538], [-7.24577, 37.50079], [-7.22556, 37.50118], [-7.16339, 37.51833], [-7.13857, 37.52059], [-7.09735, 37.53213], [-7.09203, 37.52945], [-7.09418, 37.52583], [-7.08901, 37.52484], [-7.08593, 37.51888], [-7.07217, 37.52149], [-7.07155, 37.5247], [-7.06273, 37.52016], [-7.06248, 37.51186], [-7.06562, 37.50779], [-7.06111, 37.49694], [-7.06236, 37.48201], [-7.07586, 37.48277], [-7.084, 37.47562], [-7.07733, 37.47001], [-7.08307, 37.46809], [-7.0873, 37.47314], [-7.09336, 37.46997], [-7.10166, 37.47505], [-7.12276, 37.47735], [-7.12604, 37.47258], [-7.12342, 37.46641], [-7.12954, 37.44953], [-7.13467, 37.442], [-7.14356, 37.4391], [-7.14519, 37.42456], [-7.13768, 37.3988], [-7.08728, 37.39113], [-7.09775, 37.38461], [-7.10315, 37.3713], [-7.11671, 37.36666], [-7.13069, 37.37312], [-7.14749, 37.37208], [-7.19721, 37.39486], [-7.21327, 37.39372], [-7.23086, 37.40124], [-7.28115, 37.41052], [-7.29006, 37.40955], [-7.29498, 37.4009], [-7.30606, 37.39996], [-7.30787, 37.39697], [-7.32754, 37.39884], [-7.33855, 37.40477], [-7.3339, 37.41776], [-7.34366, 37.42063]]]}}, {"type": "Feature", "properties": {"ine_code": "21077", "name": "Villarrasa", "province": "Huelva"}, "geometry": {"type": "Polygon", "coordinates": [[[-6.59161, 37.33586], [-6.61326, 37.34902], [-6.62264, 37.34845], [-6.63015, 37.35328], [-6.63636, 37.369], [-6.66389, 37.38322], [-6.66454, 37.38847], [-6.67508, 37.39467], [-6.67898, 37.40731], [-6.67718, 37.41675], [-6.67974, 37.43622], [-6.66655, 37.43915], [-6.65244, 37.452], [-6.63536, 37.45842], [-6.63157, 37.45895], [-6.61426, 37.44823], [-6.61112, 37.4431], [-6.61158, 37.42603], [-6.60981, 37.42414], [-6.60458, 37.42937], [-6.5985, 37.42487], [-6.58607, 37.38999], [-6.58366, 37.36953], [-6.57746, 37.36175], [-6.59161, 37.33586]]]}}, {"type": "Feature", "properties": {"ine_code": "21078", "name": "Zalamea la Real", "province": "Huelva"}, "geometry": {"type": "Polygon", "coordinates": [[[-6.5815, 37.53511], [-6.61795, 37.55847], [-6.62479, 37.56707], [-6.63442, 37.5682], [-6.63722, 37.57605], [-6.68366, 37.58514], [-6.71193, 37.61291], [-6.81991, 37.63127], [-6.82449, 37.62835], [-6.82362, 37.63351], [-6.81719, 37.6362], [-6.81872, 37.64118], [-6.81549, 37.64491], [-6.81901, 37.65217], [-6.81654, 37.66393], [-6.82625, 37.66903], [-6.81909, 37.66934], [-6.81672, 37.67696], [-6.81239, 37.67462], [-6.80636, 37.67798], [-6.80667, 37.68674], [-6.79638, 37.68678], [-6.79858, 37.69135], [-6.79604, 37.70071], [-6.77693, 37.70249], [-6.74249, 37.7026], [-6.71845, 37.69091], [-6.71482, 37.69783], [-6.70801, 37.70163], [-6.70814, 37.69521], [-6.70331, 37.6932], [-6.69997, 37.69727], [-6.69075, 37.69869], [-6.68204, 37.6927], [-6.67489, 37.69403], [-6.67232, 37.6901], [-6.65901, 37.69147], [-6.64951, 37.68899], [-6.63953, 37.68281], [-6.63654, 37.67681], [-6.63773, 37.67167], [-6.64422, 37.66613], [-6.63138, 37.6609], [-6.62205, 37.6733], [-6.6167, 37.67591], [-6.57839, 37.67271], [-6.54813, 37.61819], [-6.55271, 37.59472], [-6.55034, 37.59291], [-6.55154, 37.58818], [-6.54898, 37.58791], [-6.55048, 37.58114], [-6.55415, 37.58214], [-6.55623, 37.57894], [-6.56194, 37.58201], [-6.56517, 37.57892], [-6.56542, 37.58479], [-6.56825, 37.58505], [-6.57063, 37.57152], [-6.58446, 37.56669], [-6.59027, 37.56797], [-6.59251, 37.5588], [-6.59795, 37.5584], [-6.59221, 37.54834], [-6.58369, 37.55005], [-6.57767, 37.54738], [-6.5815, 37.53511]]]}}, {"type": "Feature", "properties": {"ine_code": "21079", "name": "Zufre", "province": "Huelva"}, "geometry": {"type": "Polygon", "coordinates": [[[-6.48304, 37.72082], [-6.4841, 37.73132], [-6.47604, 37.74457], [-6.4802, 37.74619], [-6.48062, 37.76434], [-6.48483, 37.76993], [-6.48046, 37.7761], [-6.47082, 37.7772], [-6.47838, 37.79085], [-6.47333, 37.79869], [-6.47536, 37.82038], [-6.46356, 37.81184], [-6.44477, 37.81411], [-6.43808, 37.81157], [-6.42703, 37.81401], [-6.42248, 37.81061], [-6.40894, 37.81235], [-6.40979, 37.82386], [-6.41966, 37.82958], [-6.41844, 37.85353], [-6.43273, 37.8575], [-6.45012, 37.85668], [-6.44847, 37.86095], [-6.45234, 37.86617], [-6.45008, 37.8744], [-6.44302, 37.87863], [-6.43704, 37.89912], [-6.44487, 37.903], [-6.45228, 37.90174], [-6.45163, 37.91134], [-6.46055, 37.9147], [-6.4612, 37.91769], [-6.44573, 37.92926], [-6.44826, 37.934], [-6.44585, 37.93775], [-6.44716, 37.94523], [-6.44153, 37.94788], [-6.44362, 37.95108], [-6.44081, 37.95389], [-6.4442, 37.9559], [-6.44223, 37.9564], [-6.41443, 37.94749], [-6.36931, 37.91758], [-6.3421, 37.9116], [-6.33572, 37.90817], [-6.32066, 37.89051], [-6.29797, 37.8772], [-6.28311, 37.87234], [-6.25421, 37.83866], [-6.24768, 37.82641], [-6.23089, 37.81566], [-6.22236, 37.80454], [-6.21144, 37.78469], [-6.20874, 37.76947], [-6.20483, 37.76603], [-6.21983, 37.75518], [-6.22011, 37.74812], [-6.21623, 37.74494], [-6.2225, 37.73934], [-6.22702, 37.73889], [-6.22729, 37.74158], [-6.23557, 37.73904], [-6.233, 37.74294], [-6.23516, 37.74439], [-6.24437, 37.74074], [-6.25242, 37.74278], [-6.2542, 37.74737], [-6.24467, 37.74775], [-6.25232, 37.76314], [-6.27849, 37.75841], [-6.31102, 37.76487], [-6.39003, 37.74769], [-6.42348, 37.73407], [-6.43088, 37.72746], [-6.44999, 37.7189], [-6.47378, 37.72533], [-6.48304, 37.72082]]]}}, {"type": "Feature", "properties": {"ine_code": "21902", "name": "La Zarza-Perrunal", "province": "Huelva"}, "geometry": {"type": "Polygon", "coordinates": [[[-6.93414, 37.70256], [-6.89497, 37.70711], [-6.86851, 37.72193], [-6.85358, 37.72332], [-6.85436, 37.71668], [-6.84435, 37.71507], [-6.8378, 37.70916], [-6.82051, 37.70638], [-6.8127, 37.70945], [-6.8091, 37.70682], [-6.81398, 37.70396], [-6.81206, 37.69522], [-6.81626, 37.69536], [-6.81996, 37.69062], [-6.81882, 37.68712], [-6.81445, 37.69024], [-6.81283, 37.68764], [-6.81938, 37.67991], [-6.81672, 37.67696], [-6.81967, 37.66904], [-6.84243, 37.66883], [-6.84215, 37.6712], [-6.84622, 37.67127], [-6.84675, 37.66656], [-6.85065, 37.66422], [-6.86235, 37.66222], [-6.85827, 37.67091], [-6.85559, 37.6708], [-6.85869, 37.67658], [-6.86468, 37.67792], [-6.86802, 37.67181], [-6.88869, 37.68701], [-6.89458, 37.67891], [-6.90046, 37.68412], [-6.89809, 37.67583], [-6.9021, 37.67483], [-6.90529, 37.68062], [-6.90588, 37.67595], [-6.91052, 37.67521], [-6.90988, 37.67191], [-6.91102, 37.67507], [-6.91476, 37.67054], [-6.92241, 37.67296], [-6.9214, 37.66926], [-6.9263, 37.66335], [-6.92442, 37.66143], [-6.95485, 37.65853], [-6.95604, 37.66883], [-6.94808, 37.66994], [-6.94772, 37.67442], [-6.93563, 37.67789], [-6.93592, 37.6747], [-6.92754, 37.67054], [-6.92649, 37.67511], [-6.91351, 37.67695], [-6.91567, 37.6813], [-6.90904, 37.6904], [-6.91086, 37.69334], [-6.92313, 37.68897], [-6.93307, 37.69127], [-6.93049, 37.68461], [-6.94106, 37.68516], [-6.93414, 37.70256]]]}}, {"type": "Feature", "properties": {"ine_code": "23001", "name": "Albanchez de Mágina", "province": "Jaén"}, "geometry": {"type": "Polygon", "coordinates": [[[-3.48351, 37.80498], [-3.47429, 37.80718], [-3.45983, 37.81775], [-3.45861, 37.82268], [-3.44644, 37.82052], [-3.43945, 37.81235], [-3.43378, 37.80033], [-3.43182, 37.77977], [-3.43396, 37.77537], [-3.43066, 37.7687], [-3.43115, 37.75675], [-3.43901, 37.7432], [-3.4398, 37.73249], [-3.45629, 37.73238], [-3.47284, 37.72471], [-3.47441, 37.7344], [-3.47979, 37.74276], [-3.47191, 37.74685], [-3.47222, 37.74966], [-3.48836, 37.78906], [-3.49356, 37.79249], [-3.48351, 37.80498]]]}}, {"type": "Feature", "properties": {"ine_code": "23002", "name": "Alcalá la Real", "province": "Jaén"}, "geometry": {"type": "Polygon", "coordinates": [[[-4.08735, 37.48593], [-4.07444, 37.49304], [-4.06263, 37.50439], [-4.03812, 37.50869], [-4.03602, 37.51167], [-4.02098, 37.51539], [-4.0159, 37.51566], [-4.00273, 37.50296], [-3.98288, 37.49572], [-3.9811, 37.49256], [-3.97354, 37.4922], [-3.97184, 37.49703], [-3.96743, 37.49606], [-3.93739, 37.51509], [-3.92364, 37.51452], [-3.90846, 37.5182], [-3.9082, 37.52156], [-3.90382, 37.52301], [-3.90489, 37.52567], [-3.88516, 37.53856], [-3.87616, 37.53524], [-3.86025, 37.53579], [-3.85644, 37.54106], [-3.84456, 37.53632], [-3.83532, 37.52469], [-3.85661, 37.51353], [-3.85832, 37.50545], [-3.8681, 37.49595], [-3.85889, 37.47473], [-3.82307, 37.4601], [-3.80836, 37.45794], [-3.80221, 37.45335], [-3.81803, 37.42136], [-3.82653, 37.41352], [-3.82542, 37.40243], [-3.83637, 37.39554], [-3.84122, 37.38624], [-3.88123, 37.38763], [-3.91227, 37.3784], [-3.95089, 37.37835], [-3.97319, 37.38817], [-3.98368, 37.38852], [-4.01888, 37.41973], [-4.02902, 37.44219], [-4.03187, 37.44246], [-4.04814, 37.46797], [-4.07016, 37.47212], [-4.08735, 37.48593]]]}}, {"type": "Feature", "properties": {"ine_code": "23003", "name": "Alcaudete", "province": "Jaén"}, "geometry": {"type": "Polygon", "coordinates": [[[-4.2187, 37.62695], [-4.2281, 37.63954], [-4.17542, 37.67738], [-4.16437, 37.68151], [-4.13515, 37.67663], [-4.11719, 37.67742], [-4.0979, 37.68653], [-4.09203, 37.69576], [-4.08062, 37.70591], [-4.07754, 37.70479], [-4.06129, 37.68208], [-4.07176, 37.66796], [-4.06872, 37.66059], [-4.07372, 37.65086], [-4.07181, 37.64285], [-4.05908, 37.63825], [-4.05472, 37.63342], [-4.03991, 37.62957], [-4.03174, 37.63114], [-4.02672, 37.62462], [-3.99711, 37.60942], [-3.98959, 37.59878], [-4.00405, 37.58445], [-4.00237, 37.56835], [-4.0159, 37.51566], [-4.05977, 37.50547], [-4.07966, 37.50914], [-4.08511, 37.51349], [-4.09584, 37.51006], [-4.09932, 37.51444], [-4.09649, 37.51683], [-4.09868, 37.53047], [-4.10446, 37.53398], [-4.10884, 37.533], [-4.11341, 37.53936], [-4.11419, 37.54761], [-4.12236, 37.54677], [-4.12102, 37.55459], [-4.14608, 37.56371], [-4.14387, 37.56942], [-4.14784, 37.5706], [-4.14948, 37.56751], [-4.14979, 37.57432], [-4.16099, 37.57516], [-4.15831, 37.57955], [-4.16242, 37.58176], [-4.16131, 37.58788], [-4.17052, 37.58847], [-4.16302, 37.59937], [-4.17234, 37.60649], [-4.17262, 37.61059], [-4.18783, 37.61656], [-4.19524, 37.61535], [-4.19573, 37.61148], [-4.20206, 37.61514], [-4.20767, 37.60985], [-4.21055, 37.61681], [-4.22067, 37.61995], [-4.2187, 37.62695]]]}}, {"type": "Feature", "properties": {"ine_code": "23004", "name": "Aldeaquemada", "province": "Jaén"}, "geometry": {"type": "Polygon", "coordinates": [[[-3.45316, 38.4002], [-3.43324, 38.40803], [-3.42482, 38.4068], [-3.4104, 38.42356], [-3.4019, 38.42395], [-3.37668, 38.4396], [-3.38037, 38.45055], [-3.36415, 38.44769], [-3.34946, 38.4547], [-3.34588, 38.46586], [-3.32232, 38.47297], [-3.31135, 38.47239], [-3.30751, 38.47154], [-3.30495, 38.46277], [-3.31061, 38.44901], [-3.30741, 38.44521], [-3.30997, 38.44133], [-3.28946, 38.42178], [-3.28756, 38.41144], [-3.2922, 38.39869], [-3.28179, 38.38005], [-3.29066, 38.37785], [-3.29798, 38.36917], [-3.3477, 38.36105], [-3.36631, 38.36239], [-3.37128, 38.35345], [-3.37938, 38.35785], [-3.38004, 38.35419], [-3.3862, 38.35599], [-3.38614, 38.35314], [-3.39112, 38.35164], [-3.40263, 38.35682], [-3.42599, 38.35748], [-3.43992, 38.36759], [-3.45148, 38.36933], [-3.44908, 38.38054], [-3.45205, 38.38336], [-3.44305, 38.39077], [-3.45316, 38.4002]]]}}, {"type": "Feature", "properties": {"ine_code": "23005", "name": "Andújar", "province": "Jaén"}, "geometry": {"type": "Polygon", "coordinates": [[[-4.19946, 38.21271], [-4.20207, 38.21988], [-4.1943, 38.23194], [-4.19826, 38.23519], [-4.19676, 38.23965], [-4.20285, 38.24634], [-4.2162, 38.24729], [-4.21526, 38.25518], [-4.20816, 38.26677], [-4.21457, 38.2698], [-4.21025, 38.30078], [-4.21592, 38.30345], [-4.21997, 38.29793], [-4.22832, 38.30042], [-4.22708, 38.30787], [-4.23146, 38.31268], [-4.2379, 38.31301], [-4.23828, 38.31595], [-4.23447, 38.31584], [-4.23818, 38.32297], [-4.23284, 38.3249], [-4.23467, 38.32807], [-4.23841, 38.32628], [-4.24013, 38.33193], [-4.23549, 38.33426], [-4.23788, 38.34], [-4.24025, 38.33786], [-4.24756, 38.34175], [-4.25644, 38.33915], [-4.25662, 38.34286], [-4.26322, 38.34224], [-4.26915, 38.34772], [-4.27181, 38.36542], [-4.27845, 38.37728], [-4.27616, 38.39082], [-4.26635, 38.3985], [-4.25549, 38.40162], [-4.24627, 38.39809], [-4.22317, 38.39742], [-4.15567, 38.3807], [-4.1443, 38.38609], [-4.13405, 38.38443], [-4.12656, 38.37892], [-4.11251, 38.37921], [-4.11037, 38.38237], [-4.08657, 38.37673], [-4.07019, 38.37974], [-4.05085, 38.37618], [-4.04716, 38.37791], [-4.00631, 38.36773], [-3.98943, 38.36997], [-3.96085, 38.36577], [-3.94933, 38.36848], [-3.91739, 38.36756], [-3.87559, 38.37688], [-3.86062, 38.37521], [-3.87421, 38.34761], [-3.87296, 38.33109], [-3.89335, 38.27297], [-3.89452, 38.23925], [-3.90451, 38.20269], [-3.94187, 38.12012], [-3.93699, 38.10762], [-3.9394, 38.09507], [-3.93478, 38.0831], [-3.93586, 38.07403], [-3.93013, 38.06242], [-3.93191, 38.04744], [-3.95322, 38.02526], [-3.96432, 38.00814], [-3.96512, 38.00044], [-3.97118, 37.99829], [-3.98509, 38.00086], [-4.02861, 37.98723], [-4.03539, 37.96508], [-4.04124, 37.96932], [-4.0457, 37.98116], [-4.05295, 37.98327], [-4.05135, 37.98669], [-4.05616, 37.99075], [-4.05801, 37.99815], [-4.07602, 38.00285], [-4.08398, 38.00944], [-4.09326, 38.00839], [-4.09586, 38.01234], [-4.10989, 38.00936], [-4.12812, 38.0233], [-4.11903, 38.03707], [-4.12236, 38.03988], [-4.09911, 38.07075], [-4.11158, 38.07197], [-4.11354, 38.07493], [-4.10006, 38.08116], [-4.10517, 38.08768], [-4.09783, 38.09003], [-4.09791, 38.10281], [-4.09003, 38.10498], [-4.091, 38.1098], [-4.08595, 38.11741], [-4.09566, 38.12882], [-4.11287, 38.13392], [-4.11072, 38.14322], [-4.16652, 38.17296], [-4.169, 38.18206], [-4.18698, 38.19508], [-4.19061, 38.2065], [-4.19946, 38.21271]]]}}, {"type": "Feature", "properties": {"ine_code": "23006", "name": "Arjona", "province": "Jaén"}, "geometry": {"type": "Polygon", "coordinates": [[[-4.20627, 37.98997], [-4.20164, 37.99182], [-4.17704, 37.98579], [-4.1726, 37.98731], [-4.14518, 37.95633], [-4.14456, 37.94895], [-4.12727, 37.94348], [-4.10711, 37.95433], [-4.09381, 37.97411], [-4.06624, 38.00013], [-4.05865, 37.99838], [-4.05516, 37.98912], [-4.05185, 37.98809], [-4.05295, 37.98327], [-4.0457, 37.98116], [-4.04124, 37.96932], [-4.0321, 37.96249], [-4.03317, 37.96061], [-4.00983, 37.94303], [-4.0066, 37.93745], [-3.98662, 37.93938], [-3.9808, 37.92994], [-3.96733, 37.92896], [-3.96144, 37.92158], [-3.96164, 37.91478], [-3.96574, 37.9126], [-3.9622, 37.9104], [-3.96845, 37.90939], [-3.96705, 37.90678], [-3.97272, 37.90546], [-3.97134, 37.90262], [-3.97588, 37.90061], [-3.97758, 37.89463], [-3.99719, 37.88471], [-4.0002, 37.87851], [-4.01651, 37.88484], [-4.01572, 37.88913], [-4.03781, 37.89417], [-4.0434, 37.88644], [-4.05902, 37.88416], [-4.06364, 37.87852], [-4.0561, 37.87525], [-4.04695, 37.85787], [-4.07001, 37.8603], [-4.10534, 37.85623], [-4.1102, 37.85883], [-4.10631, 37.86306], [-4.10911, 37.88528], [-4.12029, 37.88693], [-4.12566, 37.90343], [-4.15874, 37.9161], [-4.15803, 37.9214], [-4.18237, 37.93109], [-4.18043, 37.95081], [-4.19819, 37.96587], [-4.19548, 37.97826], [-4.20627, 37.98997]]]}}, {"type": "Feature", "properties": {"ine_code": "23007", "name": "Arjonilla", "province": "Jaén"}, "geometry": {"type": "Polygon", "coordinates": [[[-4.1726, 37.98731], [-4.16133, 37.99922], [-4.15305, 38.00128], [-4.15428, 38.00454], [-4.13071, 38.0111], [-4.12446, 38.02164], [-4.12057, 38.0151], [-4.11515, 38.01465], [-4.10989, 38.00936], [-4.09586, 38.01234], [-4.09326, 38.00839], [-4.08398, 38.00944], [-4.07602, 38.00285], [-4.06512, 38.00133], [-4.09381, 37.97411], [-4.10711, 37.95433], [-4.12727, 37.94348], [-4.14456, 37.94895], [-4.14518, 37.95633], [-4.1726, 37.98731]]]}}, {"type": "Feature", "properties": {"ine_code": "23008", "name": "Arquillos", "province": "Jaén"}, "geometry": {"type": "Polygon", "coordinates": [[[-3.41044, 38.28014], [-3.39796, 38.28378], [-3.40031, 38.28217], [-3.39832, 38.27755], [-3.40184, 38.27739], [-3.40372, 38.27217], [-3.40822, 38.2724], [-3.40842, 38.26756], [-3.4045, 38.26628], [-3.4031, 38.26071], [-3.40442, 38.25199], [-3.38509, 38.24864], [-3.37603, 38.25498], [-3.37679, 38.24845], [-3.36693, 38.22696], [-3.35878, 38.22048], [-3.37232, 38.21638], [-3.37525, 38.2119], [-3.37951, 38.21771], [-3.38517, 38.21785], [-3.40645, 38.21142], [-3.40363, 38.20391], [-3.39763, 38.20186], [-3.3977, 38.19753], [-3.39864, 38.1955], [-3.40985, 38.2], [-3.41201, 38.1911], [-3.40989, 38.18554], [-3.40262, 38.18202], [-3.40027, 38.17387], [-3.38246, 38.17664], [-3.37366, 38.17474], [-3.37505, 38.17111], [-3.37222, 38.16684], [-3.38425, 38.16022], [-3.39452, 38.14935], [-3.41665, 38.14432], [-3.44887, 38.1667], [-3.45153, 38.1721], [-3.46031, 38.17787], [-3.4638, 38.17686], [-3.47064, 38.18703], [-3.46509, 38.19944], [-3.44782, 38.20889], [-3.44203, 38.2178], [-3.44384, 38.22432], [-3.43764, 38.22723], [-3.42673, 38.25033], [-3.4317, 38.26002], [-3.41307, 38.27341], [-3.41044, 38.28014]]]}}, {"type": "Feature", "properties": {"ine_code": "23009", "name": "Baeza", "province": "Jaén"}, "geometry": {"type": "Polygon", "coordinates": [[[-3.58026, 37.85297], [-3.59058, 37.86669], [-3.59307, 37.87632], [-3.57999, 37.89103], [-3.57059, 37.91384], [-3.57425, 37.92078], [-3.57352, 37.93081], [-3.59076, 37.95309], [-3.56831, 37.95903], [-3.55577, 37.95231], [-3.54529, 37.95986], [-3.53325, 37.94783], [-3.52656, 37.94705], [-3.5188, 37.97098], [-3.50849, 37.98555], [-3.50791, 37.99586], [-3.51808, 37.99815], [-3.53188, 38.00726], [-3.54053, 38.01955], [-3.52587, 38.01572], [-3.51494, 38.00746], [-3.49986, 38.0063], [-3.48456, 38.0132], [-3.48292, 38.01776], [-3.48811, 38.02761], [-3.48549, 38.03235], [-3.47679, 38.03328], [-3.47272, 38.0303], [-3.44911, 38.03298], [-3.44408, 38.0383], [-3.43106, 38.04352], [-3.42713, 38.05147], [-3.41929, 38.05334], [-3.41984, 38.04286], [-3.41044, 38.03129], [-3.41908, 38.02099], [-3.42368, 38.00657], [-3.41936, 38.00061], [-3.42003, 37.9918], [-3.41178, 37.97954], [-3.41708, 37.9635], [-3.4128, 37.96124], [-3.40578, 37.94455], [-3.40168, 37.94366], [-3.39886, 37.93752], [-3.40416, 37.90798], [-3.40883, 37.9064], [-3.45391, 37.92775], [-3.45379, 37.91943], [-3.45633, 37.91931], [-3.45128, 37.91751], [-3.45173, 37.89111], [-3.49374, 37.88961], [-3.50305, 37.88377], [-3.5103, 37.8673], [-3.51874, 37.86212], [-3.52877, 37.86614], [-3.56159, 37.86255], [-3.57406, 37.85966], [-3.58026, 37.85297]]]}}, {"type": "Feature", "properties": {"ine_code": "23010", "name": "Bailén", "province": "Jaén"}, "geometry": {"type": "Polygon", "coordinates": [[[-3.86786, 38.04432], [-3.86643, 38.04922], [-3.84612, 38.06858], [-3.82399, 38.07081], [-3.81906, 38.08088], [-3.81952, 38.09025], [-3.81294, 38.10361], [-3.81787, 38.10785], [-3.82386, 38.13341], [-3.83223, 38.14465], [-3.81955, 38.1538], [-3.79786, 38.14696], [-3.75768, 38.15113], [-3.74007, 38.14773], [-3.71703, 38.13782], [-3.70625, 38.12813], [-3.7188, 38.09847], [-3.71142, 38.08669], [-3.71052, 38.0788], [-3.72708, 38.07368], [-3.74401, 38.05558], [-3.7524, 38.05515], [-3.76205, 38.03772], [-3.79148, 38.03152], [-3.81524, 38.03265], [-3.82715, 38.04001], [-3.85676, 38.03959], [-3.86786, 38.04432]]]}}, {"type": "Feature", "properties": {"ine_code": "23011", "name": "Baños de la Encina", "province": "Jaén"}, "geometry": {"type": "Polygon", "coordinates": [[[-3.86003, 38.37279], [-3.8306, 38.39375], [-3.83233, 38.40013], [-3.82864, 38.41426], [-3.81868, 38.41539], [-3.81637, 38.41923], [-3.80786, 38.42182], [-3.80118, 38.41995], [-3.78561, 38.42527], [-3.76491, 38.42436], [-3.73907, 38.41376], [-3.73001, 38.42437], [-3.69928, 38.41288], [-3.65166, 38.40501], [-3.66018, 38.39933], [-3.69477, 38.40251], [-3.69904, 38.39564], [-3.72329, 38.38612], [-3.73061, 38.37518], [-3.72621, 38.36864], [-3.70703, 38.36359], [-3.70161, 38.36483], [-3.67967, 38.35483], [-3.68725, 38.34837], [-3.69009, 38.31995], [-3.67862, 38.28211], [-3.67186, 38.27588], [-3.67891, 38.27508], [-3.67991, 38.26948], [-3.69226, 38.26412], [-3.69409, 38.26038], [-3.68901, 38.25907], [-3.69528, 38.25264], [-3.69379, 38.23759], [-3.70486, 38.2381], [-3.70691, 38.23079], [-3.69064, 38.22945], [-3.68212, 38.21257], [-3.70558, 38.19461], [-3.69554, 38.18631], [-3.73255, 38.14815], [-3.75768, 38.15113], [-3.79786, 38.14696], [-3.81955, 38.1538], [-3.83217, 38.14531], [-3.83835, 38.15824], [-3.85183, 38.16676], [-3.8545, 38.17956], [-3.85943, 38.1858], [-3.85842, 38.19598], [-3.86713, 38.20765], [-3.84218, 38.22779], [-3.83301, 38.25013], [-3.82718, 38.25539], [-3.82757, 38.26121], [-3.82112, 38.26619], [-3.82904, 38.29071], [-3.83777, 38.29817], [-3.8402, 38.31352], [-3.86164, 38.33591], [-3.85738, 38.34338], [-3.86622, 38.36087], [-3.86003, 38.37279]]]}}, {"type": "Feature", "properties": {"ine_code": "23012", "name": "Beas de Segura", "province": "Jaén"}, "geometry": {"type": "Polygon", "coordinates": [[[-2.94795, 38.22791], [-2.98268, 38.22468], [-2.99673, 38.21423], [-3.01758, 38.22177], [-3.013, 38.22438], [-3.01396, 38.23239], [-3.00812, 38.23751], [-3.01158, 38.24437], [-3.00795, 38.24588], [-2.99861, 38.24229], [-2.99877, 38.25011], [-2.98927, 38.25295], [-2.98176, 38.2512], [-2.9787, 38.25435], [-2.98478, 38.26685], [-2.97451, 38.26945], [-2.96527, 38.27654], [-2.96603, 38.2863], [-2.96103, 38.28959], [-2.94881, 38.27605], [-2.94339, 38.28093], [-2.93207, 38.27789], [-2.85427, 38.28683], [-2.84371, 38.29722], [-2.83166, 38.29888], [-2.8337, 38.30201], [-2.82737, 38.30683], [-2.80863, 38.30694], [-2.8079, 38.29935], [-2.79839, 38.28837], [-2.79257, 38.28922], [-2.77934, 38.30295], [-2.76704, 38.30658], [-2.75582, 38.30525], [-2.7505, 38.30032], [-2.75509, 38.29823], [-2.75794, 38.28834], [-2.75265, 38.28364], [-2.75073, 38.27453], [-2.76176, 38.27042], [-2.76286, 38.24659], [-2.7695, 38.24041], [-2.76851, 38.2319], [-2.77799, 38.22208], [-2.78284, 38.20906], [-2.78603, 38.21099], [-2.79145, 38.20706], [-2.80289, 38.21098], [-2.81879, 38.20818], [-2.82956, 38.21138], [-2.83004, 38.2161], [-2.8363, 38.21933], [-2.86482, 38.21908], [-2.87302, 38.213], [-2.90419, 38.21899], [-2.91714, 38.21535], [-2.94795, 38.22791]]]}}, {"type": "Feature", "properties": {"ine_code": "23014", "name": "Begíjar", "province": "Jaén"}, "geometry": {"type": "Polygon", "coordinates": [[[-3.63065, 37.95374], [-3.63199, 37.96117], [-3.63799, 37.95832], [-3.63973, 37.97236], [-3.62226, 37.98338], [-3.58815, 37.9885], [-3.58369, 37.99059], [-3.58551, 37.99419], [-3.54487, 37.99048], [-3.5379, 37.99818], [-3.52469, 38.00303], [-3.50791, 37.99586], [-3.50849, 37.98555], [-3.5188, 37.97098], [-3.52656, 37.94705], [-3.53325, 37.94783], [-3.54529, 37.95986], [-3.55577, 37.95231], [-3.56831, 37.95903], [-3.57718, 37.95564], [-3.58397, 37.95681], [-3.58775, 37.95195], [-3.59115, 37.95394], [-3.5892, 37.95811], [-3.60023, 37.95454], [-3.60279, 37.95724], [-3.60914, 37.9511], [-3.62425, 37.95033], [-3.63065, 37.95374]]]}}, {"type": "Feature", "properties": {"ine_code": "23015", "name": "Bélmez de la Moraleda", "province": "Jaén"}, "geometry": {"type": "Polygon", "coordinates": [[[-3.4275, 37.73349], [-3.41559, 37.74113], [-3.41345, 37.7532], [-3.38829, 37.76035], [-3.38299, 37.76512], [-3.37267, 37.76721], [-3.36266, 37.76131], [-3.33669, 37.76204], [-3.32955, 37.75349], [-3.32419, 37.72942], [-3.33021, 37.72464], [-3.33276, 37.71638], [-3.33346, 37.70277], [-3.33024, 37.69835], [-3.3448, 37.69242], [-3.37099, 37.7007], [-3.37864, 37.70467], [-3.37077, 37.71748], [-3.39331, 37.7099], [-3.40962, 37.71367], [-3.42252, 37.72217], [-3.4275, 37.73349]]]}}, {"type": "Feature", "properties": {"ine_code": "23016", "name": "Benatae", "province": "Jaén"}, "geometry": {"type": "MultiPolygon", "coordinates": [[[[-2.58161, 38.31504], [-2.57354, 38.31239], [-2.56935, 38.30335], [-2.57248, 38.29903], [-2.56254, 38.2914], [-2.55792, 38.2788], [-2.54442, 38.28065], [-2.54138, 38.28421], [-2.54263, 38.28787], [-2.54207, 38.2896], [-2.53975, 38.28403], [-2.5327, 38.2805], [-2.5304, 38.26999], [-2.54133, 38.26379], [-2.5443, 38.26977], [-2.5603, 38.27439], [-2.56668, 38.28902], [-2.58181, 38.30703], [-2.58161, 38.31504]]], [[[-2.71683, 38.37367], [-2.70116, 38.38825], [-2.66269, 38.38307], [-2.64608, 38.3913], [-2.63807, 38.38413], [-2.63822, 38.3742], [-2.62692, 38.37037], [-2.62745, 38.36222], [-2.61729, 38.35845], [-2.61086, 38.34747], [-2.64038, 38.33692], [-2.68138, 38.34508], [-2.69622, 38.34511], [-2.70491, 38.33942], [-2.71206, 38.33944], [-2.72128, 38.34892], [-2.71627, 38.36108], [-2.72086, 38.36464], [-2.71683, 38.37367]]]]}}, {"type": "Feature", "properties": {"ine_code": "23017", "name": "Cabra del Santo Cristo", "province": "Jaén"}, "geometry": {"type": "Polygon", "coordinates": [[[-3.30818, 37.7499], [-3.27108, 37.76113], [-3.26863, 37.8043], [-3.27364, 37.81983], [-3.24026, 37.82457], [-3.22962, 37.82758], [-3.22661, 37.83196], [-3.22031, 37.82188], [-3.22351, 37.81511], [-3.21979, 37.80206], [-3.22454, 37.78795], [-3.22411, 37.76755], [-3.23339, 37.75439], [-3.23212, 37.74513], [-3.22339, 37.73792], [-3.20043, 37.73293], [-3.1699, 37.70241], [-3.15993, 37.68079], [-3.16583, 37.66208], [-3.15883, 37.65286], [-3.15753, 37.64128], [-3.14753, 37.62568], [-3.17259, 37.64329], [-3.17969, 37.64421], [-3.21597, 37.64426], [-3.23331, 37.63795], [-3.26233, 37.63885], [-3.26099, 37.63345], [-3.28564, 37.60796], [-3.2965, 37.58805], [-3.30156, 37.59333], [-3.30079, 37.59923], [-3.31267, 37.63531], [-3.30713, 37.6449], [-3.30538, 37.66881], [-3.31311, 37.68829], [-3.31332, 37.6989], [-3.30165, 37.72498], [-3.29913, 37.7381], [-3.30818, 37.7499]]]}}, {"type": "Feature", "properties": {"ine_code": "23018", "name": "Cambil", "province": "Jaén"}, "geometry": {"type": "Polygon", "coordinates": [[[-3.63013, 37.68895], [-3.60977, 37.70908], [-3.5928, 37.71759], [-3.58515, 37.7145], [-3.57196, 37.71505], [-3.54285, 37.72987], [-3.52068, 37.73624], [-3.49769, 37.73525], [-3.47979, 37.74276], [-3.47373, 37.73227], [-3.47284, 37.72471], [-3.47611, 37.7239], [-3.46949, 37.715], [-3.46685, 37.70415], [-3.47235, 37.69136], [-3.47831, 37.68792], [-3.48181, 37.67932], [-3.49067, 37.67098], [-3.48982, 37.66678], [-3.49929, 37.65854], [-3.50032, 37.64343], [-3.50775, 37.62621], [-3.50647, 37.61728], [-3.51868, 37.6231], [-3.53381, 37.61706], [-3.55187, 37.60419], [-3.56242, 37.60827], [-3.56369, 37.61369], [-3.5723, 37.61001], [-3.57817, 37.6132], [-3.59472, 37.60331], [-3.60109, 37.60469], [-3.59907, 37.61622], [-3.60291, 37.62192], [-3.60258, 37.63173], [-3.60564, 37.63885], [-3.61112, 37.64191], [-3.60739, 37.64513], [-3.60522, 37.6576], [-3.61767, 37.66255], [-3.61655, 37.66678], [-3.62035, 37.66843], [-3.61933, 37.6713], [-3.63013, 37.68895]]]}}, {"type": "Feature", "properties": {"ine_code": "23019", "name": "Campillo de Arenas", "province": "Jaén"}, "geometry": {"type": "Polygon", "coordinates": [[[-3.55187, 37.60419], [-3.56541, 37.58531], [-3.56426, 37.58155], [-3.5805, 37.56316], [-3.60269, 37.55544], [-3.63258, 37.53413], [-3.65022, 37.52895], [-3.6554, 37.53217], [-3.68201, 37.53332], [-3.69135, 37.53981], [-3.71714, 37.53544], [-3.73353, 37.52859], [-3.74178, 37.52023], [-3.74321, 37.52283], [-3.74084, 37.53413], [-3.73107, 37.53497], [-3.72681, 37.54508], [-3.71715, 37.55033], [-3.71815, 37.55517], [-3.70751, 37.5717], [-3.70504, 37.58826], [-3.70299, 37.59297], [-3.69843, 37.59413], [-3.69637, 37.60645], [-3.69175, 37.61289], [-3.69228, 37.61994], [-3.69655, 37.61996], [-3.69614, 37.62284], [-3.70353, 37.62583], [-3.7156, 37.62479], [-3.72771, 37.63164], [-3.72153, 37.63716], [-3.70795, 37.63791], [-3.70136, 37.64556], [-3.70065, 37.65753], [-3.69363, 37.66682], [-3.67873, 37.67413], [-3.67571, 37.67405], [-3.67195, 37.66623], [-3.67461, 37.66241], [-3.6715, 37.65665], [-3.67309, 37.65312], [-3.66065, 37.63348], [-3.6614, 37.62022], [-3.65309, 37.60561], [-3.63254, 37.60042], [-3.62247, 37.60352], [-3.6082, 37.61582], [-3.60013, 37.61778], [-3.60092, 37.60459], [-3.59472, 37.60331], [-3.57817, 37.6132], [-3.5723, 37.61001], [-3.56369, 37.61369], [-3.56242, 37.60827], [-3.55187, 37.60419]]]}}, {"type": "Feature", "properties": {"ine_code": "23020", "name": "Canena", "province": "Jaén"}, "geometry": {"type": "Polygon", "coordinates": [[[-3.47375, 38.0387], [-3.49765, 38.03876], [-3.5196, 38.05271], [-3.53315, 38.07386], [-3.52874, 38.08127], [-3.50681, 38.07308], [-3.49097, 38.07405], [-3.48041, 38.06492], [-3.47621, 38.05836], [-3.4781, 38.04686], [-3.47375, 38.0387]]]}}, {"type": "Feature", "properties": {"ine_code": "23021", "name": "Carboneros", "province": "Jaén"}, "geometry": {"type": "Polygon", "coordinates": [[[-3.69379, 38.23759], [-3.69528, 38.25264], [-3.68901, 38.25907], [-3.69401, 38.26158], [-3.6887, 38.2677], [-3.67991, 38.26948], [-3.67891, 38.27508], [-3.67186, 38.27588], [-3.57438, 38.20195], [-3.57149, 38.19823], [-3.57548, 38.19104], [-3.57186, 38.18718], [-3.57459, 38.18398], [-3.56352, 38.16819], [-3.56798, 38.15645], [-3.57033, 38.15352], [-3.57183, 38.15776], [-3.57933, 38.15548], [-3.67759, 38.22878], [-3.69379, 38.23759]]]}}, {"type": "Feature", "properties": {"ine_code": "23024", "name": "La Carolina", "province": "Jaén"}, "geometry": {"type": "Polygon", "coordinates": [[[-3.57149, 38.19823], [-3.67862, 38.28211], [-3.69009, 38.31995], [-3.68725, 38.34837], [-3.67967, 38.35483], [-3.70161, 38.36483], [-3.70703, 38.36359], [-3.72621, 38.36864], [-3.73061, 38.37518], [-3.72329, 38.38612], [-3.69904, 38.39564], [-3.69424, 38.40264], [-3.68401, 38.40242], [-3.67819, 38.39904], [-3.66018, 38.39933], [-3.65166, 38.40501], [-3.62047, 38.39399], [-3.59824, 38.39847], [-3.61623, 38.37186], [-3.62237, 38.37511], [-3.61111, 38.35897], [-3.61612, 38.35397], [-3.61648, 38.34908], [-3.58949, 38.32954], [-3.57958, 38.30579], [-3.54183, 38.3133], [-3.51348, 38.30519], [-3.49893, 38.29259], [-3.48694, 38.2933], [-3.48015, 38.28543], [-3.48449, 38.28208], [-3.49873, 38.28198], [-3.50968, 38.27815], [-3.50658, 38.27246], [-3.51132, 38.2687], [-3.53004, 38.27014], [-3.52719, 38.26275], [-3.5362, 38.25826], [-3.53412, 38.25033], [-3.54298, 38.24682], [-3.55115, 38.23506], [-3.55264, 38.21504], [-3.55751, 38.20631], [-3.56996, 38.20288], [-3.57149, 38.19823]]]}}, {"type": "Feature", "properties": {"ine_code": "23025", "name": "Castellar", "province": "Jaén"}, "geometry": {"type": "Polygon", "coordinates": [[[-3.13794, 38.17309], [-3.14341, 38.1764], [-3.15469, 38.198], [-3.15513, 38.21347], [-3.1622, 38.2415], [-3.16259, 38.27536], [-3.17058, 38.31947], [-3.19628, 38.32161], [-3.19549, 38.32841], [-3.20604, 38.34117], [-3.22709, 38.34725], [-3.22876, 38.35457], [-3.22605, 38.36203], [-3.23812, 38.37069], [-3.22714, 38.40551], [-3.2324, 38.41397], [-3.22162, 38.41156], [-3.2169, 38.418], [-3.21773, 38.4277], [-3.22241, 38.433], [-3.21954, 38.45291], [-3.18002, 38.44992], [-3.14992, 38.44006], [-3.1302, 38.43877], [-3.1189, 38.43352], [-3.12299, 38.42388], [-3.13164, 38.4196], [-3.14416, 38.40649], [-3.17651, 38.40902], [-3.1876, 38.40301], [-3.19285, 38.40485], [-3.23134, 38.38347], [-3.20751, 38.36308], [-3.18762, 38.33621], [-3.17312, 38.32638], [-3.15765, 38.30986], [-3.14584, 38.31527], [-3.13829, 38.30823], [-3.1225, 38.30723], [-3.11915, 38.30401], [-3.1, 38.30866], [-3.10239, 38.30543], [-3.09891, 38.28649], [-3.08781, 38.26874], [-3.08848, 38.26189], [-3.07217, 38.25341], [-3.07452, 38.24905], [-3.0706, 38.24751], [-3.06775, 38.23906], [-3.0703, 38.23448], [-3.06359, 38.22109], [-3.05613, 38.22211], [-3.06125, 38.2194], [-3.0552, 38.21073], [-3.05362, 38.20907], [-3.05026, 38.20734], [-3.04992, 38.20701], [-3.04966, 38.20656], [-3.05403, 38.19742], [-3.07016, 38.19776], [-3.07286, 38.19018], [-3.08502, 38.18749], [-3.09671, 38.17685], [-3.11105, 38.17518], [-3.11595, 38.17007], [-3.12049, 38.17215], [-3.12613, 38.16878], [-3.13002, 38.17075], [-3.13002, 38.17502], [-3.13794, 38.17309]]]}}, {"type": "Feature", "properties": {"ine_code": "23026", "name": "Castillo de Locubín", "province": "Jaén"}, "geometry": {"type": "Polygon", "coordinates": [[[-4.0159, 37.51566], [-4.00237, 37.56835], [-4.00405, 37.58445], [-3.98959, 37.59878], [-3.95316, 37.59345], [-3.93944, 37.58806], [-3.92965, 37.59077], [-3.91333, 37.58122], [-3.87885, 37.57705], [-3.87908, 37.56917], [-3.87377, 37.55937], [-3.86202, 37.55782], [-3.85523, 37.54866], [-3.85512, 37.54272], [-3.86025, 37.53579], [-3.87616, 37.53524], [-3.88516, 37.53856], [-3.90489, 37.52567], [-3.90382, 37.52301], [-3.9082, 37.52156], [-3.90846, 37.5182], [-3.92364, 37.51452], [-3.93739, 37.51509], [-3.96743, 37.49606], [-3.97184, 37.49703], [-3.97354, 37.4922], [-3.9811, 37.49256], [-3.98288, 37.49572], [-4.00273, 37.50296], [-4.0159, 37.51566]]]}}, {"type": "Feature", "properties": {"ine_code": "23027", "name": "Cazalilla", "province": "Jaén"}, "geometry": {"type": "Polygon", "coordinates": [[[-3.87052, 37.90582], [-3.89097, 37.91554], [-3.91026, 37.91354], [-3.91072, 37.92082], [-3.9193, 37.92212], [-3.91318, 37.92953], [-3.91394, 37.9338], [-3.92914, 37.93365], [-3.92272, 37.9526], [-3.90714, 37.9482], [-3.90825, 37.96942], [-3.90005, 37.97793], [-3.90495, 38.00013], [-3.90282, 38.01185], [-3.89214, 38.01451], [-3.88672, 38.00258], [-3.84836, 37.9953], [-3.84984, 37.99253], [-3.84477, 37.98104], [-3.84808, 37.97366], [-3.84352, 37.96579], [-3.86833, 37.95578], [-3.86215, 37.92974], [-3.87095, 37.92783], [-3.87312, 37.91974], [-3.86788, 37.90772], [-3.87052, 37.90582]]]}}, {"type": "Feature", "properties": {"ine_code": "23028", "name": "Cazorla", "province": "Jaén"}, "geometry": {"type": "Polygon", "coordinates": [[[-3.19154, 37.95712], [-3.18557, 37.96025], [-3.18442, 37.96663], [-3.1754, 37.96792], [-3.17282, 37.97391], [-3.15867, 37.98019], [-3.15925, 37.99586], [-3.15164, 38.00093], [-3.15914, 38.00733], [-3.15211, 38.01371], [-3.14686, 38.01103], [-3.12021, 38.01022], [-3.11344, 38.00329], [-3.10503, 38.0078], [-3.09881, 38.00233], [-3.09296, 38.00558], [-3.08725, 38.00392], [-3.08865, 37.99662], [-3.08081, 37.98874], [-3.07523, 37.97592], [-3.05607, 37.95869], [-3.04382, 37.95627], [-3.03862, 37.93961], [-3.01787, 37.93484], [-3.00771, 37.92829], [-3.00042, 37.92909], [-2.99731, 37.92696], [-2.99794, 37.9188], [-2.98995, 37.91562], [-2.98494, 37.91538], [-2.97733, 37.92254], [-2.9718, 37.9236], [-2.96035, 37.91769], [-2.95577, 37.92809], [-2.93938, 37.94256], [-2.92729, 37.94076], [-2.91942, 37.94395], [-2.91082, 37.93722], [-2.89442, 37.93898], [-2.86792, 37.92957], [-2.84386, 37.95638], [-2.84071, 37.95771], [-2.83238, 37.94538], [-2.81861, 37.9549], [-2.81891, 37.96229], [-2.81554, 37.96558], [-2.8052, 37.95629], [-2.80012, 37.95592], [-2.80109, 37.94735], [-2.79472, 37.94117], [-2.78919, 37.94473], [-2.78133, 37.94477], [-2.78242, 37.93332], [-2.77363, 37.9271], [-2.79546, 37.90279], [-2.79949, 37.89004], [-2.80624, 37.88094], [-2.81961, 37.87614], [-2.82038, 37.85077], [-2.83435, 37.83062], [-2.83958, 37.82867], [-2.84059, 37.8214], [-2.87645, 37.79111], [-2.89919, 37.80609], [-2.90252, 37.83091], [-2.90208, 37.8447], [-2.89896, 37.84898], [-2.90352, 37.85086], [-2.90256, 37.85733], [-2.90778, 37.86019], [-2.91138, 37.86919], [-2.93038, 37.86595], [-2.94625, 37.86752], [-2.9549, 37.8742], [-2.95774, 37.87144], [-2.9604, 37.87569], [-2.99209, 37.88488], [-2.99493, 37.88112], [-2.99288, 37.87351], [-2.99543, 37.86194], [-3.00419, 37.87073], [-3.03484, 37.88868], [-3.07337, 37.89452], [-3.09843, 37.89148], [-3.10065, 37.89749], [-3.09591, 37.90077], [-3.10152, 37.90892], [-3.09892, 37.91645], [-3.10945, 37.92918], [-3.11909, 37.93124], [-3.1202, 37.93425], [-3.15225, 37.93297], [-3.15999, 37.93552], [-3.19154, 37.95712]]]}}, {"type": "Feature", "properties": {"ine_code": "23029", "name": "Chiclana de Segura", "province": "Jaén"}, "geometry": {"type": "Polygon", "coordinates": [[[-3.10239, 38.30543], [-3.09025, 38.32855], [-3.07219, 38.33906], [-3.06951, 38.33678], [-3.06612, 38.34078], [-3.05038, 38.34384], [-2.98075, 38.38457], [-2.98103, 38.3893], [-2.99676, 38.40559], [-3.00258, 38.40793], [-2.99193, 38.42866], [-2.99614, 38.44454], [-2.99152, 38.45106], [-2.9741, 38.45633], [-2.96413, 38.47037], [-2.95542, 38.46855], [-2.93829, 38.47457], [-2.90986, 38.46791], [-2.90451, 38.46972], [-2.88861, 38.4554], [-2.88014, 38.45241], [-2.88687, 38.44913], [-2.88365, 38.4451], [-2.88917, 38.44485], [-2.88542, 38.44064], [-2.89254, 38.43729], [-2.88912, 38.4328], [-2.89227, 38.42597], [-2.88605, 38.42086], [-2.89157, 38.42043], [-2.89239, 38.41395], [-2.90083, 38.40807], [-2.89917, 38.40169], [-2.90634, 38.40189], [-2.89919, 38.39912], [-2.90686, 38.39518], [-2.90148, 38.38794], [-2.9103, 38.38591], [-2.90219, 38.38362], [-2.90648, 38.37878], [-2.90307, 38.37449], [-2.90792, 38.37385], [-2.91048, 38.36515], [-2.91502, 38.36207], [-2.91407, 38.35613], [-2.92074, 38.35806], [-2.92351, 38.35163], [-2.93842, 38.35181], [-2.94242, 38.34831], [-2.93367, 38.34278], [-2.94271, 38.3395], [-2.94119, 38.3263], [-2.94515, 38.32275], [-2.93687, 38.30825], [-2.94206, 38.30596], [-2.95133, 38.30791], [-2.94958, 38.29962], [-2.96585, 38.28659], [-2.96514, 38.27668], [-2.97451, 38.26945], [-2.98478, 38.26685], [-2.9787, 38.25435], [-2.98176, 38.2512], [-2.98927, 38.25295], [-2.99877, 38.25011], [-3.00059, 38.24724], [-2.99725, 38.24311], [-2.99998, 38.24219], [-3.00805, 38.24479], [-3.0059, 38.2521], [-3.01001, 38.25614], [-3.01483, 38.254], [-3.02968, 38.2577], [-3.0367, 38.25647], [-3.05188, 38.24783], [-3.08016, 38.25643], [-3.08848, 38.26189], [-3.08781, 38.26874], [-3.09891, 38.28649], [-3.10239, 38.30543]]]}}, {"type": "Feature", "properties": {"ine_code": "23030", "name": "Chilluévar", "province": "Jaén"}, "geometry": {"type": "Polygon", "coordinates": [[[-3.08724, 37.9954], [-3.03661, 38.01801], [-3.0048, 38.01742], [-2.99474, 38.01102], [-2.98996, 38.01496], [-2.9816, 38.01568], [-2.97717, 38.01022], [-2.9636, 38.00541], [-2.96933, 38.00035], [-2.98181, 38.00284], [-2.98833, 37.99629], [-2.99139, 37.99899], [-3.00189, 37.99469], [-3.00626, 37.99043], [-3.00845, 37.97787], [-3.01152, 37.97887], [-3.02268, 37.97182], [-3.02558, 37.9664], [-3.02261, 37.96014], [-3.0355, 37.95529], [-3.05607, 37.95869], [-3.06, 37.96456], [-3.06925, 37.96864], [-3.08724, 37.9954]]]}}, {"type": "Feature", "properties": {"ine_code": "23031", "name": "Escañuela", "province": "Jaén"}, "geometry": {"type": "Polygon", "coordinates": [[[-4.04695, 37.85787], [-4.0561, 37.87525], [-4.0637, 37.87881], [-4.05679, 37.88535], [-4.04275, 37.88682], [-4.03974, 37.89379], [-4.01572, 37.88913], [-4.01651, 37.88484], [-3.99829, 37.87553], [-3.99825, 37.87133], [-4.03189, 37.85719], [-4.04695, 37.85787]]]}}, {"type": "Feature", "properties": {"ine_code": "23032", "name": "Espeluy", "province": "Jaén"}, "geometry": {"type": "Polygon", "coordinates": [[[-3.89214, 38.01451], [-3.88825, 38.01945], [-3.89656, 38.02904], [-3.89943, 38.04188], [-3.89374, 38.04822], [-3.88213, 38.03875], [-3.86726, 38.04438], [-3.85676, 38.03959], [-3.8315, 38.04004], [-3.83695, 38.02697], [-3.82482, 38.02013], [-3.82688, 38.00975], [-3.82321, 38.00806], [-3.8281, 38.008], [-3.84836, 37.9953], [-3.88672, 38.00258], [-3.89214, 38.01451]]]}}, {"type": "Feature", "properties": {"ine_code": "23033", "name": "Frailes", "province": "Jaén"}, "geometry": {"type": "Polygon", "coordinates": [[[-3.80836, 37.45794], [-3.85552, 37.47144], [-3.86611, 37.48844], [-3.8681, 37.49595], [-3.85832, 37.50545], [-3.85759, 37.51238], [-3.83718, 37.5226], [-3.83746, 37.52759], [-3.82056, 37.52178], [-3.81665, 37.52644], [-3.79591, 37.51972], [-3.79134, 37.50142], [-3.77976, 37.49644], [-3.77569, 37.49143], [-3.78557, 37.4909], [-3.79254, 37.48247], [-3.79154, 37.47888], [-3.78656, 37.47832], [-3.79172, 37.46619], [-3.80836, 37.45794]]]}}, {"type": "Feature", "properties": {"ine_code": "23034", "name": "Fuensanta de Martos", "province": "Jaén"}, "geometry": {"type": "Polygon", "coordinates": [[[-3.87318, 37.59103], [-3.89205, 37.58401], [-3.89641, 37.58775], [-3.91174, 37.58232], [-3.91703, 37.58843], [-3.91791, 37.59551], [-3.93467, 37.59974], [-3.93323, 37.6075], [-3.94947, 37.61854], [-3.95216, 37.625], [-3.95597, 37.64369], [-3.9518, 37.65952], [-3.91232, 37.67473], [-3.88669, 37.67853], [-3.88293, 37.65563], [-3.8834, 37.63366], [-3.87022, 37.60612], [-3.87318, 37.59103]]]}}, {"type": "Feature", "properties": {"ine_code": "23035", "name": "Fuerte del Rey", "province": "Jaén"}, "geometry": {"type": "Polygon", "coordinates": [[[-3.96418, 37.93515], [-3.95175, 37.93835], [-3.94292, 37.93664], [-3.9375, 37.95335], [-3.92272, 37.9526], [-3.92914, 37.93365], [-3.91394, 37.9338], [-3.91318, 37.92953], [-3.9193, 37.92212], [-3.91072, 37.92082], [-3.91026, 37.91354], [-3.8874, 37.91454], [-3.87213, 37.90831], [-3.86414, 37.89991], [-3.86184, 37.89275], [-3.8567, 37.89203], [-3.85682, 37.87196], [-3.86206, 37.86926], [-3.85978, 37.86731], [-3.86187, 37.86089], [-3.89344, 37.86462], [-3.90525, 37.8769], [-3.90694, 37.88527], [-3.91783, 37.9025], [-3.95005, 37.92109], [-3.96418, 37.93515]]]}}, {"type": "Feature", "properties": {"ine_code": "23037", "name": "Génave", "province": "Jaén"}, "geometry": {"type": "Polygon", "coordinates": [[[-2.82001, 38.44391], [-2.79946, 38.45532], [-2.79328, 38.46709], [-2.78485, 38.47388], [-2.76988, 38.47843], [-2.75732, 38.46477], [-2.74363, 38.46903], [-2.73015, 38.4835], [-2.72242, 38.481], [-2.68624, 38.44663], [-2.70411, 38.42669], [-2.73263, 38.41204], [-2.73704, 38.40197], [-2.75825, 38.39931], [-2.79519, 38.41814], [-2.82001, 38.44391]]]}}, {"type": "Feature", "properties": {"ine_code": "23038", "name": "La Guardia de Jaén", "province": "Jaén"}, "geometry": {"type": "Polygon", "coordinates": [[[-3.65408, 37.7579], [-3.68042, 37.72641], [-3.7011, 37.71747], [-3.70462, 37.70862], [-3.71022, 37.70823], [-3.72398, 37.7188], [-3.72404, 37.73439], [-3.71917, 37.74608], [-3.72272, 37.75261], [-3.74367, 37.76738], [-3.74716, 37.77364], [-3.74527, 37.77857], [-3.7213, 37.77632], [-3.71256, 37.77739], [-3.70438, 37.78401], [-3.69316, 37.78425], [-3.66877, 37.7778], [-3.65408, 37.7579]]]}}, {"type": "Feature", "properties": {"ine_code": "23039", "name": "Guarromán", "province": "Jaén"}, "geometry": {"type": "MultiPolygon", "coordinates": [[[[-3.83218, 38.14398], [-3.82386, 38.13341], [-3.81787, 38.10785], [-3.81294, 38.10361], [-3.82399, 38.07081], [-3.84128, 38.07006], [-3.85229, 38.06325], [-3.84851, 38.06869], [-3.85051, 38.0784], [-3.86029, 38.07911], [-3.85781, 38.082], [-3.86028, 38.08648], [-3.87487, 38.08986], [-3.87568, 38.09429], [-3.86974, 38.10236], [-3.8931, 38.11309], [-3.90159, 38.12223], [-3.90171, 38.12982], [-3.89604, 38.14902], [-3.88343, 38.15176], [-3.83218, 38.14398]]], [[[-3.73504, 38.14692], [-3.71702, 38.1616], [-3.7062, 38.1773], [-3.69554, 38.18631], [-3.70558, 38.19461], [-3.68212, 38.21257], [-3.69064, 38.22945], [-3.70691, 38.23079], [-3.70486, 38.2381], [-3.68887, 38.2361], [-3.67759, 38.22878], [-3.60059, 38.1705], [-3.61296, 38.15763], [-3.61459, 38.14931], [-3.62393, 38.1611], [-3.65841, 38.15633], [-3.68099, 38.17334], [-3.68685, 38.16064], [-3.69761, 38.15797], [-3.7055, 38.15108], [-3.70264, 38.13345], [-3.70639, 38.12826], [-3.71565, 38.13695], [-3.73504, 38.14692]]]]}}, {"type": "Feature", "properties": {"ine_code": "23040", "name": "Lahiguera", "province": "Jaén"}, "geometry": {"type": "Polygon", "coordinates": [[[-4.03519, 37.96536], [-4.02861, 37.98723], [-3.98509, 38.00086], [-3.97118, 37.99829], [-3.96512, 38.00044], [-3.95696, 37.98985], [-3.94958, 37.95889], [-3.94339, 37.95892], [-3.9375, 37.95335], [-3.94292, 37.93664], [-3.95175, 37.93835], [-3.97986, 37.92967], [-3.98537, 37.93901], [-4.00716, 37.93776], [-4.03519, 37.96536]]]}}, {"type": "Feature", "properties": {"ine_code": "23041", "name": "Higuera de Calatrava", "province": "Jaén"}, "geometry": {"type": "Polygon", "coordinates": [[[-4.21162, 37.78274], [-4.19759, 37.78917], [-4.18245, 37.80379], [-4.17742, 37.80346], [-4.16587, 37.8111], [-4.16632, 37.81977], [-4.16354, 37.8234], [-4.13647, 37.83162], [-4.13554, 37.83683], [-4.13071, 37.83511], [-4.12876, 37.82705], [-4.11666, 37.82134], [-4.11258, 37.82348], [-4.11705, 37.80714], [-4.11594, 37.7854], [-4.11875, 37.77771], [-4.13095, 37.78111], [-4.15084, 37.76085], [-4.15406, 37.76735], [-4.18718, 37.76713], [-4.19371, 37.76955], [-4.19449, 37.77298], [-4.20798, 37.77721], [-4.21162, 37.78274]]]}}, {"type": "Feature", "properties": {"ine_code": "23042", "name": "Hinojares", "province": "Jaén"}, "geometry": {"type": "Polygon", "coordinates": [[[-3.02632, 37.74409], [-3.00745, 37.75433], [-2.97961, 37.76206], [-2.96178, 37.78032], [-2.96961, 37.76538], [-2.96668, 37.75366], [-2.96911, 37.74337], [-2.96181, 37.73688], [-2.97677, 37.71337], [-3.00643, 37.68274], [-3.00869, 37.68807], [-3.01958, 37.68621], [-3.02101, 37.6895], [-3.02614, 37.68603], [-3.02939, 37.68947], [-3.02249, 37.69369], [-3.02658, 37.69948], [-3.03047, 37.69872], [-3.0374, 37.70502], [-3.04487, 37.70673], [-3.04459, 37.71223], [-3.05049, 37.71453], [-3.04818, 37.71983], [-3.05587, 37.72482], [-3.04366, 37.72341], [-3.03691, 37.72695], [-3.0331, 37.73391], [-3.02796, 37.73592], [-3.02632, 37.74409]]]}}, {"type": "Feature", "properties": {"ine_code": "23043", "name": "Hornos", "province": "Jaén"}, "geometry": {"type": "MultiPolygon", "coordinates": [[[[-2.80714, 38.08261], [-2.81206, 38.08584], [-2.81353, 38.09136], [-2.82829, 38.09626], [-2.8258, 38.1051], [-2.81759, 38.11672], [-2.81189, 38.13784], [-2.80373, 38.13866], [-2.79642, 38.14603], [-2.78125, 38.14568], [-2.77765, 38.13837], [-2.78437, 38.12553], [-2.78191, 38.12336], [-2.77752, 38.12761], [-2.77552, 38.12446], [-2.76524, 38.12464], [-2.76139, 38.11264], [-2.76759, 38.10377], [-2.77742, 38.09858], [-2.78582, 38.10021], [-2.79804, 38.09538], [-2.80123, 38.08499], [-2.80714, 38.08261]]], [[[-2.80356, 38.19101], [-2.79129, 38.20624], [-2.79443, 38.20747], [-2.78133, 38.21052], [-2.77799, 38.22208], [-2.76851, 38.2319], [-2.76845, 38.24192], [-2.76173, 38.23753], [-2.75571, 38.23988], [-2.74426, 38.23602], [-2.71465, 38.24499], [-2.68892, 38.24046], [-2.67403, 38.23171], [-2.65542, 38.24174], [-2.6511, 38.22836], [-2.6533, 38.21644], [-2.65112, 38.20448], [-2.6353, 38.19446], [-2.63454, 38.18265], [-2.6297, 38.17426], [-2.63421, 38.1664], [-2.67308, 38.17356], [-2.68766, 38.17335], [-2.7008, 38.17771], [-2.71947, 38.17738], [-2.72783, 38.17101], [-2.75051, 38.16535], [-2.78954, 38.1692], [-2.79525, 38.17237], [-2.797, 38.18181], [-2.80356, 38.19101]]]]}}, {"type": "Feature", "properties": {"ine_code": "23044", "name": "Huelma", "province": "Jaén"}, "geometry": {"type": "Polygon", "coordinates": [[[-3.50647, 37.61728], [-3.50775, 37.62621], [-3.50032, 37.64343], [-3.49929, 37.65854], [-3.48982, 37.66678], [-3.49067, 37.67098], [-3.48181, 37.67932], [-3.47831, 37.68792], [-3.47235, 37.69136], [-3.46685, 37.70415], [-3.46949, 37.715], [-3.47611, 37.72412], [-3.46497, 37.72618], [-3.45629, 37.73238], [-3.44578, 37.73055], [-3.4275, 37.73349], [-3.42214, 37.72176], [-3.40285, 37.71132], [-3.38939, 37.71032], [-3.37077, 37.71748], [-3.37864, 37.70467], [-3.3448, 37.69242], [-3.33024, 37.69835], [-3.33346, 37.70277], [-3.33276, 37.71638], [-3.33021, 37.72464], [-3.32419, 37.72942], [-3.33062, 37.75243], [-3.30818, 37.7499], [-3.29913, 37.7381], [-3.30165, 37.72498], [-3.31332, 37.6989], [-3.31311, 37.68829], [-3.30538, 37.66881], [-3.30713, 37.6449], [-3.31267, 37.63531], [-3.30079, 37.59923], [-3.30156, 37.59333], [-3.2965, 37.58805], [-3.33132, 37.58183], [-3.34482, 37.57562], [-3.35732, 37.57637], [-3.36657, 37.56761], [-3.37445, 37.56751], [-3.37883, 37.56416], [-3.3993, 37.56405], [-3.42451, 37.56953], [-3.43379, 37.57555], [-3.43687, 37.5739], [-3.46116, 37.59842], [-3.48006, 37.60125], [-3.50647, 37.61728]]]}}, {"type": "Feature", "properties": {"ine_code": "23045", "name": "Huesa", "province": "Jaén"}, "geometry": {"type": "Polygon", "coordinates": [[[-3.09169, 37.59656], [-3.07829, 37.60149], [-3.08497, 37.60756], [-3.0859, 37.61926], [-3.09341, 37.63488], [-3.09077, 37.64586], [-3.09457, 37.65388], [-3.0935, 37.66282], [-3.08305, 37.67283], [-3.11018, 37.68231], [-3.10315, 37.69217], [-3.11411, 37.71076], [-3.1173, 37.72487], [-3.11086, 37.74204], [-3.12408, 37.74783], [-3.12049, 37.7674], [-3.12239, 37.77094], [-3.13096, 37.77029], [-3.1375, 37.78483], [-3.1336, 37.78571], [-3.12443, 37.78065], [-3.07946, 37.78774], [-3.06241, 37.78698], [-3.0544, 37.79172], [-3.04496, 37.78299], [-3.0448, 37.77838], [-3.05382, 37.76527], [-3.05337, 37.75413], [-3.04762, 37.74761], [-3.03538, 37.74887], [-3.02632, 37.74409], [-3.02796, 37.73592], [-3.0331, 37.73391], [-3.03691, 37.72695], [-3.04366, 37.72341], [-3.05587, 37.72482], [-3.04818, 37.71983], [-3.05049, 37.71453], [-3.04459, 37.71223], [-3.04487, 37.70673], [-3.0374, 37.70502], [-3.03047, 37.69872], [-3.02658, 37.69948], [-3.02249, 37.69369], [-3.02939, 37.68947], [-3.02614, 37.68603], [-3.02101, 37.6895], [-3.01958, 37.68621], [-3.00852, 37.688], [-3.00655, 37.68207], [-3.012, 37.67593], [-3.00716, 37.67082], [-3.01572, 37.66044], [-3.01019, 37.65933], [-3.00923, 37.65479], [-2.99465, 37.65355], [-3.00425, 37.64327], [-3.00326, 37.63768], [-3.0102, 37.63027], [-3.0063, 37.62822], [-3.01043, 37.62562], [-3.00954, 37.62301], [-3.00487, 37.62046], [-3.0098, 37.61499], [-3.00821, 37.60796], [-3.02147, 37.61002], [-3.02643, 37.61565], [-3.0287, 37.61406], [-3.03508, 37.61861], [-3.0435, 37.61587], [-3.05132, 37.61833], [-3.05793, 37.60664], [-3.07347, 37.6034], [-3.08609, 37.59576], [-3.09169, 37.59656]]]}}, {"type": "Feature", "properties": {"ine_code": "23046", "name": "Ibros", "province": "Jaén"}, "geometry": {"type": "Polygon", "coordinates": [[[-3.54053, 38.01953], [-3.56744, 38.0193], [-3.58295, 38.03156], [-3.59027, 38.04104], [-3.58555, 38.04631], [-3.58538, 38.07203], [-3.57969, 38.08076], [-3.56974, 38.08188], [-3.56488, 38.093], [-3.54957, 38.09647], [-3.54145, 38.08816], [-3.53251, 38.08563], [-3.52873, 38.08686], [-3.52395, 38.09599], [-3.51909, 38.09705], [-3.5098, 38.08812], [-3.50294, 38.08698], [-3.50369, 38.07348], [-3.52867, 38.08127], [-3.53259, 38.07224], [-3.51714, 38.05025], [-3.51099, 38.04917], [-3.49765, 38.03876], [-3.49298, 38.04102], [-3.48926, 38.03361], [-3.4847, 38.03223], [-3.48811, 38.02761], [-3.48292, 38.01776], [-3.48842, 38.01063], [-3.50143, 38.00609], [-3.51494, 38.00746], [-3.52587, 38.01572], [-3.54053, 38.01953]]]}}, {"type": "Feature", "properties": {"ine_code": "23047", "name": "La Iruela", "province": "Jaén"}, "geometry": {"type": "Polygon", "coordinates": [[[-3.04382, 37.95627], [-3.0355, 37.95529], [-3.02261, 37.96014], [-3.02558, 37.9664], [-3.02268, 37.97182], [-3.01152, 37.97887], [-3.00845, 37.97787], [-3.00626, 37.99043], [-3.00164, 37.99484], [-2.99139, 37.99899], [-2.98833, 37.99629], [-2.98181, 38.00284], [-2.96933, 38.00035], [-2.95883, 38.01032], [-2.94827, 38.01274], [-2.93355, 38.0083], [-2.91193, 37.98614], [-2.88671, 37.98153], [-2.88616, 37.97878], [-2.87738, 37.98356], [-2.87173, 37.98299], [-2.86121, 38.01539], [-2.85892, 38.00917], [-2.85134, 38.00789], [-2.84822, 38.00204], [-2.82964, 37.99474], [-2.82485, 37.98874], [-2.81453, 37.98638], [-2.81428, 37.97929], [-2.81883, 37.97427], [-2.81893, 37.96856], [-2.81486, 37.96793], [-2.81891, 37.96229], [-2.81919, 37.95423], [-2.83238, 37.94538], [-2.84225, 37.95722], [-2.85007, 37.95149], [-2.86043, 37.93501], [-2.86837, 37.92951], [-2.89442, 37.93898], [-2.91082, 37.93722], [-2.91942, 37.94395], [-2.92729, 37.94076], [-2.93938, 37.94256], [-2.95577, 37.92809], [-2.96035, 37.91769], [-2.9718, 37.9236], [-2.97733, 37.92254], [-2.98494, 37.91538], [-2.98995, 37.91562], [-2.99794, 37.9188], [-2.99731, 37.92696], [-3.00042, 37.92909], [-3.00771, 37.92829], [-3.00932, 37.93164], [-3.02041, 37.93572], [-3.03667, 37.93803], [-3.04149, 37.94325], [-3.04382, 37.95627]]]}}, {"type": "Feature", "properties": {"ine_code": "23048", "name": "Iznatoraf", "province": "Jaén"}, "geometry": {"type": "MultiPolygon", "coordinates": [[[[-2.97398, 38.12267], [-2.96778, 38.13517], [-2.97045, 38.13929], [-2.95597, 38.14123], [-2.91675, 38.13741], [-2.92934, 38.14079], [-2.92543, 38.14387], [-2.91374, 38.14103], [-2.90917, 38.14897], [-2.90389, 38.15004], [-2.88566, 38.13322], [-2.83665, 38.1182], [-2.84082, 38.10475], [-2.84587, 38.10046], [-2.87154, 38.1035], [-2.89278, 38.1012], [-2.90301, 38.10513], [-2.9141, 38.10188], [-2.9214, 38.0958], [-2.92863, 38.09548], [-2.92911, 38.09915], [-2.94952, 38.10447], [-2.95285, 38.10731], [-2.95205, 38.11339], [-2.9679, 38.11918], [-2.97398, 38.12267]]], [[[-3.14158, 38.16788], [-3.13516, 38.17488], [-3.12994, 38.17497], [-3.13002, 38.17075], [-3.12627, 38.16877], [-3.12058, 38.17214], [-3.11609, 38.17001], [-3.0992, 38.17492], [-3.098, 38.1717], [-3.10222, 38.17003], [-3.1007, 38.16163], [-3.09167, 38.15691], [-3.07031, 38.15538], [-3.06203, 38.15592], [-3.07837, 38.1721], [-3.0758, 38.17484], [-3.05729, 38.17278], [-3.04316, 38.16704], [-3.02856, 38.17204], [-3.02414, 38.17034], [-3.02465, 38.16605], [-3.01294, 38.15689], [-3.01276, 38.14681], [-3.01377, 38.14127], [-3.02255, 38.13251], [-3.02664, 38.11276], [-3.01589, 38.1095], [-3.01668, 38.10158], [-3.00744, 38.10543], [-3.00233, 38.10344], [-3.00289, 38.09947], [-3.02402, 38.09488], [-3.0265, 38.08408], [-3.03192, 38.07796], [-3.04222, 38.08489], [-3.04095, 38.10866], [-3.05761, 38.11297], [-3.06268, 38.12657], [-3.05876, 38.12862], [-3.06433, 38.13779], [-3.09893, 38.14508], [-3.10936, 38.13722], [-3.11488, 38.14795], [-3.11439, 38.15406], [-3.13334, 38.16086], [-3.14158, 38.16788]]]]}}, {"type": "Feature", "properties": {"ine_code": "23049", "name": "Jabalquinto", "province": "Jaén"}, "geometry": {"type": "Polygon", "coordinates": [[[-3.8315, 38.04004], [-3.81524, 38.03265], [-3.79148, 38.03152], [-3.76905, 38.03561], [-3.76025, 38.03876], [-3.74997, 38.05099], [-3.72837, 38.06053], [-3.71431, 38.05215], [-3.69541, 38.04898], [-3.68548, 38.0408], [-3.68615, 38.0374], [-3.68235, 38.0349], [-3.68661, 38.03218], [-3.68754, 38.02031], [-3.68288, 38.01378], [-3.69118, 38.00523], [-3.68989, 38.00047], [-3.70049, 37.99768], [-3.71266, 37.9863], [-3.73704, 37.98578], [-3.74807, 37.99009], [-3.75451, 37.98686], [-3.75657, 37.98111], [-3.76648, 37.97704], [-3.77209, 37.97921], [-3.77503, 37.98691], [-3.79158, 37.98647], [-3.80644, 37.98114], [-3.8094, 37.98306], [-3.80563, 37.99138], [-3.80755, 38.00327], [-3.80229, 38.01179], [-3.81265, 38.01095], [-3.81804, 38.00711], [-3.82245, 38.00853], [-3.82482, 38.02013], [-3.83695, 38.02697], [-3.8315, 38.04004]]]}}, {"type": "Feature", "properties": {"ine_code": "23050", "name": "Jaén", "province": "Jaén"}, "geometry": {"type": "MultiPolygon", "coordinates": [[[[-3.86846, 37.90867], [-3.87312, 37.91974], [-3.87095, 37.92783], [-3.84004, 37.93423], [-3.82336, 37.93253], [-3.81784, 37.92768], [-3.80773, 37.92952], [-3.80229, 37.92454], [-3.79258, 37.92424], [-3.7911, 37.91744], [-3.77563, 37.9215], [-3.75695, 37.91117], [-3.73778, 37.91051], [-3.73274, 37.92047], [-3.70104, 37.91377], [-3.67475, 37.91459], [-3.6764, 37.90321], [-3.6728, 37.89447], [-3.64991, 37.89695], [-3.61338, 37.88361], [-3.61177, 37.87854], [-3.61405, 37.87541], [-3.6252, 37.86887], [-3.62366, 37.83634], [-3.64161, 37.82276], [-3.65017, 37.82155], [-3.66382, 37.81155], [-3.65686, 37.81008], [-3.65734, 37.80186], [-3.66877, 37.7778], [-3.69316, 37.78425], [-3.70438, 37.78401], [-3.71446, 37.77711], [-3.74623, 37.77787], [-3.74367, 37.76738], [-3.72272, 37.75261], [-3.71917, 37.74608], [-3.72404, 37.73439], [-3.72398, 37.7188], [-3.71022, 37.70823], [-3.70462, 37.70862], [-3.70503, 37.69706], [-3.67873, 37.67413], [-3.69363, 37.66682], [-3.70065, 37.65753], [-3.70136, 37.64556], [-3.70952, 37.63668], [-3.72153, 37.63716], [-3.72771, 37.63164], [-3.73302, 37.63468], [-3.74353, 37.63172], [-3.75911, 37.63343], [-3.76447, 37.62811], [-3.78157, 37.63377], [-3.77882, 37.64294], [-3.78129, 37.65006], [-3.77529, 37.66028], [-3.77808, 37.67275], [-3.78779, 37.68657], [-3.793, 37.70144], [-3.79094, 37.70997], [-3.79795, 37.70985], [-3.81666, 37.72605], [-3.84334, 37.73741], [-3.85013, 37.75912], [-3.8449, 37.76097], [-3.84005, 37.77116], [-3.83374, 37.79567], [-3.83693, 37.8012], [-3.83503, 37.81254], [-3.826, 37.81894], [-3.83764, 37.84123], [-3.86129, 37.85871], [-3.85978, 37.86731], [-3.86206, 37.86926], [-3.85682, 37.87196], [-3.85554, 37.88855], [-3.85695, 37.89232], [-3.86184, 37.89275], [-3.86414, 37.89991], [-3.87052, 37.90582], [-3.86846, 37.90867]]], [[[-3.63029, 37.95362], [-3.61636, 37.95065], [-3.61509, 37.93443], [-3.61822, 37.92509], [-3.6115, 37.91836], [-3.62531, 37.90786], [-3.62818, 37.92017], [-3.62473, 37.92745], [-3.63707, 37.93564], [-3.63029, 37.95362]]]]}}, {"type": "Feature", "properties": {"ine_code": "23051", "name": "Jamilena", "province": "Jaén"}, "geometry": {"type": "Polygon", "coordinates": [[[-3.94003, 37.7418], [-3.92321, 37.74755], [-3.91202, 37.75686], [-3.8957, 37.74388], [-3.8903, 37.73055], [-3.89724, 37.73471], [-3.9088, 37.72723], [-3.92382, 37.72263], [-3.93943, 37.73146], [-3.94003, 37.7418]]]}}, {"type": "Feature", "properties": {"ine_code": "23052", "name": "Jimena", "province": "Jaén"}, "geometry": {"type": "Polygon", "coordinates": [[[-3.48351, 37.80498], [-3.48745, 37.81238], [-3.51052, 37.8285], [-3.51646, 37.84251], [-3.53463, 37.83508], [-3.56584, 37.80905], [-3.5804, 37.80648], [-3.58214, 37.81367], [-3.57043, 37.82974], [-3.57804, 37.83816], [-3.57527, 37.84781], [-3.58026, 37.85297], [-3.57406, 37.85966], [-3.56159, 37.86255], [-3.52877, 37.86614], [-3.51874, 37.86212], [-3.51051, 37.86838], [-3.45452, 37.85014], [-3.45068, 37.8431], [-3.45633, 37.8382], [-3.45409, 37.83017], [-3.45963, 37.81805], [-3.47482, 37.80689], [-3.48351, 37.80498]]]}}, {"type": "Feature", "properties": {"ine_code": "23053", "name": "Jódar", "province": "Jaén"}, "geometry": {"type": "Polygon", "coordinates": [[[-3.40883, 37.9064], [-3.38087, 37.90565], [-3.38028, 37.91245], [-3.36775, 37.91104], [-3.35696, 37.9183], [-3.35257, 37.91232], [-3.32361, 37.90582], [-3.29677, 37.88574], [-3.294, 37.87635], [-3.28103, 37.8644], [-3.28158, 37.84614], [-3.27558, 37.83588], [-3.26863, 37.8043], [-3.27108, 37.76113], [-3.31637, 37.74973], [-3.32955, 37.75349], [-3.33669, 37.76204], [-3.36266, 37.76131], [-3.38009, 37.77047], [-3.38293, 37.77976], [-3.36079, 37.78652], [-3.35947, 37.79684], [-3.36202, 37.80189], [-3.3586, 37.80646], [-3.38081, 37.81876], [-3.39344, 37.82113], [-3.39215, 37.83225], [-3.38783, 37.83922], [-3.38179, 37.83952], [-3.37707, 37.84525], [-3.37767, 37.86469], [-3.38736, 37.87805], [-3.40495, 37.88945], [-3.40576, 37.89515], [-3.41177, 37.90111], [-3.40883, 37.9064]]]}}, {"type": "Feature", "properties": {"ine_code": "23054", "name": "Larva", "province": "Jaén"}, "geometry": {"type": "Polygon", "coordinates": [[[-3.19516, 37.72519], [-3.20043, 37.73293], [-3.22339, 37.73792], [-3.23213, 37.74517], [-3.23233, 37.7577], [-3.22411, 37.76755], [-3.22454, 37.78795], [-3.21979, 37.80206], [-3.22289, 37.81145], [-3.18315, 37.80132], [-3.16455, 37.78001], [-3.14903, 37.76893], [-3.16556, 37.74907], [-3.19516, 37.72519]]]}}, {"type": "Feature", "properties": {"ine_code": "23055", "name": "Linares", "province": "Jaén"}, "geometry": {"type": "Polygon", "coordinates": [[[-3.68845, 38.00217], [-3.69118, 38.00523], [-3.68288, 38.01378], [-3.68754, 38.02031], [-3.68692, 38.03097], [-3.68235, 38.0349], [-3.69541, 38.04898], [-3.71431, 38.05215], [-3.7287, 38.06056], [-3.74997, 38.05099], [-3.75796, 38.04104], [-3.76205, 38.03772], [-3.7524, 38.05515], [-3.74401, 38.05558], [-3.72708, 38.07368], [-3.71052, 38.0788], [-3.71142, 38.08669], [-3.7188, 38.09847], [-3.70273, 38.13238], [-3.70577, 38.15046], [-3.69761, 38.15797], [-3.68685, 38.16064], [-3.68099, 38.17334], [-3.65841, 38.15633], [-3.62393, 38.1611], [-3.61459, 38.14931], [-3.61296, 38.15763], [-3.60059, 38.1705], [-3.57806, 38.15476], [-3.57986, 38.15192], [-3.57384, 38.14601], [-3.56186, 38.14659], [-3.55173, 38.14118], [-3.54609, 38.14392], [-3.54144, 38.14235], [-3.51744, 38.11839], [-3.52303, 38.11075], [-3.54957, 38.09647], [-3.56488, 38.093], [-3.56974, 38.08188], [-3.58247, 38.0782], [-3.58797, 38.04184], [-3.61414, 38.03722], [-3.63897, 38.01489], [-3.64654, 38.01361], [-3.65425, 38.01693], [-3.66232, 38.00813], [-3.68409, 38.00678], [-3.68845, 38.00217]]]}}, {"type": "Feature", "properties": {"ine_code": "23056", "name": "Lopera", "province": "Jaén"}, "geometry": {"type": "Polygon", "coordinates": [[[-4.25991, 37.95776], [-4.27184, 37.98971], [-4.27858, 38.00136], [-4.28445, 38.00383], [-4.28225, 38.02281], [-4.25942, 38.02241], [-4.26438, 38.00908], [-4.22687, 38.00704], [-4.21313, 37.99254], [-4.20732, 37.9909], [-4.19548, 37.97826], [-4.19819, 37.96587], [-4.18043, 37.95081], [-4.18237, 37.93109], [-4.17058, 37.92581], [-4.18173, 37.92482], [-4.18192, 37.92025], [-4.18566, 37.92219], [-4.18764, 37.91925], [-4.21924, 37.91837], [-4.25306, 37.9072], [-4.26523, 37.9071], [-4.25805, 37.93932], [-4.25991, 37.95776]]]}}, {"type": "Feature", "properties": {"ine_code": "23057", "name": "Lupión", "province": "Jaén"}, "geometry": {"type": "Polygon", "coordinates": [[[-3.58551, 37.99419], [-3.59145, 38.0064], [-3.5975, 38.00811], [-3.59717, 38.01511], [-3.6095, 38.01774], [-3.61727, 38.01521], [-3.62852, 38.024], [-3.61414, 38.03722], [-3.59026, 38.04157], [-3.57175, 38.02089], [-3.54053, 38.01953], [-3.5387, 38.01397], [-3.52469, 38.00303], [-3.5379, 37.99818], [-3.54084, 37.992], [-3.54592, 37.99029], [-3.58551, 37.99419]]]}}, {"type": "Feature", "properties": {"ine_code": "23058", "name": "Mancha Real", "province": "Jaén"}, "geometry": {"type": "Polygon", "coordinates": [[[-3.66877, 37.7778], [-3.65734, 37.80186], [-3.65686, 37.81008], [-3.66382, 37.81155], [-3.65017, 37.82155], [-3.64161, 37.82276], [-3.62366, 37.83634], [-3.6252, 37.86887], [-3.61206, 37.87799], [-3.61477, 37.89143], [-3.60079, 37.90405], [-3.60963, 37.91878], [-3.61822, 37.92509], [-3.61509, 37.93443], [-3.61624, 37.95145], [-3.60882, 37.95119], [-3.60242, 37.95734], [-3.60023, 37.95454], [-3.58908, 37.95809], [-3.59076, 37.95309], [-3.57352, 37.93081], [-3.57425, 37.92078], [-3.57059, 37.91384], [-3.57999, 37.89103], [-3.59309, 37.87525], [-3.58728, 37.86115], [-3.5755, 37.84845], [-3.57804, 37.83816], [-3.57043, 37.82974], [-3.58214, 37.81367], [-3.5804, 37.80648], [-3.58561, 37.8014], [-3.59192, 37.78582], [-3.59095, 37.77779], [-3.58573, 37.76999], [-3.57811, 37.76724], [-3.56853, 37.75428], [-3.58753, 37.75398], [-3.60419, 37.75918], [-3.60831, 37.75716], [-3.6197, 37.76367], [-3.63531, 37.75608], [-3.64706, 37.75981], [-3.65113, 37.7572], [-3.66736, 37.7728], [-3.66877, 37.7778]]]}}, {"type": "Feature", "properties": {"ine_code": "23059", "name": "Marmolejo", "province": "Jaén"}, "geometry": {"type": "Polygon", "coordinates": [[[-4.25942, 38.02241], [-4.26025, 38.02875], [-4.26853, 38.04052], [-4.25051, 38.03924], [-4.24085, 38.04605], [-4.23993, 38.05301], [-4.25156, 38.0482], [-4.25153, 38.06605], [-4.24654, 38.06939], [-4.23628, 38.06279], [-4.23517, 38.0736], [-4.22756, 38.07981], [-4.23365, 38.08359], [-4.2284, 38.08567], [-4.221, 38.08313], [-4.22766, 38.09138], [-4.21792, 38.08838], [-4.21319, 38.09048], [-4.21247, 38.09457], [-4.22123, 38.10349], [-4.21832, 38.11049], [-4.20234, 38.10891], [-4.20308, 38.11363], [-4.19834, 38.11663], [-4.19928, 38.12246], [-4.19458, 38.12809], [-4.17457, 38.13172], [-4.16571, 38.14374], [-4.16103, 38.14495], [-4.16542, 38.14941], [-4.16351, 38.16117], [-4.16856, 38.1653], [-4.16652, 38.17296], [-4.11072, 38.14322], [-4.11287, 38.13392], [-4.09566, 38.12882], [-4.08595, 38.11741], [-4.091, 38.1098], [-4.09003, 38.10498], [-4.09791, 38.10281], [-4.09783, 38.09003], [-4.10517, 38.08768], [-4.10006, 38.08116], [-4.11354, 38.07493], [-4.11158, 38.07197], [-4.09911, 38.07075], [-4.12236, 38.03988], [-4.11903, 38.03707], [-4.12755, 38.02577], [-4.12554, 38.02122], [-4.12842, 38.01299], [-4.14258, 38.0061], [-4.15428, 38.00454], [-4.15305, 38.00128], [-4.16133, 37.99922], [-4.17376, 37.98624], [-4.18765, 37.99034], [-4.21089, 37.99143], [-4.22693, 38.00705], [-4.26438, 38.00908], [-4.25942, 38.02241]]]}}, {"type": "Feature", "properties": {"ine_code": "23060", "name": "Martos", "province": "Jaén"}, "geometry": {"type": "Polygon", "coordinates": [[[-4.18384, 37.70631], [-4.16847, 37.71152], [-4.1468, 37.72709], [-4.13603, 37.75032], [-4.12337, 37.74504], [-4.11394, 37.74488], [-4.11156, 37.75464], [-4.08033, 37.76096], [-4.05807, 37.75899], [-4.05436, 37.75272], [-4.0407, 37.75048], [-4.03012, 37.75214], [-4.02872, 37.75712], [-4.02338, 37.75508], [-4.02356, 37.76013], [-4.01095, 37.75978], [-4.00253, 37.75723], [-3.99174, 37.74531], [-3.97248, 37.73784], [-3.94003, 37.7418], [-3.93943, 37.73146], [-3.92382, 37.72263], [-3.89655, 37.73487], [-3.88928, 37.72891], [-3.88669, 37.67853], [-3.91232, 37.67473], [-3.9518, 37.65952], [-3.95533, 37.6391], [-3.94947, 37.61854], [-3.93323, 37.6075], [-3.93467, 37.59974], [-3.91791, 37.59551], [-3.91283, 37.58272], [-3.90017, 37.58738], [-3.89205, 37.58401], [-3.87974, 37.5899], [-3.87318, 37.59103], [-3.87355, 37.58849], [-3.87885, 37.57705], [-3.88359, 37.57615], [-3.91333, 37.58122], [-3.92965, 37.59077], [-3.93944, 37.58806], [-3.95316, 37.59345], [-3.98959, 37.59878], [-3.99711, 37.60942], [-4.02672, 37.62462], [-4.03174, 37.63114], [-4.03991, 37.62957], [-4.05472, 37.63342], [-4.05908, 37.63825], [-4.07146, 37.64257], [-4.07372, 37.65086], [-4.06872, 37.66059], [-4.07176, 37.66796], [-4.06129, 37.68208], [-4.07913, 37.7055], [-4.09203, 37.69576], [-4.0979, 37.68653], [-4.12419, 37.67639], [-4.16308, 37.67955], [-4.18384, 37.70631]]]}}, {"type": "Feature", "properties": {"ine_code": "23061", "name": "Mengíbar", "province": "Jaén"}, "geometry": {"type": "Polygon", "coordinates": [[[-3.77602, 37.92152], [-3.7911, 37.91744], [-3.79258, 37.92424], [-3.80229, 37.92454], [-3.80773, 37.92952], [-3.81784, 37.92768], [-3.82336, 37.93253], [-3.84004, 37.93423], [-3.86215, 37.92974], [-3.86833, 37.95578], [-3.84352, 37.96579], [-3.84808, 37.97366], [-3.84477, 37.98104], [-3.84984, 37.99253], [-3.84836, 37.9953], [-3.8281, 38.008], [-3.8241, 38.00686], [-3.82688, 38.00975], [-3.82481, 38.01259], [-3.8184, 38.00707], [-3.80394, 38.01273], [-3.80236, 38.01122], [-3.80755, 38.00327], [-3.80563, 37.99138], [-3.80935, 37.98507], [-3.8081, 37.98157], [-3.79158, 37.98647], [-3.77503, 37.98691], [-3.77209, 37.97921], [-3.76648, 37.97704], [-3.75657, 37.98111], [-3.75262, 37.98842], [-3.74324, 37.98948], [-3.74248, 37.98653], [-3.74878, 37.97963], [-3.7453, 37.97763], [-3.74055, 37.981], [-3.73599, 37.96571], [-3.74903, 37.96679], [-3.75739, 37.95097], [-3.78035, 37.95046], [-3.77487, 37.94226], [-3.77629, 37.93989], [-3.7727, 37.93788], [-3.77795, 37.92518], [-3.77602, 37.92152]]]}}, {"type": "Feature", "properties": {"ine_code": "23062", "name": "Montizón", "province": "Jaén"}, "geometry": {"type": "Polygon", "coordinates": [[[-3.1302, 38.43877], [-3.11807, 38.44869], [-3.06497, 38.47825], [-3.0067, 38.41645], [-3.00258, 38.40793], [-2.99676, 38.40559], [-2.98103, 38.3893], [-2.98035, 38.38553], [-3.05038, 38.34384], [-3.06612, 38.34078], [-3.06951, 38.33678], [-3.07219, 38.33906], [-3.09025, 38.32855], [-3.10401, 38.30571], [-3.11848, 38.30396], [-3.1225, 38.30723], [-3.13282, 38.30664], [-3.14584, 38.31527], [-3.15765, 38.30986], [-3.17312, 38.32638], [-3.18762, 38.33621], [-3.20751, 38.36308], [-3.23134, 38.38347], [-3.19285, 38.40485], [-3.1876, 38.40301], [-3.17651, 38.40902], [-3.14416, 38.40649], [-3.11898, 38.4295], [-3.11901, 38.43367], [-3.1302, 38.43877]]]}}, {"type": "Feature", "properties": {"ine_code": "23063", "name": "Navas de San Juan", "province": "Jaén"}, "geometry": {"type": "Polygon", "coordinates": [[[-3.37222, 38.16684], [-3.37564, 38.17569], [-3.40027, 38.17387], [-3.40262, 38.18202], [-3.40989, 38.18554], [-3.41201, 38.1911], [-3.40985, 38.2], [-3.39805, 38.19553], [-3.39763, 38.20186], [-3.40363, 38.20391], [-3.40618, 38.21168], [-3.38517, 38.21785], [-3.37951, 38.21771], [-3.37525, 38.2119], [-3.37232, 38.21638], [-3.35878, 38.22048], [-3.36693, 38.22696], [-3.37679, 38.24845], [-3.37603, 38.25498], [-3.38461, 38.24869], [-3.38952, 38.25129], [-3.39676, 38.24895], [-3.40442, 38.25199], [-3.4045, 38.26628], [-3.40849, 38.26776], [-3.40822, 38.2724], [-3.40346, 38.27232], [-3.40184, 38.27739], [-3.39794, 38.27848], [-3.402, 38.28877], [-3.39613, 38.29527], [-3.39633, 38.30146], [-3.39153, 38.30317], [-3.39488, 38.30532], [-3.38456, 38.31048], [-3.3899, 38.31873], [-3.38697, 38.33299], [-3.39754, 38.34003], [-3.39848, 38.34448], [-3.3916, 38.34647], [-3.3863, 38.35596], [-3.38008, 38.35417], [-3.37938, 38.35785], [-3.37068, 38.35374], [-3.36675, 38.36212], [-3.36638, 38.34677], [-3.32614, 38.27504], [-3.33122, 38.27151], [-3.32922, 38.26202], [-3.32133, 38.24999], [-3.30751, 38.24294], [-3.27156, 38.20249], [-3.25417, 38.17489], [-3.24087, 38.16506], [-3.22542, 38.14102], [-3.24787, 38.14238], [-3.24838, 38.13227], [-3.25685, 38.13349], [-3.26028, 38.12917], [-3.2601, 38.1211], [-3.26752, 38.11823], [-3.27631, 38.12583], [-3.26761, 38.12962], [-3.26388, 38.13732], [-3.26827, 38.14298], [-3.27091, 38.15768], [-3.30069, 38.14478], [-3.29799, 38.1387], [-3.30729, 38.13601], [-3.31082, 38.12729], [-3.32705, 38.12782], [-3.32916, 38.12506], [-3.33962, 38.12463], [-3.34515, 38.13063], [-3.34395, 38.1366], [-3.35267, 38.15472], [-3.37222, 38.16684]]]}}, {"type": "Feature", "properties": {"ine_code": "23064", "name": "Noalejo", "province": "Jaén"}, "geometry": {"type": "Polygon", "coordinates": [[[-3.77976, 37.49644], [-3.77198, 37.50095], [-3.76172, 37.50155], [-3.74392, 37.51451], [-3.73353, 37.52859], [-3.71714, 37.53544], [-3.69135, 37.53981], [-3.68201, 37.53332], [-3.6554, 37.53217], [-3.65022, 37.52895], [-3.63258, 37.53413], [-3.60269, 37.55544], [-3.5805, 37.56316], [-3.56426, 37.58155], [-3.56541, 37.58531], [-3.55647, 37.59902], [-3.53586, 37.61579], [-3.51868, 37.6231], [-3.50647, 37.61728], [-3.53678, 37.59668], [-3.53903, 37.59294], [-3.53533, 37.58531], [-3.53649, 37.58026], [-3.55678, 37.57244], [-3.55976, 37.56523], [-3.59173, 37.5509], [-3.59079, 37.5485], [-3.59992, 37.54738], [-3.6276, 37.52846], [-3.68444, 37.51765], [-3.71152, 37.50313], [-3.7301, 37.48752], [-3.7447, 37.48682], [-3.77624, 37.47648], [-3.77774, 37.49034], [-3.77569, 37.49143], [-3.77976, 37.49644]]]}}, {"type": "Feature", "properties": {"ine_code": "23065", "name": "Orcera", "province": "Jaén"}, "geometry": {"type": "MultiPolygon", "coordinates": [[[[-2.74719, 38.30063], [-2.7606, 38.30508], [-2.75406, 38.30986], [-2.75082, 38.31886], [-2.72167, 38.3254], [-2.71206, 38.33944], [-2.70491, 38.33942], [-2.69622, 38.34511], [-2.68015, 38.34499], [-2.64038, 38.33692], [-2.62267, 38.34116], [-2.61105, 38.34854], [-2.60385, 38.34385], [-2.5958, 38.34339], [-2.59982, 38.3339], [-2.59186, 38.33028], [-2.59048, 38.31813], [-2.58322, 38.31489], [-2.58181, 38.30703], [-2.56668, 38.28902], [-2.56052, 38.27717], [-2.56222, 38.27016], [-2.55833, 38.26666], [-2.58102, 38.24644], [-2.58633, 38.25221], [-2.59412, 38.24838], [-2.59761, 38.24982], [-2.60036, 38.25293], [-2.5952, 38.25842], [-2.59459, 38.26471], [-2.60843, 38.2616], [-2.61026, 38.2811], [-2.60758, 38.28552], [-2.61106, 38.28909], [-2.6101, 38.29367], [-2.61352, 38.29533], [-2.61008, 38.29911], [-2.61409, 38.30432], [-2.63609, 38.31615], [-2.66221, 38.30764], [-2.70487, 38.30321], [-2.7278, 38.30819], [-2.74719, 38.30063]]], [[[-2.90808, 38.37129], [-2.90307, 38.37449], [-2.90648, 38.37878], [-2.90219, 38.38362], [-2.9101, 38.38668], [-2.90148, 38.38794], [-2.90686, 38.39518], [-2.89919, 38.39912], [-2.90617, 38.40236], [-2.89917, 38.40169], [-2.90083, 38.40807], [-2.89239, 38.41395], [-2.89157, 38.42043], [-2.88585, 38.4213], [-2.89227, 38.42597], [-2.88912, 38.4328], [-2.89254, 38.43729], [-2.88542, 38.44064], [-2.88917, 38.44485], [-2.88365, 38.4451], [-2.88687, 38.44913], [-2.88014, 38.45241], [-2.88378, 38.45803], [-2.87674, 38.45623], [-2.8792, 38.46309], [-2.86872, 38.4653], [-2.86742, 38.47103], [-2.85949, 38.47032], [-2.86102, 38.47549], [-2.84996, 38.47514], [-2.8545, 38.47905], [-2.84537, 38.48192], [-2.83997, 38.47822], [-2.83895, 38.48551], [-2.83169, 38.47756], [-2.83141, 38.48758], [-2.82312, 38.48541], [-2.82556, 38.48776], [-2.81705, 38.49418], [-2.81224, 38.49176], [-2.81412, 38.4967], [-2.80669, 38.49678], [-2.80111, 38.48605], [-2.78695, 38.47237], [-2.79328, 38.46709], [-2.79606, 38.45872], [-2.81588, 38.44505], [-2.84032, 38.44386], [-2.84413, 38.42849], [-2.85024, 38.42421], [-2.85278, 38.41746], [-2.85113, 38.40756], [-2.85507, 38.40477], [-2.8535, 38.40152], [-2.86215, 38.39527], [-2.86669, 38.39634], [-2.86996, 38.3875], [-2.8756, 38.38899], [-2.88659, 38.37921], [-2.89599, 38.37697], [-2.89946, 38.37185], [-2.90808, 38.37129]]]]}}, {"type": "Feature", "properties": {"ine_code": "23066", "name": "Peal de Becerro", "province": "Jaén"}, "geometry": {"type": "MultiPolygon", "coordinates": [[[[-2.99543, 37.86194], [-2.99288, 37.87351], [-2.99493, 37.88112], [-2.99209, 37.88488], [-2.9604, 37.87569], [-2.95774, 37.87144], [-2.9549, 37.8742], [-2.94625, 37.86752], [-2.93038, 37.86595], [-2.91111, 37.86896], [-2.90778, 37.86019], [-2.90256, 37.85733], [-2.90352, 37.85086], [-2.89896, 37.84898], [-2.90208, 37.8447], [-2.90252, 37.83091], [-2.89919, 37.80609], [-2.88243, 37.79399], [-2.87271, 37.79203], [-2.88029, 37.75995], [-2.89006, 37.76146], [-2.90009, 37.76787], [-2.9001, 37.77698], [-2.8949, 37.77958], [-2.90354, 37.7845], [-2.89992, 37.78806], [-2.90351, 37.79539], [-2.90248, 37.80533], [-2.91854, 37.81529], [-2.93181, 37.81627], [-2.94271, 37.8275], [-2.95584, 37.8335], [-2.95683, 37.84672], [-2.96141, 37.84913], [-2.96598, 37.84642], [-2.9871, 37.85986], [-2.99543, 37.86194]]], [[[-3.20816, 37.8395], [-3.20397, 37.84606], [-3.20626, 37.855], [-3.21594, 37.85513], [-3.21942, 37.86054], [-3.20843, 37.86764], [-3.21338, 37.87309], [-3.20952, 37.8904], [-3.216, 37.89608], [-3.21306, 37.90299], [-3.22553, 37.90396], [-3.22129, 37.90955], [-3.22229, 37.91577], [-3.23443, 37.91854], [-3.231, 37.92786], [-3.24258, 37.92566], [-3.24588, 37.93273], [-3.2462, 37.92911], [-3.254, 37.92487], [-3.25378, 37.92976], [-3.25788, 37.93084], [-3.2561, 37.93501], [-3.25044, 37.93468], [-3.2498, 37.93847], [-3.24259, 37.94306], [-3.24169, 37.93803], [-3.23533, 37.93409], [-3.23146, 37.93668], [-3.2361, 37.94063], [-3.23414, 37.94702], [-3.2203, 37.9445], [-3.21874, 37.94918], [-3.22139, 37.95217], [-3.2187, 37.95648], [-3.21516, 37.95617], [-3.21293, 37.95068], [-3.19778, 37.95803], [-3.19154, 37.95712], [-3.18464, 37.9505], [-3.15225, 37.93297], [-3.1202, 37.93425], [-3.11909, 37.93124], [-3.10945, 37.92918], [-3.09892, 37.91645], [-3.10093, 37.90548], [-3.09591, 37.90077], [-3.10043, 37.89824], [-3.10081, 37.88848], [-3.13236, 37.86917], [-3.14938, 37.85273], [-3.19077, 37.83162], [-3.19675, 37.83718], [-3.20816, 37.8395]]]]}}, {"type": "Feature", "properties": {"ine_code": "23067", "name": "Pegalajar", "province": "Jaén"}, "geometry": {"type": "Polygon", "coordinates": [[[-3.70503, 37.69706], [-3.7011, 37.71747], [-3.68042, 37.72641], [-3.65408, 37.7579], [-3.64706, 37.75981], [-3.6364, 37.75589], [-3.6197, 37.76367], [-3.60831, 37.75716], [-3.60419, 37.75918], [-3.58753, 37.75398], [-3.57337, 37.75533], [-3.54992, 37.7419], [-3.52599, 37.73415], [-3.56263, 37.72168], [-3.57196, 37.71505], [-3.58515, 37.7145], [-3.5928, 37.71759], [-3.60977, 37.70908], [-3.64124, 37.67817], [-3.6566, 37.67729], [-3.66231, 37.67019], [-3.67195, 37.66623], [-3.67571, 37.67405], [-3.68909, 37.68134], [-3.70503, 37.69706]]]}}, {"type": "Feature", "properties": {"ine_code": "23069", "name": "Porcuna", "province": "Jaén"}, "geometry": {"type": "Polygon", "coordinates": [[[-4.28764, 37.80151], [-4.2781, 37.85056], [-4.27992, 37.87651], [-4.27099, 37.91136], [-4.26607, 37.91168], [-4.26523, 37.9071], [-4.2602, 37.90599], [-4.22971, 37.91308], [-4.22727, 37.91703], [-4.18764, 37.91925], [-4.18566, 37.92219], [-4.18192, 37.92025], [-4.17958, 37.9257], [-4.17058, 37.92581], [-4.15753, 37.92108], [-4.15874, 37.9161], [-4.12626, 37.90391], [-4.12029, 37.88693], [-4.10911, 37.88528], [-4.10631, 37.86306], [-4.1102, 37.85883], [-4.1075, 37.85738], [-4.11627, 37.85752], [-4.12294, 37.84814], [-4.1302, 37.84553], [-4.13617, 37.83184], [-4.16354, 37.8234], [-4.16632, 37.81977], [-4.16587, 37.8111], [-4.17742, 37.80346], [-4.18245, 37.80379], [-4.19759, 37.78917], [-4.21162, 37.78274], [-4.24448, 37.78959], [-4.25903, 37.78869], [-4.28586, 37.79572], [-4.28764, 37.80151]]]}}, {"type": "Feature", "properties": {"ine_code": "23070", "name": "Pozo Alcón", "province": "Jaén"}, "geometry": {"type": "Polygon", "coordinates": [[[-2.97818, 37.60275], [-2.99566, 37.60312], [-3.00821, 37.60796], [-3.0098, 37.61499], [-3.00487, 37.62046], [-3.00954, 37.62301], [-3.01043, 37.62562], [-3.0063, 37.62822], [-3.0102, 37.63027], [-3.00326, 37.63768], [-3.00425, 37.64327], [-2.99465, 37.65355], [-3.00923, 37.65479], [-3.01019, 37.65933], [-3.0157, 37.66194], [-3.00716, 37.67082], [-3.01185, 37.67681], [-2.97677, 37.71337], [-2.96159, 37.73735], [-2.96911, 37.74337], [-2.96668, 37.75366], [-2.96956, 37.76571], [-2.96178, 37.78032], [-2.9535, 37.78854], [-2.95679, 37.79624], [-2.95419, 37.80213], [-2.95554, 37.81339], [-2.94799, 37.83085], [-2.93181, 37.81627], [-2.91854, 37.81529], [-2.9018, 37.80422], [-2.90351, 37.79539], [-2.89992, 37.78806], [-2.90354, 37.7845], [-2.8949, 37.77958], [-2.9001, 37.77698], [-2.90009, 37.76787], [-2.89006, 37.76146], [-2.89931, 37.75664], [-2.90436, 37.74937], [-2.90243, 37.73895], [-2.907, 37.72748], [-2.90072, 37.72316], [-2.90412, 37.70593], [-2.89948, 37.68538], [-2.88404, 37.68132], [-2.9022, 37.66571], [-2.97792, 37.63398], [-2.97399, 37.62291], [-2.98441, 37.61425], [-2.97638, 37.60666], [-2.97818, 37.60275]]]}}, {"type": "Feature", "properties": {"ine_code": "23071", "name": "Puente de Génave", "province": "Jaén"}, "geometry": {"type": "Polygon", "coordinates": [[[-2.86552, 38.36845], [-2.86765, 38.37136], [-2.83984, 38.36218], [-2.83199, 38.35802], [-2.81608, 38.37232], [-2.81204, 38.36521], [-2.79757, 38.36503], [-2.78209, 38.35856], [-2.78942, 38.35475], [-2.7747, 38.33538], [-2.77692, 38.3158], [-2.781, 38.30819], [-2.77934, 38.30295], [-2.79257, 38.28922], [-2.80033, 38.28857], [-2.8079, 38.29935], [-2.80657, 38.30488], [-2.82094, 38.31503], [-2.81706, 38.31923], [-2.84153, 38.32919], [-2.84868, 38.35143], [-2.85231, 38.34734], [-2.868, 38.34473], [-2.86423, 38.34905], [-2.86883, 38.36268], [-2.86552, 38.36845]]]}}, {"type": "Feature", "properties": {"ine_code": "23072", "name": "La Puerta de Segura", "province": "Jaén"}, "geometry": {"type": "Polygon", "coordinates": [[[-2.77934, 38.30295], [-2.781, 38.30819], [-2.77692, 38.3158], [-2.7747, 38.33538], [-2.78942, 38.35475], [-2.78209, 38.35856], [-2.79757, 38.36503], [-2.81204, 38.36521], [-2.81608, 38.37232], [-2.83199, 38.35802], [-2.86923, 38.37068], [-2.85932, 38.38707], [-2.86275, 38.39505], [-2.8535, 38.40152], [-2.85507, 38.40477], [-2.85113, 38.40756], [-2.85361, 38.41311], [-2.85111, 38.42263], [-2.84413, 38.42849], [-2.84307, 38.43817], [-2.83778, 38.44519], [-2.82001, 38.44391], [-2.79519, 38.41814], [-2.75601, 38.39809], [-2.75124, 38.38517], [-2.74146, 38.38019], [-2.73957, 38.38743], [-2.73422, 38.38683], [-2.71858, 38.3803], [-2.71565, 38.37473], [-2.72086, 38.36464], [-2.71627, 38.36108], [-2.72128, 38.34892], [-2.71206, 38.33944], [-2.72067, 38.32632], [-2.75082, 38.31886], [-2.75406, 38.30986], [-2.7606, 38.30508], [-2.76704, 38.30658], [-2.77934, 38.30295]]]}}, {"type": "Feature", "properties": {"ine_code": "23073", "name": "Quesada", "province": "Jaén"}, "geometry": {"type": "Polygon", "coordinates": [[[-3.22661, 37.83196], [-3.20806, 37.83854], [-3.19675, 37.83718], [-3.18999, 37.8318], [-3.18406, 37.83728], [-3.14938, 37.85273], [-3.13236, 37.86917], [-3.10338, 37.88646], [-3.10064, 37.89111], [-3.07337, 37.89452], [-3.03261, 37.88769], [-3.00419, 37.87073], [-2.99611, 37.86225], [-2.9871, 37.85986], [-2.96598, 37.84642], [-2.96141, 37.84913], [-2.95683, 37.84672], [-2.95584, 37.8335], [-2.94799, 37.83085], [-2.95554, 37.81339], [-2.95486, 37.78633], [-2.97961, 37.76206], [-3.00745, 37.75433], [-3.02632, 37.74409], [-3.03538, 37.74887], [-3.04762, 37.74761], [-3.05337, 37.75413], [-3.05382, 37.76527], [-3.0448, 37.77838], [-3.04496, 37.78299], [-3.0541, 37.79163], [-3.06241, 37.78698], [-3.07946, 37.78774], [-3.12443, 37.78065], [-3.1336, 37.78571], [-3.1375, 37.78483], [-3.13096, 37.77029], [-3.12239, 37.77094], [-3.12049, 37.7674], [-3.12408, 37.74783], [-3.11086, 37.74204], [-3.1173, 37.72487], [-3.11411, 37.71076], [-3.10315, 37.69217], [-3.11018, 37.68231], [-3.08305, 37.67283], [-3.0935, 37.66282], [-3.09457, 37.65388], [-3.09077, 37.64586], [-3.09341, 37.63488], [-3.0859, 37.61926], [-3.08497, 37.60756], [-3.07829, 37.60149], [-3.09169, 37.59656], [-3.09942, 37.60216], [-3.09973, 37.60549], [-3.12499, 37.61058], [-3.14833, 37.62656], [-3.15753, 37.64128], [-3.1588, 37.65279], [-3.16583, 37.66208], [-3.15993, 37.68079], [-3.1699, 37.70241], [-3.18154, 37.71681], [-3.19516, 37.72519], [-3.16556, 37.74907], [-3.14953, 37.77049], [-3.16455, 37.78001], [-3.18315, 37.80132], [-3.22149, 37.81023], [-3.22352, 37.81702], [-3.22031, 37.82188], [-3.22661, 37.83196]]]}}, {"type": "Feature", "properties": {"ine_code": "23074", "name": "Rus", "province": "Jaén"}, "geometry": {"type": "Polygon", "coordinates": [[[-3.50369, 38.07348], [-3.50479, 38.08143], [-3.49927, 38.09285], [-3.48415, 38.09171], [-3.47955, 38.09706], [-3.46999, 38.0985], [-3.45832, 38.10673], [-3.45831, 38.11121], [-3.44992, 38.11521], [-3.44062, 38.12701], [-3.42285, 38.12335], [-3.4193, 38.11824], [-3.40838, 38.11991], [-3.40233, 38.1139], [-3.41872, 38.10487], [-3.43278, 38.08655], [-3.43284, 38.07015], [-3.41908, 38.05355], [-3.42713, 38.05147], [-3.43106, 38.04352], [-3.44408, 38.0383], [-3.44911, 38.03298], [-3.47272, 38.0303], [-3.47679, 38.03328], [-3.48926, 38.03361], [-3.49207, 38.03949], [-3.48811, 38.041], [-3.48207, 38.03731], [-3.47375, 38.0387], [-3.4781, 38.04686], [-3.47623, 38.05844], [-3.49097, 38.07405], [-3.50369, 38.07348]]]}}, {"type": "Feature", "properties": {"ine_code": "23075", "name": "Sabiote", "province": "Jaén"}, "geometry": {"type": "Polygon", "coordinates": [[[-3.32916, 38.12506], [-3.32705, 38.12782], [-3.31082, 38.12729], [-3.30796, 38.13537], [-3.29953, 38.1382], [-3.29596, 38.13415], [-3.29724, 38.12666], [-3.29012, 38.12468], [-3.28274, 38.13404], [-3.27459, 38.12248], [-3.26505, 38.11837], [-3.2601, 38.1211], [-3.26028, 38.12917], [-3.25685, 38.13349], [-3.24838, 38.13227], [-3.24762, 38.1425], [-3.22345, 38.14007], [-3.21977, 38.14488], [-3.21107, 38.14035], [-3.21212, 38.14455], [-3.19986, 38.14616], [-3.19805, 38.13242], [-3.20032, 38.13036], [-3.19249, 38.11649], [-3.17571, 38.10286], [-3.16913, 38.10179], [-3.15924, 38.09101], [-3.19224, 38.07659], [-3.21907, 38.07612], [-3.23391, 38.06227], [-3.24268, 38.0583], [-3.24632, 38.04944], [-3.25896, 38.03892], [-3.28969, 38.05066], [-3.31921, 38.04871], [-3.33224, 38.05523], [-3.34222, 38.0656], [-3.34026, 38.08039], [-3.33339, 38.08497], [-3.32711, 38.09743], [-3.32916, 38.12506]]]}}, {"type": "Feature", "properties": {"ine_code": "23076", "name": "Santa Elena", "province": "Jaén"}, "geometry": {"type": "Polygon", "coordinates": [[[-3.59824, 38.39847], [-3.58585, 38.4056], [-3.58636, 38.43395], [-3.58308, 38.45147], [-3.56736, 38.45203], [-3.54384, 38.44631], [-3.53516, 38.43941], [-3.53215, 38.43112], [-3.53436, 38.41966], [-3.52844, 38.40864], [-3.50592, 38.40801], [-3.49622, 38.40373], [-3.48547, 38.40403], [-3.47259, 38.39796], [-3.45316, 38.4002], [-3.4436, 38.39265], [-3.4437, 38.38898], [-3.45205, 38.38336], [-3.44908, 38.38054], [-3.45148, 38.36933], [-3.47464, 38.36693], [-3.48882, 38.35951], [-3.49714, 38.34906], [-3.48953, 38.33931], [-3.49915, 38.33473], [-3.50004, 38.32539], [-3.49101, 38.32632], [-3.48142, 38.32224], [-3.48547, 38.31675], [-3.47633, 38.3131], [-3.47559, 38.30888], [-3.48336, 38.30035], [-3.47733, 38.29315], [-3.48643, 38.29521], [-3.49893, 38.29259], [-3.51348, 38.30519], [-3.54183, 38.3133], [-3.57958, 38.30579], [-3.58949, 38.32954], [-3.61648, 38.34908], [-3.61612, 38.35397], [-3.61111, 38.35897], [-3.62237, 38.37511], [-3.61623, 38.37186], [-3.59824, 38.39847]]]}}, {"type": "Feature", "properties": {"ine_code": "23077", "name": "Santiago de Calatrava", "province": "Jaén"}, "geometry": {"type": "Polygon", "coordinates": [[[-4.24032, 37.72636], [-4.22556, 37.762], [-4.20726, 37.77008], [-4.20652, 37.77761], [-4.18718, 37.76713], [-4.15406, 37.76735], [-4.15359, 37.76296], [-4.14661, 37.75759], [-4.14512, 37.74985], [-4.13603, 37.75032], [-4.1468, 37.72709], [-4.16847, 37.71152], [-4.18835, 37.70549], [-4.23822, 37.71946], [-4.24032, 37.72636]]]}}, {"type": "Feature", "properties": {"ine_code": "23079", "name": "Santisteban del Puerto", "province": "Jaén"}, "geometry": {"type": "Polygon", "coordinates": [[[-3.38037, 38.45055], [-3.37501, 38.47524], [-3.32649, 38.48212], [-3.30526, 38.47928], [-3.29676, 38.47057], [-3.28897, 38.47037], [-3.27942, 38.46024], [-3.21954, 38.45291], [-3.22241, 38.433], [-3.21773, 38.4277], [-3.2169, 38.418], [-3.22162, 38.41156], [-3.2324, 38.41397], [-3.22714, 38.40551], [-3.23812, 38.37069], [-3.22605, 38.36203], [-3.22876, 38.35457], [-3.22709, 38.34725], [-3.20604, 38.34117], [-3.19549, 38.32841], [-3.19628, 38.32161], [-3.17058, 38.31947], [-3.16259, 38.27536], [-3.1622, 38.2415], [-3.15513, 38.21347], [-3.15469, 38.198], [-3.14341, 38.1764], [-3.13753, 38.17212], [-3.15101, 38.15647], [-3.15512, 38.15603], [-3.15425, 38.1634], [-3.1598, 38.1646], [-3.16137, 38.15318], [-3.16899, 38.1554], [-3.18475, 38.15117], [-3.1979, 38.13243], [-3.19986, 38.14616], [-3.21212, 38.14455], [-3.21074, 38.1404], [-3.21977, 38.14488], [-3.22189, 38.14079], [-3.22542, 38.14102], [-3.24087, 38.16506], [-3.25417, 38.17489], [-3.27156, 38.20249], [-3.30751, 38.24294], [-3.32133, 38.24999], [-3.33121, 38.26559], [-3.33122, 38.27151], [-3.32614, 38.27504], [-3.366, 38.34596], [-3.36696, 38.36127], [-3.3477, 38.36105], [-3.29798, 38.36917], [-3.29066, 38.37785], [-3.28179, 38.38005], [-3.28721, 38.38577], [-3.29233, 38.3994], [-3.2876, 38.41758], [-3.3006, 38.43469], [-3.30997, 38.44133], [-3.30741, 38.44521], [-3.31061, 38.44901], [-3.30495, 38.45998], [-3.30793, 38.47171], [-3.32232, 38.47297], [-3.34588, 38.46586], [-3.34946, 38.4547], [-3.36415, 38.44769], [-3.38037, 38.45055]]]}}, {"type": "Feature", "properties": {"ine_code": "23080", "name": "Santo Tomé", "province": "Jaén"}, "geometry": {"type": "Polygon", "coordinates": [[[-3.1437, 38.01265], [-3.14824, 38.01951], [-3.13362, 38.02492], [-3.13781, 38.03259], [-3.13593, 38.03637], [-3.12589, 38.03154], [-3.11781, 38.04231], [-3.11723, 38.03609], [-3.1121, 38.03424], [-3.10003, 38.04164], [-3.08867, 38.03415], [-3.08821, 38.04107], [-3.0805, 38.04641], [-3.06382, 38.04173], [-3.05066, 38.03124], [-3.02827, 38.04038], [-2.99682, 38.04186], [-2.9785, 38.02904], [-2.9723, 38.03841], [-2.95514, 38.04041], [-2.95046, 38.03395], [-2.93733, 38.03101], [-2.93317, 38.02375], [-2.91945, 38.01682], [-2.90259, 38.02326], [-2.89776, 38.01066], [-2.88448, 38.00502], [-2.88192, 37.99896], [-2.88408, 37.99672], [-2.87984, 37.99787], [-2.86794, 38.01667], [-2.86121, 38.01539], [-2.87173, 37.98299], [-2.87738, 37.98356], [-2.88584, 37.97877], [-2.88671, 37.98153], [-2.91193, 37.98614], [-2.93355, 38.0083], [-2.94497, 38.01277], [-2.95883, 38.01032], [-2.9636, 38.00541], [-2.97717, 38.01022], [-2.9816, 38.01568], [-2.98996, 38.01496], [-2.99474, 38.01102], [-3.0048, 38.01742], [-3.03661, 38.01801], [-3.08724, 37.9954], [-3.08706, 38.00367], [-3.09045, 38.00552], [-3.09881, 38.00233], [-3.10503, 38.0078], [-3.11344, 38.00329], [-3.12021, 38.01022], [-3.1437, 38.01265]]]}}, {"type": "Feature", "properties": {"ine_code": "23081", "name": "Segura de la Sierra", "province": "Jaén"}, "geometry": {"type": "MultiPolygon", "coordinates": [[[[-2.68973, 37.97382], [-2.68516, 37.97871], [-2.68763, 37.9816], [-2.68554, 37.98763], [-2.67417, 37.99652], [-2.66155, 38.01366], [-2.6626, 38.01941], [-2.64421, 38.02331], [-2.65311, 38.00652], [-2.65137, 37.99594], [-2.66116, 37.98749], [-2.65969, 37.98497], [-2.664, 37.98069], [-2.65037, 37.97138], [-2.6557, 37.96626], [-2.67049, 37.96137], [-2.6836, 37.96806], [-2.68973, 37.97382]]], [[[-2.62256, 37.99053], [-2.63816, 38.00567], [-2.63933, 38.01551], [-2.6341, 38.02942], [-2.62798, 38.02869], [-2.63044, 38.01833], [-2.62829, 38.01378], [-2.61437, 38.00704], [-2.612, 38.00095], [-2.62256, 37.99053]]], [[[-2.76708, 38.24194], [-2.76286, 38.24659], [-2.76176, 38.27042], [-2.75073, 38.27453], [-2.75265, 38.28364], [-2.75794, 38.28834], [-2.75509, 38.29823], [-2.7278, 38.30819], [-2.7039, 38.30324], [-2.65802, 38.30842], [-2.63609, 38.31615], [-2.61409, 38.30432], [-2.61008, 38.29911], [-2.61352, 38.29533], [-2.6101, 38.29367], [-2.61106, 38.28909], [-2.60758, 38.28552], [-2.61026, 38.2811], [-2.60843, 38.2616], [-2.59459, 38.26471], [-2.5952, 38.25842], [-2.60036, 38.25293], [-2.59761, 38.24982], [-2.59412, 38.24838], [-2.58633, 38.25221], [-2.58333, 38.24656], [-2.58041, 38.24675], [-2.55833, 38.26666], [-2.56222, 38.27016], [-2.5603, 38.27439], [-2.5443, 38.26977], [-2.54133, 38.26379], [-2.55282, 38.25633], [-2.55998, 38.2445], [-2.56415, 38.2457], [-2.56902, 38.23741], [-2.57946, 38.23557], [-2.58284, 38.22976], [-2.60662, 38.22467], [-2.61434, 38.22748], [-2.61966, 38.20232], [-2.61747, 38.19684], [-2.60829, 38.1902], [-2.61148, 38.17983], [-2.60634, 38.17267], [-2.61989, 38.15734], [-2.6324, 38.16642], [-2.6297, 38.17426], [-2.63454, 38.18265], [-2.6353, 38.19446], [-2.65112, 38.20448], [-2.6533, 38.21644], [-2.6511, 38.22836], [-2.65542, 38.24174], [-2.67403, 38.23171], [-2.69717, 38.24289], [-2.71465, 38.24499], [-2.74426, 38.23602], [-2.75571, 38.23988], [-2.76338, 38.238], [-2.76708, 38.24194]]], [[[-2.52934, 38.27545], [-2.54207, 38.2896], [-2.53662, 38.28887], [-2.51642, 38.31043], [-2.49463, 38.30709], [-2.4845, 38.31555], [-2.4854, 38.30148], [-2.48131, 38.29494], [-2.44187, 38.28482], [-2.43495, 38.26479], [-2.43639, 38.25963], [-2.44038, 38.26035], [-2.44479, 38.25003], [-2.44249, 38.24791], [-2.44655, 38.24477], [-2.44219, 38.24239], [-2.44308, 38.2356], [-2.44051, 38.23269], [-2.45443, 38.21829], [-2.45954, 38.23535], [-2.47062, 38.23982], [-2.47816, 38.24782], [-2.48292, 38.24901], [-2.49495, 38.24359], [-2.49193, 38.26097], [-2.5006, 38.26454], [-2.50909, 38.27736], [-2.52934, 38.27545]]], [[[-2.8652, 38.34544], [-2.8723, 38.3393], [-2.88227, 38.33869], [-2.88033, 38.33561], [-2.88246, 38.33462], [-2.89085, 38.33731], [-2.89555, 38.33134], [-2.90217, 38.33269], [-2.92059, 38.32215], [-2.92696, 38.3224], [-2.93433, 38.31735], [-2.9356, 38.31275], [-2.93847, 38.31266], [-2.94505, 38.32189], [-2.94119, 38.3263], [-2.94271, 38.3395], [-2.93367, 38.34278], [-2.94253, 38.34751], [-2.93984, 38.35126], [-2.92367, 38.35156], [-2.92062, 38.35808], [-2.91407, 38.35613], [-2.91559, 38.36081], [-2.90859, 38.37187], [-2.89946, 38.37185], [-2.89599, 38.37697], [-2.88659, 38.37921], [-2.8756, 38.38899], [-2.86996, 38.3875], [-2.86585, 38.39658], [-2.85932, 38.38707], [-2.86923, 38.37068], [-2.86552, 38.36845], [-2.86883, 38.36268], [-2.86423, 38.349], [-2.8652, 38.34544]]]]}}, {"type": "Feature", "properties": {"ine_code": "23082", "name": "Siles", "province": "Jaén"}, "geometry": {"type": "MultiPolygon", "coordinates": [[[[-2.65596, 38.38889], [-2.64362, 38.4172], [-2.60938, 38.43357], [-2.60727, 38.4434], [-2.59433, 38.45531], [-2.60008, 38.4703], [-2.59581, 38.47835], [-2.58685, 38.48403], [-2.59381, 38.50175], [-2.6027, 38.51332], [-2.59728, 38.51244], [-2.58518, 38.50338], [-2.5797, 38.50309], [-2.5666, 38.4907], [-2.57362, 38.48795], [-2.57743, 38.47602], [-2.56769, 38.46101], [-2.56732, 38.45288], [-2.57143, 38.44728], [-2.56951, 38.44122], [-2.5774, 38.43459], [-2.57517, 38.43076], [-2.57702, 38.42241], [-2.57251, 38.4146], [-2.56147, 38.41213], [-2.55852, 38.40633], [-2.55021, 38.40296], [-2.5351, 38.40608], [-2.51973, 38.40362], [-2.51598, 38.40021], [-2.48342, 38.39775], [-2.48215, 38.39285], [-2.49355, 38.37117], [-2.49305, 38.36327], [-2.48733, 38.35367], [-2.4803, 38.34894], [-2.4802, 38.32834], [-2.4845, 38.31555], [-2.49463, 38.30709], [-2.51642, 38.31043], [-2.53662, 38.28887], [-2.54246, 38.2893], [-2.54138, 38.28421], [-2.54442, 38.28065], [-2.55596, 38.27771], [-2.56235, 38.28514], [-2.56254, 38.2914], [-2.57248, 38.29903], [-2.56935, 38.30335], [-2.57354, 38.31239], [-2.59048, 38.31813], [-2.59186, 38.33028], [-2.59982, 38.3339], [-2.5958, 38.34339], [-2.60565, 38.34473], [-2.61729, 38.35845], [-2.62745, 38.36222], [-2.62692, 38.37037], [-2.63822, 38.3742], [-2.63807, 38.38413], [-2.64508, 38.39067], [-2.64907, 38.3879], [-2.65596, 38.38889]]], [[[-2.80831, 38.49994], [-2.80529, 38.50322], [-2.80003, 38.49963], [-2.80011, 38.50442], [-2.7923, 38.50219], [-2.79354, 38.50858], [-2.78633, 38.51049], [-2.78813, 38.5148], [-2.78401, 38.51391], [-2.76837, 38.49682], [-2.76269, 38.47301], [-2.77002, 38.47848], [-2.78695, 38.47237], [-2.80111, 38.48605], [-2.80831, 38.49994]]]]}}, {"type": "Feature", "properties": {"ine_code": "23084", "name": "Sorihuela del Guadalimar", "province": "Jaén"}, "geometry": {"type": "MultiPolygon", "coordinates": [[[[-2.86523, 38.21831], [-2.8363, 38.21933], [-2.82414, 38.20928], [-2.81037, 38.20808], [-2.80211, 38.21099], [-2.79129, 38.20624], [-2.81506, 38.1834], [-2.82235, 38.1806], [-2.83633, 38.17883], [-2.85611, 38.18484], [-2.88335, 38.17283], [-2.88818, 38.16602], [-2.88421, 38.16101], [-2.88461, 38.15502], [-2.89496, 38.15461], [-2.89638, 38.16778], [-2.90774, 38.17893], [-2.9158, 38.17502], [-2.91831, 38.18019], [-2.91278, 38.17957], [-2.90931, 38.18534], [-2.90411, 38.18264], [-2.87893, 38.18581], [-2.86588, 38.19117], [-2.86624, 38.20773], [-2.85864, 38.21205], [-2.8666, 38.21607], [-2.86523, 38.21831]]], [[[-3.05026, 38.20734], [-3.06125, 38.2194], [-3.05613, 38.22211], [-3.06359, 38.22109], [-3.0703, 38.23448], [-3.06775, 38.23906], [-3.0706, 38.24751], [-3.07452, 38.24905], [-3.0714, 38.25132], [-3.07415, 38.25404], [-3.0646, 38.25372], [-3.05065, 38.24787], [-3.0367, 38.25647], [-3.02968, 38.2577], [-3.01483, 38.254], [-3.01001, 38.25614], [-3.0059, 38.2521], [-3.00847, 38.24502], [-3.01158, 38.24437], [-3.00812, 38.23751], [-3.01396, 38.23239], [-3.013, 38.22438], [-3.01756, 38.22162], [-3.00586, 38.21603], [-2.99559, 38.21433], [-2.98268, 38.22468], [-2.96902, 38.22578], [-2.97556, 38.21889], [-2.97318, 38.21328], [-2.97937, 38.20725], [-3.00031, 38.21503], [-3.0091, 38.21082], [-3.02192, 38.21555], [-3.02353, 38.20223], [-3.03349, 38.20448], [-3.03711, 38.19903], [-3.05026, 38.20734]]]]}}, {"type": "Feature", "properties": {"ine_code": "23085", "name": "Torreblascopedro", "province": "Jaén"}, "geometry": {"type": "Polygon", "coordinates": [[[-3.74299, 37.98878], [-3.73704, 37.98578], [-3.71266, 37.9863], [-3.70049, 37.99768], [-3.69016, 38.00025], [-3.68516, 38.00645], [-3.66308, 38.00784], [-3.65425, 38.01693], [-3.64654, 38.01361], [-3.63932, 38.01477], [-3.62852, 38.024], [-3.61727, 38.01521], [-3.6095, 38.01774], [-3.59717, 38.01511], [-3.5975, 38.00811], [-3.59145, 38.0064], [-3.58369, 37.99059], [-3.62226, 37.98338], [-3.63973, 37.97236], [-3.63662, 37.96085], [-3.64244, 37.94742], [-3.64885, 37.94389], [-3.66326, 37.94506], [-3.66828, 37.94947], [-3.67317, 37.94506], [-3.68516, 37.951], [-3.68772, 37.95527], [-3.70175, 37.95418], [-3.70823, 37.95686], [-3.71204, 37.96406], [-3.72013, 37.96967], [-3.72531, 37.9677], [-3.73491, 37.97218], [-3.7362, 37.98124], [-3.7479, 37.97839], [-3.74299, 37.98878]]]}}, {"type": "Feature", "properties": {"ine_code": "23086", "name": "Torredelcampo", "province": "Jaén"}, "geometry": {"type": "Polygon", "coordinates": [[[-4.0002, 37.87851], [-3.99719, 37.88471], [-3.97758, 37.89463], [-3.97588, 37.90061], [-3.97134, 37.90262], [-3.97272, 37.90546], [-3.96705, 37.90678], [-3.96845, 37.90939], [-3.9622, 37.9104], [-3.96574, 37.9126], [-3.96147, 37.91516], [-3.96184, 37.92242], [-3.96647, 37.92478], [-3.96733, 37.92896], [-3.97585, 37.9296], [-3.96418, 37.93515], [-3.95005, 37.92109], [-3.91783, 37.9025], [-3.90694, 37.88527], [-3.90525, 37.8769], [-3.89344, 37.86462], [-3.88308, 37.86165], [-3.8637, 37.86243], [-3.85916, 37.85526], [-3.83781, 37.84142], [-3.826, 37.81894], [-3.83503, 37.81254], [-3.83693, 37.8012], [-3.83374, 37.79567], [-3.84005, 37.77116], [-3.8449, 37.76097], [-3.85013, 37.75912], [-3.84334, 37.73741], [-3.85976, 37.73876], [-3.86863, 37.73407], [-3.87984, 37.73731], [-3.89318, 37.73425], [-3.89547, 37.74355], [-3.90499, 37.75233], [-3.9273, 37.76689], [-3.93399, 37.76652], [-3.97383, 37.79755], [-3.98521, 37.81333], [-3.97225, 37.8212], [-3.97419, 37.83484], [-3.98011, 37.84518], [-3.99253, 37.85586], [-4.0002, 37.87851]]]}}, {"type": "Feature", "properties": {"ine_code": "23087", "name": "Torredonjimeno", "province": "Jaén"}, "geometry": {"type": "Polygon", "coordinates": [[[-4.15084, 37.76085], [-4.13095, 37.78111], [-4.11875, 37.77771], [-4.11594, 37.7854], [-4.11705, 37.80714], [-4.11258, 37.82348], [-4.11666, 37.82134], [-4.12961, 37.82806], [-4.13348, 37.83922], [-4.1302, 37.84553], [-4.12294, 37.84814], [-4.11627, 37.85752], [-4.09311, 37.85589], [-4.07001, 37.8603], [-4.0349, 37.85683], [-4.01085, 37.83169], [-3.98864, 37.81742], [-3.97383, 37.79755], [-3.93399, 37.76652], [-3.9273, 37.76689], [-3.91202, 37.75686], [-3.9304, 37.74388], [-3.96563, 37.73686], [-3.99174, 37.74531], [-4.00253, 37.75723], [-4.01095, 37.75978], [-4.02356, 37.76013], [-4.02338, 37.75508], [-4.02872, 37.75712], [-4.03012, 37.75214], [-4.0407, 37.75048], [-4.05436, 37.75272], [-4.05807, 37.75899], [-4.08033, 37.76096], [-4.11156, 37.75464], [-4.1146, 37.74475], [-4.13603, 37.75032], [-4.14487, 37.74965], [-4.14661, 37.75759], [-4.15084, 37.76085]]]}}, {"type": "Feature", "properties": {"ine_code": "23088", "name": "Torreperogil", "province": "Jaén"}, "geometry": {"type": "Polygon", "coordinates": [[[-3.31921, 38.04871], [-3.28969, 38.05066], [-3.25993, 38.03867], [-3.24717, 38.04845], [-3.24268, 38.0583], [-3.23391, 38.06227], [-3.21907, 38.07612], [-3.1976, 38.07633], [-3.20113, 38.07016], [-3.19829, 38.06245], [-3.20869, 38.06744], [-3.22745, 38.0671], [-3.23019, 38.06036], [-3.22684, 38.05814], [-3.23065, 38.05625], [-3.23028, 38.05299], [-3.22051, 38.04515], [-3.21608, 38.04876], [-3.19877, 38.04846], [-3.19795, 38.0514], [-3.20496, 38.05361], [-3.19671, 38.05434], [-3.19408, 38.03543], [-3.18476, 38.01251], [-3.19438, 38.00136], [-3.17852, 37.98811], [-3.17886, 37.97808], [-3.17282, 37.97391], [-3.17483, 37.96854], [-3.22952, 37.96525], [-3.26502, 37.9696], [-3.27535, 37.97399], [-3.29411, 38.00783], [-3.31652, 38.02625], [-3.31134, 38.04048], [-3.31921, 38.04871]]]}}, {"type": "Feature", "properties": {"ine_code": "23090", "name": "Torres", "province": "Jaén"}, "geometry": {"type": "Polygon", "coordinates": [[[-3.5804, 37.80648], [-3.56584, 37.80905], [-3.53463, 37.83508], [-3.51523, 37.84235], [-3.5143, 37.8329], [-3.49792, 37.81774], [-3.48745, 37.81238], [-3.48351, 37.80498], [-3.49356, 37.79249], [-3.48836, 37.78906], [-3.47191, 37.74685], [-3.49769, 37.73525], [-3.52599, 37.73415], [-3.56013, 37.7473], [-3.59095, 37.77779], [-3.59055, 37.78978], [-3.5804, 37.80648]]]}}, {"type": "Feature", "properties": {"ine_code": "23091", "name": "Torres de Albánchez", "province": "Jaén"}, "geometry": {"type": "MultiPolygon", "coordinates": [[[[-2.75825, 38.39931], [-2.73704, 38.40197], [-2.73263, 38.41204], [-2.70411, 38.42669], [-2.69, 38.44451], [-2.66777, 38.46044], [-2.63735, 38.44905], [-2.61938, 38.44903], [-2.6127, 38.45204], [-2.60662, 38.44375], [-2.61108, 38.43226], [-2.64362, 38.4172], [-2.657, 38.39105], [-2.65464, 38.38777], [-2.66269, 38.38307], [-2.70116, 38.38825], [-2.71565, 38.37473], [-2.71858, 38.3803], [-2.73422, 38.38683], [-2.73957, 38.38743], [-2.74146, 38.38019], [-2.75124, 38.38517], [-2.75825, 38.39931]]], [[[-2.72942, 38.51125], [-2.75164, 38.50536], [-2.75314, 38.50931], [-2.76084, 38.50906], [-2.76322, 38.51234], [-2.77955, 38.50976], [-2.78113, 38.51523], [-2.77095, 38.51905], [-2.77634, 38.52587], [-2.76906, 38.52923], [-2.77084, 38.53221], [-2.76456, 38.53207], [-2.75534, 38.52577], [-2.73632, 38.5196], [-2.72942, 38.51125]]]]}}, {"type": "Feature", "properties": {"ine_code": "23092", "name": "Úbeda", "province": "Jaén"}, "geometry": {"type": "MultiPolygon", "coordinates": [[[[-3.41896, 38.05391], [-3.43284, 38.07015], [-3.43278, 38.08655], [-3.41872, 38.10487], [-3.40238, 38.1136], [-3.41123, 38.12064], [-3.40315, 38.13215], [-3.39835, 38.14871], [-3.37398, 38.16611], [-3.36608, 38.16449], [-3.34885, 38.14905], [-3.34437, 38.12961], [-3.33962, 38.12463], [-3.32852, 38.12439], [-3.32711, 38.09743], [-3.33339, 38.08497], [-3.34026, 38.08039], [-3.34155, 38.06345], [-3.31227, 38.04319], [-3.31652, 38.02625], [-3.29411, 38.00783], [-3.2776, 37.97562], [-3.26502, 37.9696], [-3.22952, 37.96525], [-3.18442, 37.96663], [-3.18557, 37.96025], [-3.19291, 37.95567], [-3.19847, 37.958], [-3.21293, 37.95068], [-3.21516, 37.95617], [-3.2187, 37.95648], [-3.22139, 37.95217], [-3.21938, 37.94479], [-3.23414, 37.94702], [-3.2361, 37.94063], [-3.23246, 37.9394], [-3.23238, 37.93526], [-3.23837, 37.93489], [-3.24316, 37.94301], [-3.25787, 37.93126], [-3.25378, 37.92976], [-3.25339, 37.92477], [-3.2462, 37.92911], [-3.24588, 37.93273], [-3.24258, 37.92566], [-3.231, 37.92786], [-3.23443, 37.91854], [-3.22229, 37.91577], [-3.22129, 37.90955], [-3.22553, 37.90396], [-3.21306, 37.90299], [-3.216, 37.89608], [-3.20952, 37.8904], [-3.21338, 37.87309], [-3.20843, 37.86764], [-3.21942, 37.86054], [-3.21594, 37.85513], [-3.20626, 37.855], [-3.20397, 37.84606], [-3.20806, 37.83854], [-3.221, 37.83554], [-3.23549, 37.82588], [-3.27364, 37.81983], [-3.27558, 37.83588], [-3.28158, 37.84614], [-3.28115, 37.86464], [-3.294, 37.87635], [-3.29677, 37.88574], [-3.32279, 37.90533], [-3.35257, 37.91232], [-3.35788, 37.91834], [-3.36775, 37.91104], [-3.38028, 37.91245], [-3.38087, 37.90565], [-3.38848, 37.90737], [-3.39694, 37.90446], [-3.40416, 37.90798], [-3.39886, 37.93752], [-3.40168, 37.94366], [-3.40578, 37.94455], [-3.4128, 37.96124], [-3.41708, 37.9635], [-3.41178, 37.97954], [-3.42003, 37.9918], [-3.41936, 38.00061], [-3.42368, 38.00657], [-3.41908, 38.02099], [-3.41044, 38.03129], [-3.41984, 38.04286], [-3.41896, 38.05391]]], [[[-3.17791, 37.97748], [-3.17852, 37.98811], [-3.19438, 38.00136], [-3.18476, 38.01251], [-3.19408, 38.03543], [-3.19671, 38.05434], [-3.20496, 38.05361], [-3.19795, 38.0514], [-3.19877, 38.04846], [-3.20753, 38.04676], [-3.21375, 38.0491], [-3.22357, 38.04523], [-3.23014, 38.05242], [-3.23065, 38.05625], [-3.22684, 38.05814], [-3.23019, 38.06036], [-3.22745, 38.0671], [-3.21522, 38.06821], [-3.19829, 38.06245], [-3.20113, 38.07016], [-3.1976, 38.07633], [-3.17777, 38.08427], [-3.17013, 38.0843], [-3.15924, 38.09101], [-3.14444, 38.06247], [-3.14269, 38.05093], [-3.13567, 38.0392], [-3.13781, 38.03259], [-3.13322, 38.02616], [-3.14796, 38.0199], [-3.14357, 38.01564], [-3.14497, 38.01167], [-3.15258, 38.01364], [-3.15863, 38.00877], [-3.15164, 38.0005], [-3.15925, 37.99586], [-3.15896, 37.97984], [-3.17282, 37.97391], [-3.17791, 37.97748]]], [[[-3.27653, 38.1266], [-3.28294, 38.13407], [-3.29012, 38.12468], [-3.29724, 38.12666], [-3.29596, 38.13415], [-3.30143, 38.13792], [-3.29799, 38.1387], [-3.30069, 38.14478], [-3.27091, 38.15768], [-3.26827, 38.14298], [-3.26395, 38.13692], [-3.2689, 38.12845], [-3.27653, 38.1266]]]]}}, {"type": "Feature", "properties": {"ine_code": "23093", "name": "Valdepeñas de Jaén", "province": "Jaén"}, "geometry": {"type": "Polygon", "coordinates": [[[-3.87318, 37.59103], [-3.87022, 37.60612], [-3.88061, 37.62495], [-3.88398, 37.64436], [-3.83848, 37.63873], [-3.81867, 37.6443], [-3.76447, 37.62811], [-3.75911, 37.63343], [-3.74353, 37.63172], [-3.73302, 37.63468], [-3.7259, 37.62863], [-3.71522, 37.6247], [-3.70353, 37.62583], [-3.69183, 37.61838], [-3.69645, 37.59803], [-3.70504, 37.58826], [-3.70751, 37.5717], [-3.71815, 37.55517], [-3.71715, 37.55033], [-3.72681, 37.54508], [-3.73107, 37.53497], [-3.74184, 37.53281], [-3.74392, 37.51451], [-3.76172, 37.50155], [-3.77198, 37.50095], [-3.77976, 37.49644], [-3.79134, 37.50142], [-3.79591, 37.51972], [-3.81665, 37.52644], [-3.82056, 37.52178], [-3.8305, 37.52647], [-3.83461, 37.52474], [-3.84456, 37.53632], [-3.85644, 37.54106], [-3.85769, 37.55433], [-3.86513, 37.55883], [-3.87377, 37.55937], [-3.87908, 37.56917], [-3.87802, 37.58312], [-3.87318, 37.59103]]]}}, {"type": "Feature", "properties": {"ine_code": "23094", "name": "Vilches", "province": "Jaén"}, "geometry": {"type": "Polygon", "coordinates": [[[-3.57986, 38.15192], [-3.57183, 38.15776], [-3.56995, 38.15374], [-3.56352, 38.16819], [-3.57459, 38.18398], [-3.57188, 38.18667], [-3.57554, 38.19012], [-3.57344, 38.19625], [-3.56996, 38.20288], [-3.55751, 38.20631], [-3.55264, 38.21504], [-3.55115, 38.23506], [-3.54298, 38.24682], [-3.53412, 38.25033], [-3.5362, 38.25826], [-3.52719, 38.26275], [-3.53004, 38.27014], [-3.51132, 38.2687], [-3.50658, 38.27246], [-3.50968, 38.27815], [-3.48021, 38.28494], [-3.48785, 38.29452], [-3.47733, 38.29315], [-3.48335, 38.30116], [-3.47661, 38.3071], [-3.47562, 38.31191], [-3.48539, 38.31659], [-3.48157, 38.32236], [-3.49101, 38.32632], [-3.49706, 38.32405], [-3.50018, 38.32604], [-3.49915, 38.33473], [-3.48953, 38.33931], [-3.49713, 38.34887], [-3.49369, 38.35526], [-3.47464, 38.36693], [-3.45148, 38.36933], [-3.43992, 38.36759], [-3.42599, 38.35748], [-3.40263, 38.35682], [-3.39045, 38.35157], [-3.3916, 38.34647], [-3.3986, 38.34417], [-3.39754, 38.34003], [-3.38697, 38.33299], [-3.3899, 38.31873], [-3.38456, 38.31048], [-3.39488, 38.30532], [-3.39153, 38.30317], [-3.39737, 38.29997], [-3.39613, 38.29527], [-3.40185, 38.28939], [-3.40089, 38.28388], [-3.41044, 38.28014], [-3.41307, 38.27341], [-3.4317, 38.26002], [-3.42673, 38.25033], [-3.43764, 38.22723], [-3.44384, 38.22432], [-3.44203, 38.2178], [-3.44782, 38.20889], [-3.46509, 38.19944], [-3.47064, 38.18703], [-3.4638, 38.17686], [-3.46031, 38.17787], [-3.45153, 38.1721], [-3.44887, 38.1667], [-3.41665, 38.14432], [-3.39835, 38.14871], [-3.40315, 38.13215], [-3.40952, 38.12236], [-3.4193, 38.11824], [-3.42285, 38.12335], [-3.44015, 38.12718], [-3.44992, 38.11521], [-3.45831, 38.11121], [-3.45832, 38.10673], [-3.47121, 38.09784], [-3.47955, 38.09706], [-3.48323, 38.09196], [-3.49906, 38.09299], [-3.50347, 38.08646], [-3.52105, 38.09715], [-3.52899, 38.0866], [-3.53713, 38.08594], [-3.54943, 38.09686], [-3.52303, 38.11075], [-3.51744, 38.11839], [-3.54144, 38.14235], [-3.54609, 38.14392], [-3.55173, 38.14118], [-3.56186, 38.14659], [-3.5735, 38.14585], [-3.57986, 38.15192]]]}}, {"type": "Feature", "properties": {"ine_code": "23095", "name": "Villacarrillo", "province": "Jaén"}, "geometry": {"type": "Polygon", "coordinates": [[[-3.20032, 38.13036], [-3.18475, 38.15117], [-3.16899, 38.1554], [-3.16153, 38.15308], [-3.15911, 38.16481], [-3.15425, 38.1634], [-3.15592, 38.15789], [-3.15242, 38.15558], [-3.14207, 38.16778], [-3.13334, 38.16086], [-3.11439, 38.15406], [-3.11488, 38.14795], [-3.10936, 38.13722], [-3.09893, 38.14508], [-3.06433, 38.13779], [-3.05876, 38.12862], [-3.06268, 38.12657], [-3.05761, 38.11297], [-3.04095, 38.10866], [-3.04222, 38.08489], [-3.03192, 38.07796], [-3.0265, 38.08408], [-3.02402, 38.09488], [-3.00389, 38.09842], [-2.99863, 38.10967], [-2.99289, 38.11125], [-2.98864, 38.11709], [-2.98288, 38.11578], [-2.97516, 38.12281], [-2.95205, 38.11339], [-2.95285, 38.10731], [-2.94952, 38.10447], [-2.92911, 38.09915], [-2.92863, 38.09548], [-2.9214, 38.0958], [-2.9141, 38.10188], [-2.90301, 38.10513], [-2.89278, 38.1012], [-2.87154, 38.1035], [-2.84587, 38.10046], [-2.85624, 38.09491], [-2.85527, 38.08951], [-2.85974, 38.08445], [-2.86821, 38.08385], [-2.87419, 38.07273], [-2.90203, 38.05969], [-2.90021, 38.05513], [-2.90289, 38.04819], [-2.89754, 38.03591], [-2.90413, 38.02368], [-2.91945, 38.01682], [-2.93317, 38.02375], [-2.93733, 38.03101], [-2.95046, 38.03395], [-2.95563, 38.04047], [-2.9723, 38.03841], [-2.9785, 38.02904], [-2.99682, 38.04186], [-3.02827, 38.04038], [-3.05066, 38.03124], [-3.06382, 38.04173], [-3.0805, 38.04641], [-3.08821, 38.04107], [-3.08867, 38.03415], [-3.10003, 38.04164], [-3.10936, 38.03459], [-3.11567, 38.03505], [-3.11781, 38.04231], [-3.12642, 38.03155], [-3.13547, 38.03654], [-3.13946, 38.04307], [-3.14444, 38.06247], [-3.15767, 38.08926], [-3.16913, 38.10179], [-3.17571, 38.10286], [-3.19249, 38.11649], [-3.20032, 38.13036]]]}}, {"type": "Feature", "properties": {"ine_code": "23096", "name": "Villanueva de la Reina", "province": "Jaén"}, "geometry": {"type": "Polygon", "coordinates": [[[-3.96512, 38.00044], [-3.96432, 38.00814], [-3.95322, 38.02526], [-3.93895, 38.03724], [-3.93126, 38.04931], [-3.93013, 38.06242], [-3.93586, 38.07403], [-3.93478, 38.0831], [-3.9394, 38.09507], [-3.93699, 38.10762], [-3.94187, 38.12012], [-3.90451, 38.20269], [-3.89452, 38.23925], [-3.89335, 38.27297], [-3.87296, 38.33109], [-3.87421, 38.34761], [-3.86189, 38.37038], [-3.86003, 38.37279], [-3.86622, 38.36087], [-3.85738, 38.34338], [-3.86164, 38.33591], [-3.8402, 38.31352], [-3.83777, 38.29817], [-3.82904, 38.29071], [-3.82112, 38.26619], [-3.82757, 38.26121], [-3.82718, 38.25539], [-3.83301, 38.25013], [-3.84218, 38.22779], [-3.86717, 38.20687], [-3.85842, 38.19598], [-3.85943, 38.1858], [-3.8545, 38.17956], [-3.85183, 38.16676], [-3.83835, 38.15824], [-3.83217, 38.14531], [-3.8633, 38.14993], [-3.87293, 38.14827], [-3.88292, 38.15178], [-3.89604, 38.14902], [-3.90212, 38.12546], [-3.89215, 38.11232], [-3.86998, 38.10262], [-3.87568, 38.09429], [-3.87487, 38.08986], [-3.86028, 38.08648], [-3.85781, 38.082], [-3.86029, 38.07911], [-3.85051, 38.0784], [-3.84851, 38.06869], [-3.87399, 38.04018], [-3.88447, 38.0395], [-3.89296, 38.0482], [-3.89904, 38.04335], [-3.89656, 38.02904], [-3.88822, 38.01829], [-3.89396, 38.0134], [-3.90282, 38.01185], [-3.90495, 38.00013], [-3.90005, 37.97793], [-3.90825, 37.96942], [-3.90714, 37.9482], [-3.91593, 37.95189], [-3.93198, 37.95171], [-3.94083, 37.95488], [-3.94339, 37.95892], [-3.94958, 37.95889], [-3.95696, 37.98985], [-3.96512, 38.00044]]]}}, {"type": "Feature", "properties": {"ine_code": "23097", "name": "Villanueva del Arzobispo", "province": "Jaén"}, "geometry": {"type": "Polygon", "coordinates": [[[-3.11487, 38.17214], [-3.11105, 38.17518], [-3.09671, 38.17685], [-3.08502, 38.18749], [-3.07303, 38.19007], [-3.07004, 38.19781], [-3.05506, 38.19679], [-3.05062, 38.20647], [-3.04089, 38.20372], [-3.03749, 38.19908], [-3.03349, 38.20448], [-3.02353, 38.20223], [-3.02192, 38.21555], [-3.0091, 38.21082], [-3.00031, 38.21503], [-2.97937, 38.20725], [-2.97318, 38.21328], [-2.97424, 38.22063], [-2.96902, 38.22578], [-2.95852, 38.22874], [-2.94165, 38.22618], [-2.91714, 38.21535], [-2.90419, 38.21899], [-2.87302, 38.213], [-2.86287, 38.2158], [-2.85867, 38.21264], [-2.86624, 38.20773], [-2.86588, 38.19117], [-2.87893, 38.18581], [-2.90411, 38.18264], [-2.90931, 38.18534], [-2.91278, 38.17957], [-2.91822, 38.18035], [-2.9158, 38.17502], [-2.90774, 38.17893], [-2.89638, 38.16778], [-2.89496, 38.15461], [-2.88461, 38.15502], [-2.88421, 38.16101], [-2.88818, 38.16602], [-2.88422, 38.17236], [-2.85611, 38.18484], [-2.82852, 38.17878], [-2.81506, 38.1834], [-2.80403, 38.19293], [-2.797, 38.18181], [-2.7959, 38.17405], [-2.80357, 38.17248], [-2.81983, 38.15463], [-2.82351, 38.14804], [-2.82218, 38.14245], [-2.83665, 38.1182], [-2.88566, 38.13322], [-2.9051, 38.14999], [-2.90917, 38.14897], [-2.91374, 38.14103], [-2.92543, 38.14387], [-2.92934, 38.14079], [-2.91675, 38.13741], [-2.95597, 38.14123], [-2.97045, 38.13929], [-2.96778, 38.13517], [-2.97398, 38.12267], [-2.98312, 38.11565], [-2.99055, 38.11618], [-3.00233, 38.10344], [-3.00783, 38.10541], [-3.01442, 38.10056], [-3.01768, 38.10301], [-3.01589, 38.1095], [-3.02664, 38.11276], [-3.02255, 38.13251], [-3.01377, 38.14127], [-3.01276, 38.14681], [-3.01294, 38.15689], [-3.02465, 38.16605], [-3.02358, 38.17001], [-3.02856, 38.17204], [-3.04316, 38.16704], [-3.05729, 38.17278], [-3.0758, 38.17484], [-3.07837, 38.1721], [-3.06203, 38.15592], [-3.07031, 38.15538], [-3.09167, 38.15691], [-3.1007, 38.16163], [-3.10222, 38.17003], [-3.098, 38.1717], [-3.0992, 38.17492], [-3.11487, 38.17214]]]}}, {"type": "Feature", "properties": {"ine_code": "23098", "name": "Villardompardo", "province": "Jaén"}, "geometry": {"type": "Polygon", "coordinates": [[[-4.03455, 37.85652], [-3.99825, 37.87133], [-3.99253, 37.85586], [-3.98011, 37.84518], [-3.97419, 37.83484], [-3.97277, 37.82019], [-3.98521, 37.81333], [-4.01085, 37.83169], [-4.03455, 37.85652]]]}}, {"type": "Feature", "properties": {"ine_code": "23099", "name": "Los Villares", "province": "Jaén"}, "geometry": {"type": "Polygon", "coordinates": [[[-3.89318, 37.73425], [-3.87984, 37.73731], [-3.86863, 37.73407], [-3.85976, 37.73876], [-3.83975, 37.73683], [-3.81666, 37.72605], [-3.79795, 37.70985], [-3.79094, 37.70997], [-3.793, 37.70144], [-3.78779, 37.68657], [-3.77808, 37.67275], [-3.77529, 37.66028], [-3.78129, 37.65006], [-3.77882, 37.64294], [-3.78157, 37.63377], [-3.81867, 37.6443], [-3.83848, 37.63873], [-3.88398, 37.64436], [-3.88824, 37.72019], [-3.89318, 37.73425]]]}}, {"type": "Feature", "properties": {"ine_code": "23101", "name": "Villarrodrigo", "province": "Jaén"}, "geometry": {"type": "Polygon", "coordinates": [[[-2.781, 38.50871], [-2.77776, 38.51176], [-2.7655, 38.51008], [-2.76322, 38.51234], [-2.76084, 38.50906], [-2.75314, 38.50931], [-2.75172, 38.50537], [-2.74218, 38.50571], [-2.72942, 38.51125], [-2.70365, 38.50105], [-2.67266, 38.49665], [-2.64381, 38.50772], [-2.6027, 38.51332], [-2.59381, 38.50175], [-2.58685, 38.48403], [-2.59581, 38.47835], [-2.60008, 38.4703], [-2.59433, 38.45531], [-2.60662, 38.44375], [-2.6127, 38.45204], [-2.61938, 38.44903], [-2.63735, 38.44905], [-2.66777, 38.46044], [-2.68624, 38.44663], [-2.72242, 38.481], [-2.73015, 38.4835], [-2.74363, 38.46903], [-2.75779, 38.46473], [-2.76472, 38.4724], [-2.76269, 38.47301], [-2.76837, 38.49682], [-2.781, 38.50871]]]}}, {"type": "Feature", "properties": {"ine_code": "23901", "name": "Cárcheles", "province": "Jaén"}, "geometry": {"type": "Polygon", "coordinates": [[[-3.67461, 37.66241], [-3.66231, 37.67019], [-3.6566, 37.67729], [-3.64124, 37.67817], [-3.63013, 37.68895], [-3.61933, 37.6713], [-3.62035, 37.66843], [-3.61655, 37.66678], [-3.61767, 37.66255], [-3.60522, 37.6576], [-3.60739, 37.64513], [-3.61112, 37.64191], [-3.60564, 37.63885], [-3.59974, 37.61774], [-3.6082, 37.61582], [-3.62247, 37.60352], [-3.63254, 37.60042], [-3.65309, 37.60561], [-3.6614, 37.62022], [-3.66065, 37.63348], [-3.67309, 37.65312], [-3.6715, 37.65665], [-3.67461, 37.66241]]]}}, {"type": "Feature", "properties": {"ine_code": "23902", "name": "Bedmar y Garcíez", "province": "Jaén"}, "geometry": {"type": "Polygon", "coordinates": [[[-3.51051, 37.86838], [-3.50305, 37.88377], [-3.49374, 37.88961], [-3.45115, 37.89167], [-3.45128, 37.91751], [-3.45633, 37.91931], [-3.45379, 37.91943], [-3.45391, 37.92775], [-3.40883, 37.9064], [-3.41177, 37.90111], [-3.40576, 37.89515], [-3.40495, 37.88945], [-3.38736, 37.87805], [-3.37767, 37.86469], [-3.37707, 37.84525], [-3.38179, 37.83952], [-3.38783, 37.83922], [-3.39215, 37.83225], [-3.39344, 37.82113], [-3.38081, 37.81876], [-3.35872, 37.80667], [-3.36202, 37.80189], [-3.35947, 37.79684], [-3.36079, 37.78652], [-3.38293, 37.77976], [-3.38279, 37.77415], [-3.37588, 37.76696], [-3.41311, 37.75339], [-3.41597, 37.7408], [-3.4275, 37.73349], [-3.4398, 37.73249], [-3.43901, 37.7432], [-3.43102, 37.75765], [-3.43367, 37.79965], [-3.44644, 37.82052], [-3.45861, 37.82268], [-3.45409, 37.83017], [-3.45633, 37.8382], [-3.45068, 37.8431], [-3.45303, 37.84862], [-3.51051, 37.86838]]]}}, {"type": "Feature", "properties": {"ine_code": "23903", "name": "Villatorres", "province": "Jaén"}, "geometry": {"type": "Polygon", "coordinates": [[[-3.77602, 37.92152], [-3.77795, 37.92518], [-3.7727, 37.93788], [-3.77629, 37.93989], [-3.77487, 37.94226], [-3.78035, 37.95046], [-3.75739, 37.95097], [-3.74903, 37.96679], [-3.73633, 37.96534], [-3.74055, 37.981], [-3.73801, 37.98182], [-3.73461, 37.97955], [-3.73491, 37.97218], [-3.72531, 37.9677], [-3.72013, 37.96967], [-3.71204, 37.96406], [-3.70861, 37.95704], [-3.70175, 37.95418], [-3.68772, 37.95527], [-3.68516, 37.951], [-3.67317, 37.94506], [-3.66828, 37.94947], [-3.66326, 37.94506], [-3.64885, 37.94389], [-3.64244, 37.94742], [-3.63642, 37.9606], [-3.63211, 37.96124], [-3.63065, 37.95374], [-3.63707, 37.93564], [-3.62473, 37.92745], [-3.62818, 37.92017], [-3.62531, 37.90786], [-3.60963, 37.91878], [-3.60079, 37.90405], [-3.61477, 37.89143], [-3.61493, 37.88515], [-3.64991, 37.89695], [-3.6728, 37.89447], [-3.6764, 37.90321], [-3.67475, 37.91459], [-3.70104, 37.91377], [-3.73274, 37.92047], [-3.73778, 37.91051], [-3.75509, 37.91103], [-3.77602, 37.92152]]]}}, {"type": "Feature", "properties": {"ine_code": "23904", "name": "Santiago-Pontones", "province": "Jaén"}, "geometry": {"type": "Polygon", "coordinates": [[[-2.86121, 38.01539], [-2.86765, 38.0168], [-2.87028, 38.01454], [-2.88128, 37.99696], [-2.88462, 37.99708], [-2.88192, 37.99896], [-2.88487, 38.00546], [-2.89776, 38.01066], [-2.90413, 38.02368], [-2.89715, 38.03772], [-2.90289, 38.04819], [-2.90021, 38.05513], [-2.90203, 38.05969], [-2.87419, 38.07273], [-2.86821, 38.08385], [-2.85974, 38.08445], [-2.85527, 38.08951], [-2.85624, 38.09491], [-2.84798, 38.09736], [-2.84125, 38.10401], [-2.83691, 38.11776], [-2.82218, 38.14245], [-2.82322, 38.14895], [-2.80273, 38.17304], [-2.7959, 38.17405], [-2.78954, 38.1692], [-2.75134, 38.16531], [-2.72783, 38.17101], [-2.71947, 38.17738], [-2.70006, 38.17765], [-2.6876, 38.17334], [-2.6325, 38.16684], [-2.61916, 38.15757], [-2.61951, 38.16067], [-2.60634, 38.17267], [-2.61148, 38.17983], [-2.60829, 38.1902], [-2.61747, 38.19684], [-2.61966, 38.20232], [-2.61434, 38.22748], [-2.60662, 38.22467], [-2.58284, 38.22976], [-2.57946, 38.23557], [-2.56902, 38.23741], [-2.56415, 38.2457], [-2.55939, 38.24501], [-2.55181, 38.25729], [-2.5317, 38.26861], [-2.53064, 38.27583], [-2.50975, 38.27783], [-2.5006, 38.26454], [-2.49193, 38.26097], [-2.49495, 38.24359], [-2.47878, 38.24817], [-2.47062, 38.23982], [-2.45954, 38.23535], [-2.45655, 38.23029], [-2.45386, 38.21065], [-2.44552, 38.20489], [-2.44658, 38.185], [-2.4649, 38.17301], [-2.47448, 38.15568], [-2.48723, 38.14884], [-2.49883, 38.13139], [-2.51085, 38.1285], [-2.51755, 38.11219], [-2.528, 38.10223], [-2.53771, 38.09842], [-2.54035, 38.09216], [-2.54972, 38.08973], [-2.55305, 38.0825], [-2.56538, 38.08354], [-2.573, 38.07783], [-2.5734, 38.07426], [-2.58553, 38.07254], [-2.59397, 38.06495], [-2.60632, 38.06186], [-2.59896, 38.05877], [-2.59585, 38.05319], [-2.59994, 38.04362], [-2.5982, 38.00558], [-2.61969, 37.98855], [-2.64253, 37.98108], [-2.65037, 37.97138], [-2.664, 37.98069], [-2.65969, 37.98497], [-2.66116, 37.98749], [-2.65137, 37.99594], [-2.65311, 38.00652], [-2.64421, 38.02331], [-2.6626, 38.01941], [-2.66155, 38.01366], [-2.67417, 37.99652], [-2.68713, 37.98502], [-2.68516, 37.97871], [-2.68894, 37.97432], [-2.70267, 37.97153], [-2.71556, 37.96223], [-2.72286, 37.96246], [-2.72418, 37.95583], [-2.73668, 37.94733], [-2.74315, 37.93578], [-2.76745, 37.91935], [-2.77517, 37.92952], [-2.78242, 37.93332], [-2.78133, 37.94477], [-2.78919, 37.94473], [-2.79472, 37.94117], [-2.80109, 37.94735], [-2.80012, 37.95592], [-2.8052, 37.95629], [-2.81521, 37.965], [-2.81499, 37.96814], [-2.81893, 37.96856], [-2.8186, 37.97491], [-2.81428, 37.97929], [-2.81492, 37.98695], [-2.82485, 37.98874], [-2.82964, 37.99474], [-2.84822, 38.00204], [-2.85134, 38.00789], [-2.85892, 38.00917], [-2.86121, 38.01539]], [[-2.80528, 38.08237], [-2.80123, 38.08499], [-2.79804, 38.09538], [-2.78582, 38.10021], [-2.77742, 38.09858], [-2.76759, 38.10377], [-2.76139, 38.11264], [-2.76524, 38.12464], [-2.77552, 38.12446], [-2.77752, 38.12761], [-2.78191, 38.12336], [-2.78437, 38.12553], [-2.77765, 38.13837], [-2.78125, 38.14568], [-2.79642, 38.14603], [-2.80373, 38.13866], [-2.81189, 38.13784], [-2.81759, 38.11672], [-2.82883, 38.09764], [-2.81353, 38.09136], [-2.81206, 38.08584], [-2.80528, 38.08237]], [[-2.62256, 37.99053], [-2.61595, 37.99468], [-2.61224, 38.00202], [-2.61488, 38.00744], [-2.62829, 38.01378], [-2.63044, 38.01833], [-2.62798, 38.02869], [-2.6341, 38.02942], [-2.63933, 38.01551], [-2.63816, 38.00567], [-2.62256, 37.99053]]]}}, {"type": "Feature", "properties": {"ine_code": "23905", "name": "Arroyo del Ojanco", "province": "Jaén"}, "geometry": {"type": "Polygon", "coordinates": [[[-2.95987, 38.28949], [-2.95851, 38.29442], [-2.94958, 38.29962], [-2.95202, 38.30726], [-2.93776, 38.30725], [-2.93849, 38.31226], [-2.92696, 38.3224], [-2.92059, 38.32215], [-2.90217, 38.33269], [-2.89555, 38.33134], [-2.89085, 38.33731], [-2.88246, 38.33462], [-2.88018, 38.34003], [-2.8723, 38.3393], [-2.8705, 38.34365], [-2.85806, 38.34824], [-2.85231, 38.34734], [-2.84979, 38.35151], [-2.84507, 38.34538], [-2.84153, 38.32919], [-2.81977, 38.3214], [-2.81706, 38.31923], [-2.82094, 38.31503], [-2.80863, 38.30694], [-2.82786, 38.30663], [-2.8337, 38.30201], [-2.83166, 38.29888], [-2.84371, 38.29722], [-2.85427, 38.28683], [-2.93207, 38.27789], [-2.94339, 38.28093], [-2.94881, 38.27605], [-2.95987, 38.28949]]]}}, {"type": "Feature", "properties": {"ine_code": "29001", "name": "Alameda", "province": "Málaga"}, "geometry": {"type": "Polygon", "coordinates": [[[-4.73343, 37.25003], [-4.71969, 37.2597], [-4.71403, 37.25284], [-4.69883, 37.25681], [-4.69103, 37.25185], [-4.68451, 37.25226], [-4.68259, 37.25634], [-4.67654, 37.25808], [-4.67003, 37.25257], [-4.66942, 37.25569], [-4.6654, 37.25365], [-4.65876, 37.25774], [-4.6446, 37.2467], [-4.63102, 37.25422], [-4.61705, 37.25647], [-4.61391, 37.25482], [-4.61482, 37.24279], [-4.60133, 37.23405], [-4.59682, 37.22031], [-4.60329, 37.21474], [-4.60179, 37.20939], [-4.63366, 37.20129], [-4.64482, 37.20172], [-4.65614, 37.19584], [-4.67366, 37.19328], [-4.7016, 37.20077], [-4.70861, 37.19769], [-4.71363, 37.2017], [-4.71127, 37.20687], [-4.72721, 37.21111], [-4.73231, 37.22615], [-4.71795, 37.23989], [-4.73575, 37.24483], [-4.73343, 37.25003]]]}}, {"type": "Feature", "properties": {"ine_code": "29002", "name": "Alcaucín", "province": "Málaga"}, "geometry": {"type": "Polygon", "coordinates": [[[-4.16219, 36.90221], [-4.15831, 36.91286], [-4.16197, 36.91937], [-4.14274, 36.93916], [-4.13839, 36.9522], [-4.11137, 36.94966], [-4.09973, 36.95272], [-4.09862, 36.94257], [-4.08996, 36.93216], [-4.06124, 36.9199], [-4.05388, 36.9149], [-4.04919, 36.90609], [-4.09232, 36.90061], [-4.13242, 36.88846], [-4.13453, 36.87818], [-4.14902, 36.87238], [-4.14991, 36.89146], [-4.16219, 36.90221]]]}}, {"type": "Feature", "properties": {"ine_code": "29003", "name": "Alfarnate", "province": "Málaga"}, "geometry": {"type": "Polygon", "coordinates": [[[-4.31211, 36.98279], [-4.30711, 36.9846], [-4.30483, 36.99286], [-4.29613, 37.00064], [-4.27369, 37.01448], [-4.26044, 37.0173], [-4.25193, 37.02298], [-4.22335, 37.01234], [-4.2244, 37.00919], [-4.21542, 36.99177], [-4.19287, 36.97988], [-4.21926, 36.97036], [-4.21691, 36.95543], [-4.23863, 36.96221], [-4.25983, 36.98404], [-4.26742, 36.98726], [-4.28087, 36.98954], [-4.3061, 36.98078], [-4.31211, 36.98279]]]}}, {"type": "Feature", "properties": {"ine_code": "29004", "name": "Alfarnatejo", "province": "Málaga"}, "geometry": {"type": "Polygon", "coordinates": [[[-4.29319, 36.96513], [-4.29869, 36.97386], [-4.31082, 36.98084], [-4.2803, 36.98956], [-4.25983, 36.98404], [-4.23863, 36.96221], [-4.21691, 36.95543], [-4.24447, 36.94322], [-4.25421, 36.9347], [-4.26679, 36.94002], [-4.26542, 36.94432], [-4.26916, 36.95549], [-4.2799, 36.96212], [-4.29319, 36.96513]]]}}, {"type": "Feature", "properties": {"ine_code": "29005", "name": "Algarrobo", "province": "Málaga"}, "geometry": {"type": "Polygon", "coordinates": [[[-4.05973, 36.74731], [-4.05411, 36.78587], [-4.03691, 36.78484], [-4.02317, 36.77963], [-4.03169, 36.7686], [-4.03552, 36.75363], [-4.04169, 36.74415], [-4.05973, 36.74731]]]}}, {"type": "Feature", "properties": {"ine_code": "29006", "name": "Algatocín", "province": "Málaga"}, "geometry": {"type": "Polygon", "coordinates": [[[-5.33077, 36.57091], [-5.32441, 36.5831], [-5.30805, 36.59211], [-5.28875, 36.5848], [-5.27334, 36.5893], [-5.264, 36.5876], [-5.2427, 36.57508], [-5.24754, 36.57123], [-5.24469, 36.57016], [-5.24641, 36.56638], [-5.25793, 36.56768], [-5.27504, 36.55959], [-5.28182, 36.56159], [-5.30627, 36.55912], [-5.33077, 36.57091]]]}}, {"type": "Feature", "properties": {"ine_code": "29007", "name": "Alhaurín de la Torre", "province": "Málaga"}, "geometry": {"type": "Polygon", "coordinates": [[[-4.6392, 36.62376], [-4.63281, 36.66554], [-4.6407, 36.67994], [-4.63941, 36.68846], [-4.63583, 36.69133], [-4.62446, 36.68862], [-4.60184, 36.69794], [-4.59048, 36.6925], [-4.58935, 36.70273], [-4.56898, 36.71666], [-4.56129, 36.70928], [-4.56242, 36.70177], [-4.551, 36.70112], [-4.55208, 36.69716], [-4.54855, 36.69415], [-4.54286, 36.69355], [-4.53716, 36.69724], [-4.52776, 36.69396], [-4.51607, 36.69603], [-4.51838, 36.68977], [-4.52522, 36.68723], [-4.52152, 36.68046], [-4.52664, 36.67107], [-4.52515, 36.6671], [-4.52837, 36.66654], [-4.52972, 36.65136], [-4.53862, 36.64559], [-4.53543, 36.6411], [-4.54046, 36.63954], [-4.55039, 36.62724], [-4.55901, 36.62364], [-4.56113, 36.61904], [-4.58294, 36.61789], [-4.59704, 36.61183], [-4.59743, 36.61471], [-4.60276, 36.61433], [-4.62199, 36.6253], [-4.62916, 36.62042], [-4.6392, 36.62376]]]}}, {"type": "Feature", "properties": {"ine_code": "29008", "name": "Alhaurín el Grande", "province": "Málaga"}, "geometry": {"type": "Polygon", "coordinates": [[[-4.6392, 36.62376], [-4.64405, 36.61234], [-4.6764, 36.61632], [-4.69215, 36.60585], [-4.72022, 36.59762], [-4.72709, 36.59686], [-4.73936, 36.60533], [-4.74067, 36.60694], [-4.72733, 36.61228], [-4.73644, 36.63285], [-4.72966, 36.64469], [-4.71738, 36.65468], [-4.71405, 36.67457], [-4.70663, 36.67905], [-4.71493, 36.69906], [-4.691, 36.70485], [-4.67504, 36.69127], [-4.6626, 36.6925], [-4.63916, 36.68784], [-4.64063, 36.6784], [-4.63281, 36.66554], [-4.6392, 36.62376]]]}}, {"type": "Feature", "properties": {"ine_code": "29009", "name": "Almáchar", "province": "Málaga"}, "geometry": {"type": "MultiPolygon", "coordinates": [[[[-4.24472, 36.78841], [-4.24017, 36.79147], [-4.23746, 36.79987], [-4.23212, 36.80083], [-4.22652, 36.80934], [-4.21706, 36.81328], [-4.22261, 36.82195], [-4.21024, 36.82312], [-4.18245, 36.81623], [-4.18246, 36.80975], [-4.1982, 36.80885], [-4.20514, 36.80495], [-4.20905, 36.80144], [-4.20692, 36.7972], [-4.20932, 36.79349], [-4.21387, 36.79187], [-4.2201, 36.78262], [-4.23797, 36.78107], [-4.24472, 36.78841]]], [[[-4.25055, 36.90176], [-4.25028, 36.90508], [-4.24096, 36.90845], [-4.23203, 36.90335], [-4.2363, 36.89268], [-4.24178, 36.8889], [-4.25469, 36.89496], [-4.25689, 36.89942], [-4.25055, 36.90176]]]]}}, {"type": "Feature", "properties": {"ine_code": "29010", "name": "Almargen", "province": "Málaga"}, "geometry": {"type": "Polygon", "coordinates": [[[-5.05576, 37.0245], [-5.04679, 37.03995], [-5.03358, 37.04893], [-5.02796, 37.04407], [-5.02408, 37.04598], [-5.02671, 37.05168], [-5.00959, 37.05474], [-4.98869, 37.06484], [-4.99075, 37.02061], [-5.00147, 37.01527], [-4.99423, 37.01106], [-4.9956, 37.00659], [-4.99176, 37.00395], [-4.99694, 37.00019], [-5.00385, 36.98259], [-5.01244, 36.99013], [-5.03689, 36.99283], [-5.05256, 37.00628], [-5.05576, 37.0245]]]}}, {"type": "Feature", "properties": {"ine_code": "29011", "name": "Almogía", "province": "Málaga"}, "geometry": {"type": "Polygon", "coordinates": [[[-4.62541, 36.80976], [-4.62421, 36.81235], [-4.63081, 36.81895], [-4.62804, 36.83488], [-4.61822, 36.85276], [-4.62299, 36.87457], [-4.63138, 36.88277], [-4.62537, 36.90005], [-4.60645, 36.89416], [-4.57675, 36.89251], [-4.5518, 36.89954], [-4.49302, 36.90789], [-4.48915, 36.87499], [-4.47643, 36.86328], [-4.47141, 36.86248], [-4.46308, 36.84314], [-4.4698, 36.83585], [-4.46624, 36.83116], [-4.46694, 36.81317], [-4.49387, 36.801], [-4.50209, 36.79293], [-4.50392, 36.78657], [-4.51351, 36.78067], [-4.52478, 36.78052], [-4.53979, 36.77125], [-4.55125, 36.76986], [-4.56095, 36.78159], [-4.57276, 36.78411], [-4.57776, 36.78085], [-4.58789, 36.78411], [-4.59306, 36.78939], [-4.59019, 36.79475], [-4.59254, 36.79765], [-4.62541, 36.80976]]]}}, {"type": "Feature", "properties": {"ine_code": "29012", "name": "Álora", "province": "Málaga"}, "geometry": {"type": "Polygon", "coordinates": [[[-4.75829, 36.79834], [-4.7481, 36.81095], [-4.75104, 36.82163], [-4.76646, 36.83009], [-4.76636, 36.84135], [-4.77469, 36.85389], [-4.79023, 36.85295], [-4.78619, 36.86432], [-4.77441, 36.87803], [-4.76438, 36.89788], [-4.76329, 36.91002], [-4.77145, 36.91497], [-4.76859, 36.91936], [-4.71644, 36.92789], [-4.66079, 36.90684], [-4.62537, 36.90005], [-4.63138, 36.88277], [-4.62299, 36.87457], [-4.61822, 36.85276], [-4.62804, 36.83488], [-4.63085, 36.81869], [-4.62419, 36.81212], [-4.63662, 36.79239], [-4.64939, 36.78651], [-4.67188, 36.78922], [-4.68167, 36.79937], [-4.70927, 36.79506], [-4.70605, 36.79132], [-4.70881, 36.78982], [-4.72009, 36.7967], [-4.72679, 36.79427], [-4.73697, 36.80215], [-4.7509, 36.79225], [-4.75829, 36.79834]]]}}, {"type": "Feature", "properties": {"ine_code": "29013", "name": "Alozaina", "province": "Málaga"}, "geometry": {"type": "Polygon", "coordinates": [[[-4.89052, 36.71414], [-4.89405, 36.74345], [-4.88913, 36.74917], [-4.89045, 36.75791], [-4.88637, 36.7705], [-4.88067, 36.77132], [-4.87002, 36.76229], [-4.85225, 36.75654], [-4.84985, 36.75145], [-4.84229, 36.7507], [-4.81956, 36.73193], [-4.81795, 36.7267], [-4.82081, 36.71641], [-4.84585, 36.69468], [-4.86444, 36.7045], [-4.87417, 36.71568], [-4.89052, 36.71414]]]}}, {"type": "Feature", "properties": {"ine_code": "29014", "name": "Alpandeire", "province": "Málaga"}, "geometry": {"type": "Polygon", "coordinates": [[[-5.24767, 36.68544], [-5.2226, 36.69913], [-5.21333, 36.6985], [-5.2121, 36.6864], [-5.20523, 36.69156], [-5.20034, 36.6814], [-5.18959, 36.67007], [-5.19698, 36.65037], [-5.19345, 36.64391], [-5.19418, 36.62878], [-5.20666, 36.62096], [-5.22314, 36.61761], [-5.23144, 36.61244], [-5.23372, 36.61038], [-5.22908, 36.60269], [-5.23217, 36.60242], [-5.2329, 36.59871], [-5.24321, 36.61193], [-5.2355, 36.61845], [-5.22824, 36.63244], [-5.23438, 36.64147], [-5.22982, 36.64257], [-5.22904, 36.64786], [-5.23888, 36.6559], [-5.22978, 36.66398], [-5.23516, 36.67237], [-5.23958, 36.67033], [-5.24767, 36.68544]]]}}, {"type": "Feature", "properties": {"ine_code": "29015", "name": "Antequera", "province": "Málaga"}, "geometry": {"type": "Polygon", "coordinates": [[[-4.82767, 37.09192], [-4.82337, 37.09853], [-4.81906, 37.09892], [-4.80251, 37.0889], [-4.7867, 37.08377], [-4.77938, 37.07414], [-4.75507, 37.06355], [-4.73952, 37.06075], [-4.73439, 37.07363], [-4.72103, 37.08786], [-4.72093, 37.09842], [-4.68991, 37.09133], [-4.66369, 37.07362], [-4.65856, 37.07347], [-4.65932, 37.08083], [-4.64015, 37.09175], [-4.62997, 37.07998], [-4.61796, 37.07267], [-4.60595, 37.08237], [-4.61148, 37.08809], [-4.60785, 37.09196], [-4.61526, 37.09777], [-4.62365, 37.11415], [-4.62813, 37.11407], [-4.62925, 37.12246], [-4.62438, 37.11707], [-4.61583, 37.11565], [-4.61218, 37.11746], [-4.61371, 37.12854], [-4.60689, 37.1228], [-4.5959, 37.12105], [-4.59532, 37.12497], [-4.60475, 37.13285], [-4.6116, 37.13294], [-4.61075, 37.13515], [-4.6204, 37.13399], [-4.61836, 37.13906], [-4.61107, 37.13765], [-4.61237, 37.14424], [-4.60931, 37.15022], [-4.59916, 37.1475], [-4.59968, 37.15586], [-4.60563, 37.15685], [-4.60719, 37.16433], [-4.61464, 37.16398], [-4.61407, 37.17181], [-4.6193, 37.18185], [-4.61574, 37.18709], [-4.62838, 37.19086], [-4.63556, 37.20174], [-4.60061, 37.20988], [-4.57543, 37.20926], [-4.57025, 37.21104], [-4.57047, 37.21604], [-4.56117, 37.21931], [-4.54472, 37.21739], [-4.53969, 37.21514], [-4.53947, 37.21131], [-4.5113, 37.21129], [-4.49924, 37.21718], [-4.49778, 37.22401], [-4.48944, 37.23108], [-4.47987, 37.21697], [-4.47702, 37.20434], [-4.46535, 37.19674], [-4.46561, 37.19306], [-4.4579, 37.18631], [-4.48384, 37.15803], [-4.48722, 37.14926], [-4.48464, 37.1481], [-4.49344, 37.1065], [-4.49238, 37.08376], [-4.47362, 37.08319], [-4.47174, 37.07766], [-4.46077, 37.06956], [-4.44794, 37.05111], [-4.44656, 37.04439], [-4.43855, 37.04035], [-4.43992, 37.03783], [-4.43645, 37.0349], [-4.43924, 37.03198], [-4.4345, 37.0248], [-4.42557, 37.02068], [-4.42644, 37.01394], [-4.42153, 37.00979], [-4.38472, 37.00491], [-4.3574, 36.98579], [-4.34693, 36.96689], [-4.35292, 36.96629], [-4.36002, 36.95752], [-4.36139, 36.94478], [-4.36817, 36.92861], [-4.37749, 36.91679], [-4.45254, 36.91107], [-4.45291, 36.9161], [-4.47259, 36.92859], [-4.47867, 36.95856], [-4.47291, 36.96074], [-4.47281, 36.96923], [-4.46953, 36.9711], [-4.47068, 36.97542], [-4.48227, 36.97674], [-4.50811, 36.96602], [-4.5233, 36.95586], [-4.5561, 36.94348], [-4.57707, 36.94731], [-4.582, 36.95469], [-4.579, 36.96005], [-4.58125, 36.96129], [-4.59327, 36.9569], [-4.59568, 36.94854], [-4.59199, 36.94272], [-4.58313, 36.9416], [-4.5816, 36.92817], [-4.57482, 36.92747], [-4.57646, 36.92249], [-4.58315, 36.91785], [-4.59875, 36.91386], [-4.60049, 36.90697], [-4.59771, 36.8936], [-4.6716, 36.91141], [-4.66832, 36.91868], [-4.65801, 36.9172], [-4.6534, 36.93337], [-4.64241, 36.94621], [-4.63943, 36.95877], [-4.66837, 36.96016], [-4.68313, 36.95268], [-4.68853, 36.95476], [-4.71343, 36.94257], [-4.71202, 36.93249], [-4.6997, 36.9307], [-4.683, 36.91519], [-4.71644, 36.92789], [-4.76845, 36.91946], [-4.77145, 36.91497], [-4.78798, 36.93283], [-4.78628, 36.93743], [-4.78074, 36.93961], [-4.78408, 36.96326], [-4.77594, 36.98903], [-4.78121, 36.9937], [-4.78338, 37.01484], [-4.79599, 37.04496], [-4.82767, 37.09192]]]}}, {"type": "Feature", "properties": {"ine_code": "29016", "name": "Árchez", "province": "Málaga"}, "geometry": {"type": "Polygon", "coordinates": [[[-4.01428, 36.82995], [-4.00507, 36.84005], [-3.99334, 36.84193], [-3.99165, 36.84472], [-3.98627, 36.82451], [-3.9868, 36.81422], [-3.99061, 36.81238], [-3.9888, 36.80456], [-3.99345, 36.80207], [-3.99714, 36.80376], [-3.99367, 36.80843], [-3.99679, 36.81984], [-3.99184, 36.82861], [-3.99738, 36.82062], [-4.00801, 36.8294], [-4.01428, 36.82995]]]}}, {"type": "Feature", "properties": {"ine_code": "29017", "name": "Archidona", "province": "Málaga"}, "geometry": {"type": "Polygon", "coordinates": [[[-4.43446, 37.02478], [-4.43936, 37.03229], [-4.43645, 37.0349], [-4.43992, 37.03783], [-4.43855, 37.04035], [-4.44656, 37.04439], [-4.44794, 37.05111], [-4.46077, 37.06956], [-4.47174, 37.07766], [-4.47362, 37.08319], [-4.49238, 37.08376], [-4.49344, 37.1065], [-4.48464, 37.1481], [-4.46995, 37.15031], [-4.4716, 37.15649], [-4.44883, 37.14722], [-4.43693, 37.14789], [-4.42716, 37.1547], [-4.39654, 37.16318], [-4.38915, 37.16355], [-4.3837, 37.15527], [-4.36967, 37.16053], [-4.36455, 37.16589], [-4.36782, 37.17306], [-4.35908, 37.16761], [-4.35835, 37.16239], [-4.35283, 37.15866], [-4.32843, 37.15465], [-4.32077, 37.15032], [-4.30896, 37.15283], [-4.29697, 37.1335], [-4.29154, 37.13025], [-4.28707, 37.11952], [-4.28279, 37.07136], [-4.29527, 37.07206], [-4.30605, 37.07903], [-4.32918, 37.07562], [-4.33699, 37.07913], [-4.35326, 37.0635], [-4.37539, 37.05309], [-4.38643, 37.04135], [-4.4012, 37.0457], [-4.41188, 37.0447], [-4.42898, 37.03229], [-4.43446, 37.02478]]]}}, {"type": "Feature", "properties": {"ine_code": "29018", "name": "Ardales", "province": "Málaga"}, "geometry": {"type": "Polygon", "coordinates": [[[-4.93077, 36.87623], [-4.93904, 36.89345], [-4.92946, 36.90603], [-4.90887, 36.90701], [-4.89094, 36.91532], [-4.88094, 36.92459], [-4.8666, 36.92745], [-4.85444, 36.92359], [-4.82688, 36.93935], [-4.78628, 36.93743], [-4.78798, 36.93283], [-4.76986, 36.9127], [-4.76329, 36.91002], [-4.76328, 36.90158], [-4.77016, 36.88549], [-4.78619, 36.86432], [-4.79023, 36.85295], [-4.79743, 36.86349], [-4.80859, 36.86732], [-4.81308, 36.86447], [-4.82791, 36.86733], [-4.83935, 36.86303], [-4.84148, 36.85559], [-4.88102, 36.84853], [-4.88323, 36.84512], [-4.88814, 36.84978], [-4.89668, 36.84203], [-4.9069, 36.85212], [-4.90968, 36.8661], [-4.91821, 36.8655], [-4.93077, 36.87623]]]}}, {"type": "Feature", "properties": {"ine_code": "29019", "name": "Arenas", "province": "Málaga"}, "geometry": {"type": "Polygon", "coordinates": [[[-4.12661, 36.82929], [-4.11583, 36.83779], [-4.10898, 36.8378], [-4.10804, 36.83489], [-4.10623, 36.83766], [-4.10322, 36.83306], [-4.09118, 36.83043], [-4.02504, 36.83269], [-4.01783, 36.8258], [-4.02158, 36.82033], [-4.01835, 36.81866], [-4.02051, 36.81548], [-4.01724, 36.80947], [-4.02555, 36.80664], [-4.02882, 36.79552], [-4.02535, 36.79226], [-4.03583, 36.78448], [-4.05411, 36.78587], [-4.05737, 36.77191], [-4.05899, 36.77533], [-4.05515, 36.78543], [-4.07071, 36.79148], [-4.07354, 36.80083], [-4.07639, 36.79923], [-4.072, 36.8047], [-4.07365, 36.81698], [-4.0805, 36.82217], [-4.09542, 36.82409], [-4.1059, 36.8298], [-4.11748, 36.82968], [-4.1264, 36.82405], [-4.12661, 36.82929]]]}}, {"type": "Feature", "properties": {"ine_code": "29020", "name": "Arriate", "province": "Málaga"}, "geometry": {"type": "Polygon", "coordinates": [[[-5.13909, 36.77995], [-5.15915, 36.781], [-5.14675, 36.80664], [-5.14196, 36.81005], [-5.13644, 36.80845], [-5.13076, 36.81393], [-5.1185, 36.80981], [-5.12174, 36.79839], [-5.10838, 36.79114], [-5.12128, 36.78844], [-5.13726, 36.79186], [-5.13909, 36.77995]]]}}, {"type": "Feature", "properties": {"ine_code": "29021", "name": "Atajate", "province": "Málaga"}, "geometry": {"type": "Polygon", "coordinates": [[[-5.27198, 36.63323], [-5.26574, 36.64185], [-5.23937, 36.66149], [-5.23958, 36.67033], [-5.23516, 36.67237], [-5.22978, 36.66398], [-5.23888, 36.6559], [-5.22904, 36.64786], [-5.22982, 36.64257], [-5.23438, 36.64147], [-5.22824, 36.63244], [-5.23473, 36.62316], [-5.25651, 36.62362], [-5.27198, 36.63323]]]}}, {"type": "Feature", "properties": {"ine_code": "29022", "name": "Benadalid", "province": "Málaga"}, "geometry": {"type": "Polygon", "coordinates": [[[-5.32031, 36.61], [-5.31459, 36.61646], [-5.3128, 36.62723], [-5.30276, 36.62649], [-5.28801, 36.62983], [-5.28176, 36.63431], [-5.27393, 36.63362], [-5.25651, 36.62362], [-5.23432, 36.62281], [-5.2432, 36.61167], [-5.23295, 36.59578], [-5.25162, 36.60105], [-5.27885, 36.59801], [-5.32031, 36.61]]]}}, {"type": "Feature", "properties": {"ine_code": "29023", "name": "Benahavís", "province": "Málaga"}, "geometry": {"type": "Polygon", "coordinates": [[[-5.14009, 36.52999], [-5.12069, 36.54337], [-5.10804, 36.55674], [-5.1062, 36.57114], [-5.0866, 36.58025], [-5.07514, 36.59817], [-5.06039, 36.60235], [-5.06201, 36.6088], [-5.05569, 36.63041], [-5.04352, 36.64236], [-5.03623, 36.6346], [-5.02381, 36.62973], [-5.02366, 36.60855], [-5.00419, 36.59468], [-4.99831, 36.5748], [-4.98456, 36.56028], [-4.98112, 36.54351], [-4.9706, 36.53707], [-4.98682, 36.5214], [-4.98941, 36.50959], [-5.01268, 36.49756], [-5.01467, 36.49313], [-5.04111, 36.47437], [-5.06142, 36.46919], [-5.07485, 36.47287], [-5.08762, 36.49157], [-5.10566, 36.50525], [-5.11838, 36.52116], [-5.14009, 36.52999]]]}}, {"type": "Feature", "properties": {"ine_code": "29024", "name": "Benalauría", "province": "Málaga"}, "geometry": {"type": "Polygon", "coordinates": [[[-5.32441, 36.5831], [-5.3377, 36.56111], [-5.34635, 36.56269], [-5.35226, 36.55772], [-5.36067, 36.55993], [-5.36855, 36.55574], [-5.3702, 36.55907], [-5.36889, 36.56737], [-5.35622, 36.57422], [-5.34189, 36.57375], [-5.3307, 36.58616], [-5.32323, 36.58661], [-5.33206, 36.60087], [-5.32566, 36.60484], [-5.32518, 36.60962], [-5.27859, 36.59797], [-5.25162, 36.60105], [-5.23542, 36.59605], [-5.23686, 36.58892], [-5.2346, 36.58836], [-5.24449, 36.5836], [-5.24063, 36.58214], [-5.24516, 36.58005], [-5.24418, 36.57713], [-5.264, 36.5876], [-5.27334, 36.5893], [-5.28875, 36.5848], [-5.30805, 36.59211], [-5.32441, 36.5831]]]}}, {"type": "Feature", "properties": {"ine_code": "29025", "name": "Benalmádena", "province": "Málaga"}, "geometry": {"type": "Polygon", "coordinates": [[[-4.59704, 36.61183], [-4.5848, 36.61748], [-4.56349, 36.61843], [-4.55381, 36.62269], [-4.54729, 36.62013], [-4.53457, 36.607], [-4.50771, 36.59749], [-4.51217, 36.59267], [-4.50888, 36.5966], [-4.51351, 36.59784], [-4.51237, 36.59373], [-4.51844, 36.59489], [-4.52988, 36.58829], [-4.53883, 36.57857], [-4.55848, 36.58044], [-4.58992, 36.57118], [-4.59672, 36.58222], [-4.59409, 36.58721], [-4.59656, 36.59021], [-4.59217, 36.59782], [-4.59684, 36.6046], [-4.59704, 36.61183]]]}}, {"type": "Feature", "properties": {"ine_code": "29026", "name": "Benamargosa", "province": "Málaga"}, "geometry": {"type": "Polygon", "coordinates": [[[-4.21096, 36.82318], [-4.21458, 36.82803], [-4.20654, 36.83884], [-4.20295, 36.8394], [-4.20993, 36.84243], [-4.20476, 36.8471], [-4.2094, 36.8497], [-4.206, 36.85468], [-4.20964, 36.85624], [-4.20936, 36.86785], [-4.2138, 36.87109], [-4.20887, 36.87861], [-4.20053, 36.87438], [-4.19942, 36.86849], [-4.19229, 36.86428], [-4.19335, 36.8584], [-4.18742, 36.85522], [-4.1871, 36.84293], [-4.18088, 36.83081], [-4.18218, 36.82258], [-4.17745, 36.82065], [-4.18523, 36.81611], [-4.21096, 36.82318]]]}}, {"type": "Feature", "properties": {"ine_code": "29027", "name": "Benamocarra", "province": "Málaga"}, "geometry": {"type": "Polygon", "coordinates": [[[-4.18205, 36.79492], [-4.17398, 36.79952], [-4.15416, 36.80077], [-4.15048, 36.78845], [-4.16607, 36.77033], [-4.17545, 36.77113], [-4.1757, 36.78366], [-4.17135, 36.79167], [-4.18205, 36.79492]]]}}, {"type": "Feature", "properties": {"ine_code": "29028", "name": "Benaoján", "province": "Málaga"}, "geometry": {"type": "Polygon", "coordinates": [[[-5.32403, 36.67334], [-5.30296, 36.68521], [-5.24905, 36.73173], [-5.23772, 36.73564], [-5.22718, 36.74469], [-5.22359, 36.73594], [-5.21516, 36.73255], [-5.21622, 36.71677], [-5.23077, 36.70109], [-5.23306, 36.69293], [-5.31325, 36.66268], [-5.31626, 36.66208], [-5.32403, 36.67334]]]}}, {"type": "Feature", "properties": {"ine_code": "29029", "name": "Benarrabá", "province": "Málaga"}, "geometry": {"type": "Polygon", "coordinates": [[[-5.36855, 36.55574], [-5.36067, 36.55993], [-5.35226, 36.55772], [-5.34635, 36.56269], [-5.33745, 36.5612], [-5.33077, 36.57091], [-5.30627, 36.55912], [-5.28182, 36.56159], [-5.27504, 36.55959], [-5.25283, 36.56737], [-5.25931, 36.55809], [-5.25806, 36.54883], [-5.26118, 36.54226], [-5.25749, 36.54043], [-5.25863, 36.52825], [-5.25471, 36.52467], [-5.2609, 36.52474], [-5.26403, 36.52034], [-5.26922, 36.52204], [-5.27578, 36.51738], [-5.28554, 36.53209], [-5.29029, 36.53203], [-5.29486, 36.5384], [-5.3094, 36.54479], [-5.31693, 36.54667], [-5.32654, 36.54268], [-5.34888, 36.54983], [-5.36634, 36.546], [-5.36855, 36.55574]]]}}, {"type": "Feature", "properties": {"ine_code": "29030", "name": "El Borge", "province": "Málaga"}, "geometry": {"type": "MultiPolygon", "coordinates": [[[[-4.29497, 36.77958], [-4.2905, 36.78176], [-4.29017, 36.78575], [-4.29244, 36.79187], [-4.29755, 36.79326], [-4.29634, 36.79553], [-4.28404, 36.79847], [-4.27455, 36.79517], [-4.2853, 36.80385], [-4.27639, 36.81245], [-4.27398, 36.8209], [-4.26194, 36.82129], [-4.26131, 36.83134], [-4.2437, 36.82961], [-4.23438, 36.82335], [-4.22624, 36.8238], [-4.21706, 36.81328], [-4.22652, 36.80934], [-4.23212, 36.80083], [-4.23746, 36.79987], [-4.24017, 36.79147], [-4.24427, 36.7908], [-4.24358, 36.78585], [-4.26284, 36.78843], [-4.27344, 36.78412], [-4.27723, 36.78648], [-4.28721, 36.7844], [-4.28776, 36.77891], [-4.29338, 36.77717], [-4.29497, 36.77958]]], [[[-4.23781, 36.87367], [-4.24912, 36.88384], [-4.23803, 36.88957], [-4.23832, 36.89236], [-4.22943, 36.88781], [-4.23643, 36.88103], [-4.23781, 36.87367]]], [[[-4.2596, 36.89388], [-4.25689, 36.89942], [-4.25269, 36.89046], [-4.25473, 36.88982], [-4.2596, 36.89388]]], [[[-4.23536, 36.91516], [-4.21121, 36.90042], [-4.21129, 36.89232], [-4.2239, 36.888], [-4.22895, 36.89079], [-4.22962, 36.90046], [-4.2272, 36.90174], [-4.22946, 36.90633], [-4.24096, 36.90845], [-4.23536, 36.91516]]]]}}, {"type": "Feature", "properties": {"ine_code": "29031", "name": "El Burgo", "province": "Málaga"}, "geometry": {"type": "Polygon", "coordinates": [[[-5.00012, 36.73391], [-5.00537, 36.74613], [-5.00292, 36.75077], [-5.00596, 36.76149], [-5.02219, 36.76338], [-5.03419, 36.77109], [-5.03647, 36.78514], [-5.03275, 36.79105], [-5.00352, 36.80681], [-5.0042, 36.81274], [-4.99022, 36.82822], [-4.97017, 36.83964], [-4.95872, 36.86061], [-4.95489, 36.87959], [-4.94828, 36.88141], [-4.93161, 36.87666], [-4.91821, 36.8655], [-4.90968, 36.8661], [-4.90337, 36.84652], [-4.89668, 36.84203], [-4.89748, 36.83876], [-4.89174, 36.84017], [-4.90231, 36.83427], [-4.89619, 36.8299], [-4.9024, 36.822], [-4.89906, 36.8198], [-4.89024, 36.82211], [-4.88052, 36.81238], [-4.88125, 36.80749], [-4.88564, 36.80703], [-4.88556, 36.80328], [-4.8911, 36.7998], [-4.88897, 36.79423], [-4.89182, 36.78118], [-4.88797, 36.77203], [-4.90056, 36.76895], [-4.92226, 36.77231], [-4.93416, 36.76957], [-4.97452, 36.74853], [-4.97089, 36.74041], [-4.97656, 36.73528], [-4.98655, 36.73118], [-4.98933, 36.73462], [-5.00012, 36.73391]]]}}, {"type": "Feature", "properties": {"ine_code": "29032", "name": "Campillos", "province": "Málaga"}, "geometry": {"type": "Polygon", "coordinates": [[[-4.98869, 37.06484], [-4.97978, 37.06904], [-4.97914, 37.07277], [-4.95986, 37.08523], [-4.95227, 37.09436], [-4.93623, 37.10043], [-4.93037, 37.09979], [-4.90828, 37.11528], [-4.82767, 37.09192], [-4.79599, 37.04496], [-4.78338, 37.01484], [-4.78121, 36.9937], [-4.77594, 36.98903], [-4.78408, 36.96326], [-4.78074, 36.93961], [-4.80147, 36.93706], [-4.82688, 36.93935], [-4.85033, 36.92607], [-4.85875, 36.94322], [-4.85179, 36.94511], [-4.84591, 36.95966], [-4.85293, 36.95844], [-4.85777, 36.96037], [-4.85568, 36.96417], [-4.86018, 36.96084], [-4.8652, 36.9641], [-4.8596, 36.97373], [-4.86611, 36.97359], [-4.8646, 36.97881], [-4.85827, 36.98336], [-4.84571, 36.97892], [-4.84047, 36.98233], [-4.84475, 36.97855], [-4.83502, 36.97753], [-4.83398, 36.97414], [-4.83249, 36.97801], [-4.8367, 36.98563], [-4.83991, 36.98443], [-4.84584, 36.98954], [-4.84486, 36.99381], [-4.86005, 37.00046], [-4.86756, 37.00845], [-4.87277, 37.01018], [-4.87812, 37.00414], [-4.88391, 37.00693], [-4.87908, 37.01103], [-4.88579, 37.01417], [-4.91462, 37.01703], [-4.91799, 37.02616], [-4.93368, 37.0373], [-4.94904, 37.03984], [-4.96918, 37.05008], [-4.98869, 37.06484]]]}}, {"type": "Feature", "properties": {"ine_code": "29033", "name": "Canillas de Aceituno", "province": "Málaga"}, "geometry": {"type": "Polygon", "coordinates": [[[-4.13778, 36.87237], [-4.13242, 36.88846], [-4.09232, 36.90061], [-4.04788, 36.90605], [-4.03815, 36.89776], [-4.03952, 36.88904], [-4.05858, 36.87669], [-4.06139, 36.86813], [-4.07903, 36.85254], [-4.08049, 36.84668], [-4.10295, 36.833], [-4.10623, 36.83766], [-4.10804, 36.83489], [-4.10898, 36.8378], [-4.11328, 36.83726], [-4.11298, 36.8445], [-4.12659, 36.84256], [-4.12601, 36.84831], [-4.13418, 36.85166], [-4.13778, 36.87237]]]}}, {"type": "Feature", "properties": {"ine_code": "29034", "name": "Canillas de Albaida", "province": "Málaga"}, "geometry": {"type": "Polygon", "coordinates": [[[-4.02504, 36.83269], [-4.01241, 36.83966], [-4.01558, 36.84352], [-4.0059, 36.85082], [-3.99929, 36.87504], [-3.98725, 36.88113], [-3.99062, 36.89189], [-3.96992, 36.89189], [-3.96, 36.88753], [-3.92952, 36.88288], [-3.9241, 36.87898], [-3.92243, 36.87372], [-3.92595, 36.87284], [-3.9255, 36.86665], [-3.95109, 36.84992], [-3.95403, 36.84194], [-3.98383, 36.83923], [-3.9859, 36.83098], [-3.98252, 36.82538], [-3.98627, 36.82451], [-3.99165, 36.84472], [-3.99334, 36.84193], [-4.00507, 36.84005], [-4.01783, 36.8258], [-4.02504, 36.83269]]]}}, {"type": "Feature", "properties": {"ine_code": "29035", "name": "Cañete la Real", "province": "Málaga"}, "geometry": {"type": "Polygon", "coordinates": [[[-5.14238, 37.00386], [-5.11949, 37.02893], [-5.11774, 37.02402], [-5.11321, 37.02495], [-5.11194, 37.01949], [-5.10337, 37.02569], [-5.08339, 37.03142], [-5.07515, 37.02935], [-5.0682, 37.03272], [-5.05328, 37.03169], [-5.05576, 37.0245], [-5.05091, 37.00475], [-5.03638, 36.9926], [-5.01303, 36.9903], [-5.00745, 36.98681], [-4.99806, 36.97272], [-4.98045, 36.96266], [-4.97111, 36.93723], [-4.95909, 36.93416], [-4.95251, 36.92754], [-4.94457, 36.92912], [-4.9379, 36.9251], [-4.92946, 36.90603], [-4.93904, 36.89345], [-4.93077, 36.87623], [-4.94828, 36.88141], [-4.95545, 36.87765], [-4.97761, 36.88209], [-4.97978, 36.88849], [-5.00683, 36.89648], [-5.0135, 36.89315], [-5.02434, 36.88006], [-5.0382, 36.87937], [-5.05507, 36.88582], [-5.0619, 36.90159], [-5.09187, 36.92062], [-5.09803, 36.92864], [-5.10556, 36.95484], [-5.11011, 36.95933], [-5.09558, 36.9683], [-5.09758, 36.97128], [-5.11233, 36.97629], [-5.11074, 36.98395], [-5.11514, 36.98896], [-5.12331, 36.9906], [-5.14238, 37.00386]]]}}, {"type": "Feature", "properties": {"ine_code": "29036", "name": "Carratraca", "province": "Málaga"}, "geometry": {"type": "Polygon", "coordinates": [[[-4.85808, 36.85092], [-4.84148, 36.85559], [-4.83935, 36.86303], [-4.82791, 36.86733], [-4.81308, 36.86447], [-4.80859, 36.86732], [-4.79743, 36.86349], [-4.78738, 36.85134], [-4.79042, 36.83784], [-4.79621, 36.83277], [-4.79715, 36.82401], [-4.80006, 36.82272], [-4.81069, 36.82391], [-4.82978, 36.83222], [-4.84663, 36.8281], [-4.85177, 36.83007], [-4.85568, 36.8323], [-4.85181, 36.83659], [-4.8625, 36.8424], [-4.85808, 36.85092]]]}}, {"type": "Feature", "properties": {"ine_code": "29037", "name": "Cartajima", "province": "Málaga"}, "geometry": {"type": "Polygon", "coordinates": [[[-5.18271, 36.67351], [-5.16641, 36.6834], [-5.16393, 36.6893], [-5.13362, 36.68746], [-5.1288, 36.6814], [-5.12834, 36.67283], [-5.13962, 36.6668], [-5.14796, 36.65554], [-5.14625, 36.64587], [-5.13244, 36.63515], [-5.14656, 36.62227], [-5.1556, 36.62138], [-5.16043, 36.62427], [-5.16195, 36.63808], [-5.18057, 36.65943], [-5.18271, 36.67351]]]}}, {"type": "Feature", "properties": {"ine_code": "29038", "name": "Cártama", "province": "Málaga"}, "geometry": {"type": "MultiPolygon", "coordinates": [[[[-4.77014, 36.75527], [-4.76007, 36.75699], [-4.75292, 36.74526], [-4.74235, 36.74123], [-4.74496, 36.73911], [-4.7622, 36.7414], [-4.77228, 36.73459], [-4.77675, 36.73483], [-4.77852, 36.74052], [-4.77148, 36.74753], [-4.77014, 36.75527]]], [[[-4.73606, 36.73889], [-4.72548, 36.74068], [-4.70406, 36.73763], [-4.6943, 36.7263], [-4.68625, 36.7234], [-4.67389, 36.72779], [-4.66641, 36.7403], [-4.65869, 36.74432], [-4.65756, 36.74798], [-4.65073, 36.74892], [-4.65665, 36.75595], [-4.64832, 36.76095], [-4.6488, 36.76679], [-4.64551, 36.76783], [-4.65148, 36.77085], [-4.65069, 36.78689], [-4.63662, 36.79239], [-4.62541, 36.80976], [-4.59108, 36.79664], [-4.59306, 36.78939], [-4.58509, 36.78189], [-4.58063, 36.76535], [-4.58611, 36.74028], [-4.57729, 36.73204], [-4.57759, 36.71717], [-4.56898, 36.71666], [-4.58935, 36.70273], [-4.59048, 36.6925], [-4.60184, 36.69794], [-4.62446, 36.68862], [-4.63307, 36.69158], [-4.64325, 36.68762], [-4.6626, 36.6925], [-4.67504, 36.69127], [-4.691, 36.70485], [-4.70644, 36.70292], [-4.70629, 36.70031], [-4.71615, 36.69814], [-4.7318, 36.71394], [-4.73282, 36.71686], [-4.72705, 36.72093], [-4.73764, 36.72675], [-4.73606, 36.73889]]]]}}, {"type": "Feature", "properties": {"ine_code": "29039", "name": "Casabermeja", "province": "Málaga"}, "geometry": {"type": "Polygon", "coordinates": [[[-4.49302, 36.90789], [-4.37749, 36.91679], [-4.37873, 36.90567], [-4.37146, 36.8894], [-4.38077, 36.87935], [-4.38445, 36.8653], [-4.3834, 36.85687], [-4.39243, 36.85193], [-4.39678, 36.8447], [-4.4091, 36.85166], [-4.41952, 36.84771], [-4.42572, 36.85108], [-4.44831, 36.84027], [-4.45389, 36.8461], [-4.46648, 36.85007], [-4.47141, 36.86248], [-4.47643, 36.86328], [-4.48915, 36.87499], [-4.49302, 36.90789]]]}}, {"type": "Feature", "properties": {"ine_code": "29040", "name": "Casarabonela", "province": "Málaga"}, "geometry": {"type": "Polygon", "coordinates": [[[-4.89748, 36.83876], [-4.88814, 36.84978], [-4.88323, 36.84512], [-4.88102, 36.84853], [-4.85808, 36.85092], [-4.8625, 36.8424], [-4.85181, 36.83659], [-4.85568, 36.8323], [-4.85177, 36.83007], [-4.84663, 36.8281], [-4.82978, 36.83222], [-4.81069, 36.82391], [-4.80006, 36.82272], [-4.79715, 36.82401], [-4.79621, 36.83277], [-4.79042, 36.83784], [-4.78738, 36.85134], [-4.79023, 36.85295], [-4.77538, 36.85435], [-4.76636, 36.84135], [-4.76646, 36.83009], [-4.75128, 36.82192], [-4.74804, 36.81131], [-4.76015, 36.79439], [-4.76147, 36.78158], [-4.77638, 36.76573], [-4.76868, 36.75935], [-4.7582, 36.76127], [-4.75599, 36.75916], [-4.76862, 36.75666], [-4.77753, 36.74936], [-4.78642, 36.75039], [-4.81004, 36.73492], [-4.81956, 36.73193], [-4.84229, 36.7507], [-4.85105, 36.75216], [-4.85225, 36.75654], [-4.87002, 36.76229], [-4.88067, 36.77132], [-4.88637, 36.7705], [-4.89182, 36.78118], [-4.88897, 36.79423], [-4.8911, 36.7998], [-4.88556, 36.80328], [-4.88564, 36.80703], [-4.88125, 36.80749], [-4.88052, 36.81238], [-4.89024, 36.82211], [-4.89906, 36.8198], [-4.9024, 36.822], [-4.89619, 36.8299], [-4.90231, 36.83427], [-4.89183, 36.83978], [-4.89748, 36.83876]]]}}, {"type": "Feature", "properties": {"ine_code": "29041", "name": "Casares", "province": "Málaga"}, "geometry": {"type": "Polygon", "coordinates": [[[-5.35805, 36.43226], [-5.33573, 36.45275], [-5.31896, 36.46323], [-5.30997, 36.47495], [-5.30358, 36.47593], [-5.29397, 36.48371], [-5.28842, 36.50052], [-5.28154, 36.50926], [-5.27762, 36.5086], [-5.27822, 36.51983], [-5.27419, 36.51734], [-5.26805, 36.5204], [-5.26618, 36.51466], [-5.25242, 36.51408], [-5.24242, 36.51795], [-5.236, 36.5155], [-5.22031, 36.49623], [-5.21272, 36.49313], [-5.20536, 36.48072], [-5.21076, 36.45376], [-5.21967, 36.42986], [-5.21691, 36.40954], [-5.20613, 36.38595], [-5.22105, 36.3735], [-5.25866, 36.38959], [-5.26465, 36.38255], [-5.27558, 36.38316], [-5.28011, 36.37083], [-5.29432, 36.36001], [-5.30409, 36.34168], [-5.32008, 36.32507], [-5.323, 36.33217], [-5.31516, 36.34334], [-5.32131, 36.3465], [-5.33512, 36.37052], [-5.33497, 36.39487], [-5.34715, 36.41865], [-5.35728, 36.42384], [-5.35805, 36.43226]]]}}, {"type": "Feature", "properties": {"ine_code": "29042", "name": "Coín", "province": "Málaga"}, "geometry": {"type": "Polygon", "coordinates": [[[-4.83282, 36.7061], [-4.82034, 36.71701], [-4.81956, 36.73193], [-4.81004, 36.73492], [-4.78642, 36.75039], [-4.77783, 36.74928], [-4.77186, 36.75344], [-4.77148, 36.74753], [-4.77897, 36.73807], [-4.77533, 36.73431], [-4.7622, 36.7414], [-4.73871, 36.74099], [-4.73764, 36.72675], [-4.72705, 36.72093], [-4.73282, 36.71686], [-4.7318, 36.71394], [-4.71461, 36.69781], [-4.70663, 36.67905], [-4.71405, 36.67457], [-4.71738, 36.65468], [-4.72966, 36.64469], [-4.73644, 36.63285], [-4.72733, 36.61228], [-4.74067, 36.60694], [-4.72709, 36.59686], [-4.75736, 36.5945], [-4.76635, 36.58967], [-4.78419, 36.59646], [-4.79689, 36.59198], [-4.80929, 36.59283], [-4.80776, 36.60664], [-4.80201, 36.61602], [-4.79896, 36.631], [-4.80261, 36.64255], [-4.80969, 36.6519], [-4.8108, 36.65487], [-4.80756, 36.65683], [-4.81669, 36.67599], [-4.81445, 36.68904], [-4.83282, 36.7061]]]}}, {"type": "Feature", "properties": {"ine_code": "29043", "name": "Colmenar", "province": "Málaga"}, "geometry": {"type": "Polygon", "coordinates": [[[-4.37749, 36.91679], [-4.36817, 36.92861], [-4.36139, 36.94478], [-4.36184, 36.95361], [-4.35292, 36.96629], [-4.33154, 36.96801], [-4.31812, 36.97704], [-4.3164, 36.98231], [-4.31211, 36.98279], [-4.29869, 36.97386], [-4.29319, 36.96513], [-4.30258, 36.96015], [-4.3121, 36.96115], [-4.31742, 36.95721], [-4.31571, 36.94899], [-4.30846, 36.94245], [-4.30421, 36.9428], [-4.30373, 36.93817], [-4.31031, 36.93205], [-4.31528, 36.9332], [-4.3152, 36.92445], [-4.31261, 36.92541], [-4.31159, 36.92017], [-4.30247, 36.92285], [-4.29523, 36.91377], [-4.2964, 36.91128], [-4.30699, 36.91196], [-4.30194, 36.90287], [-4.29469, 36.89873], [-4.29465, 36.88752], [-4.27859, 36.8739], [-4.2768, 36.8683], [-4.2813, 36.85779], [-4.30374, 36.86257], [-4.32031, 36.86107], [-4.33013, 36.87515], [-4.34297, 36.87838], [-4.34441, 36.88218], [-4.35862, 36.88805], [-4.36239, 36.89319], [-4.3737, 36.89419], [-4.37873, 36.90567], [-4.37749, 36.91679]]]}}, {"type": "Feature", "properties": {"ine_code": "29044", "name": "Comares", "province": "Málaga"}, "geometry": {"type": "Polygon", "coordinates": [[[-4.28697, 36.85845], [-4.2813, 36.85779], [-4.27374, 36.88177], [-4.25985, 36.88862], [-4.25231, 36.88527], [-4.24943, 36.87603], [-4.23935, 36.87528], [-4.23372, 36.865], [-4.22909, 36.86409], [-4.22912, 36.8596], [-4.21815, 36.85472], [-4.24556, 36.82802], [-4.26543, 36.83162], [-4.26612, 36.83878], [-4.27243, 36.83309], [-4.28353, 36.83409], [-4.28252, 36.83739], [-4.28806, 36.83981], [-4.29192, 36.84629], [-4.28697, 36.85845]]]}}, {"type": "Feature", "properties": {"ine_code": "29045", "name": "Cómpeta", "province": "Málaga"}, "geometry": {"type": "Polygon", "coordinates": [[[-3.99345, 36.80207], [-3.98848, 36.80493], [-3.99061, 36.81238], [-3.9868, 36.81422], [-3.98627, 36.82451], [-3.98252, 36.82538], [-3.9859, 36.83098], [-3.98383, 36.83923], [-3.95403, 36.84194], [-3.95109, 36.84992], [-3.92882, 36.86296], [-3.92433, 36.87343], [-3.9186, 36.86808], [-3.91255, 36.8694], [-3.8955, 36.86536], [-3.89056, 36.86755], [-3.88079, 36.85988], [-3.88255, 36.85769], [-3.86761, 36.85068], [-3.84233, 36.85821], [-3.82717, 36.85553], [-3.81532, 36.84685], [-3.8152, 36.84184], [-3.83094, 36.83548], [-3.84806, 36.83582], [-3.85314, 36.83221], [-3.87899, 36.83571], [-3.89635, 36.84509], [-3.90445, 36.8385], [-3.92266, 36.83477], [-3.92459, 36.83134], [-3.92091, 36.81809], [-3.95138, 36.80871], [-3.96216, 36.79812], [-3.96862, 36.78515], [-3.99356, 36.79218], [-3.99345, 36.80207]]]}}, {"type": "Feature", "properties": {"ine_code": "29046", "name": "Cortes de la Frontera", "province": "Málaga"}, "geometry": {"type": "Polygon", "coordinates": [[[-5.60792, 36.51203], [-5.60625, 36.52527], [-5.61178, 36.5416], [-5.59971, 36.55068], [-5.57457, 36.54841], [-5.56704, 36.54245], [-5.5439, 36.53855], [-5.53951, 36.53567], [-5.53707, 36.52716], [-5.52216, 36.53179], [-5.51277, 36.54239], [-5.50206, 36.54761], [-5.48955, 36.57046], [-5.47697, 36.57408], [-5.46082, 36.58879], [-5.45554, 36.6197], [-5.4385, 36.61417], [-5.43386, 36.6182], [-5.41277, 36.62138], [-5.40532, 36.62712], [-5.38072, 36.63178], [-5.34335, 36.65992], [-5.33382, 36.67239], [-5.32239, 36.6718], [-5.31411, 36.65883], [-5.31546, 36.64922], [-5.30423, 36.63923], [-5.31233, 36.6289], [-5.31504, 36.61548], [-5.33203, 36.60159], [-5.32945, 36.59311], [-5.32323, 36.58661], [-5.3307, 36.58616], [-5.34189, 36.57375], [-5.35622, 36.57422], [-5.36889, 36.56737], [-5.37028, 36.55936], [-5.36626, 36.54732], [-5.36908, 36.54161], [-5.38314, 36.53699], [-5.39624, 36.53727], [-5.40139, 36.53124], [-5.40761, 36.53005], [-5.4129, 36.52034], [-5.42365, 36.52368], [-5.43158, 36.53456], [-5.46032, 36.53791], [-5.46551, 36.52871], [-5.47372, 36.53715], [-5.49142, 36.53722], [-5.51384, 36.5107], [-5.5148, 36.50139], [-5.52303, 36.49845], [-5.53473, 36.50346], [-5.5598, 36.50372], [-5.57216, 36.51265], [-5.58299, 36.51369], [-5.59847, 36.50813], [-5.60792, 36.51203]]]}}, {"type": "Feature", "properties": {"ine_code": "29047", "name": "Cuevas Bajas", "province": "Málaga"}, "geometry": {"type": "MultiPolygon", "coordinates": [[[[-4.53374, 37.21212], [-4.51022, 37.22128], [-4.50186, 37.22915], [-4.49828, 37.22956], [-4.49809, 37.21867], [-4.50061, 37.21607], [-4.52101, 37.20998], [-4.53374, 37.21212]]], [[[-4.48968, 37.23891], [-4.48049, 37.23866], [-4.47745, 37.24563], [-4.48598, 37.25157], [-4.47705, 37.25736], [-4.47179, 37.24847], [-4.45705, 37.24139], [-4.45722, 37.23664], [-4.43953, 37.23007], [-4.4447, 37.22629], [-4.44393, 37.21938], [-4.47566, 37.20317], [-4.47987, 37.21697], [-4.48827, 37.22724], [-4.48968, 37.23891]]]]}}, {"type": "Feature", "properties": {"ine_code": "29048", "name": "Cuevas del Becerro", "province": "Málaga"}, "geometry": {"type": "Polygon", "coordinates": [[[-5.02748, 36.87406], [-5.0622, 36.84287], [-5.07589, 36.85073], [-5.06327, 36.86496], [-5.06832, 36.87125], [-5.0647, 36.87354], [-5.06879, 36.87585], [-5.07344, 36.87388], [-5.07452, 36.88811], [-5.06377, 36.89877], [-5.06072, 36.90001], [-5.05507, 36.88582], [-5.03545, 36.87905], [-5.0225, 36.88066], [-5.01312, 36.89346], [-5.00331, 36.89539], [-5.00326, 36.88916], [-4.99996, 36.8895], [-5.00568, 36.88213], [-5.00085, 36.8787], [-5.00171, 36.87584], [-5.01873, 36.87791], [-5.02748, 36.87406]]]}}, {"type": "Feature", "properties": {"ine_code": "29049", "name": "Cuevas de San Marcos", "province": "Málaga"}, "geometry": {"type": "Polygon", "coordinates": [[[-4.44393, 37.21938], [-4.4447, 37.22629], [-4.43953, 37.23007], [-4.45722, 37.23664], [-4.45705, 37.24139], [-4.47244, 37.25002], [-4.46222, 37.25387], [-4.46632, 37.25631], [-4.46496, 37.25913], [-4.4582, 37.25779], [-4.44445, 37.27796], [-4.42952, 37.27386], [-4.42449, 37.27945], [-4.41708, 37.28148], [-4.40737, 37.27379], [-4.40364, 37.27648], [-4.39147, 37.27361], [-4.38387, 37.27734], [-4.3797, 37.27523], [-4.37772, 37.27035], [-4.38026, 37.26024], [-4.37606, 37.25722], [-4.37993, 37.24822], [-4.37744, 37.24177], [-4.41679, 37.22512], [-4.44393, 37.21938]]]}}, {"type": "Feature", "properties": {"ine_code": "29050", "name": "Cútar", "province": "Málaga"}, "geometry": {"type": "MultiPolygon", "coordinates": [[[[-4.2437, 36.82961], [-4.21815, 36.85472], [-4.22912, 36.8596], [-4.22909, 36.86409], [-4.23372, 36.865], [-4.23781, 36.87367], [-4.23643, 36.88103], [-4.22943, 36.88781], [-4.2363, 36.89268], [-4.232, 36.90285], [-4.236, 36.90597], [-4.23407, 36.90826], [-4.2272, 36.90174], [-4.22962, 36.90046], [-4.22895, 36.89079], [-4.2239, 36.888], [-4.21129, 36.89232], [-4.207, 36.88836], [-4.2138, 36.87109], [-4.20936, 36.86785], [-4.20964, 36.85624], [-4.206, 36.85468], [-4.2094, 36.8497], [-4.20476, 36.8471], [-4.20984, 36.84216], [-4.20295, 36.8394], [-4.21152, 36.83344], [-4.21461, 36.82727], [-4.21095, 36.82244], [-4.21599, 36.82087], [-4.23927, 36.82446], [-4.2437, 36.82961]]], [[[-4.25988, 36.89171], [-4.25269, 36.89046], [-4.25079, 36.89473], [-4.24249, 36.88894], [-4.23796, 36.89182], [-4.24912, 36.88384], [-4.23972, 36.87675], [-4.23839, 36.87427], [-4.24943, 36.87603], [-4.25231, 36.88527], [-4.25985, 36.88862], [-4.25988, 36.89171]]]]}}, {"type": "Feature", "properties": {"ine_code": "29051", "name": "Estepona", "province": "Málaga"}, "geometry": {"type": "Polygon", "coordinates": [[[-5.00589, 36.45953], [-5.03299, 36.46129], [-5.05968, 36.45013], [-5.07393, 36.45209], [-5.08342, 36.44976], [-5.10839, 36.43378], [-5.14035, 36.42599], [-5.15649, 36.41187], [-5.15522, 36.41624], [-5.16036, 36.41424], [-5.158, 36.41281], [-5.16565, 36.41653], [-5.17635, 36.41469], [-5.20587, 36.38583], [-5.21709, 36.41017], [-5.21967, 36.42986], [-5.20533, 36.47964], [-5.20828, 36.4843], [-5.19819, 36.49044], [-5.18946, 36.50488], [-5.18254, 36.5079], [-5.18248, 36.51864], [-5.16177, 36.53514], [-5.14705, 36.5347], [-5.11838, 36.52116], [-5.10566, 36.50525], [-5.08762, 36.49157], [-5.07485, 36.47287], [-5.06142, 36.46919], [-5.04952, 36.47088], [-5.01467, 36.49313], [-5.00589, 36.45953]]]}}, {"type": "Feature", "properties": {"ine_code": "29052", "name": "Faraján", "province": "Málaga"}, "geometry": {"type": "Polygon", "coordinates": [[[-5.22908, 36.60269], [-5.23367, 36.61064], [-5.22656, 36.61622], [-5.20666, 36.62096], [-5.19418, 36.62878], [-5.19345, 36.64391], [-5.19698, 36.65037], [-5.18687, 36.64302], [-5.18809, 36.64025], [-5.18088, 36.62684], [-5.17878, 36.61335], [-5.18638, 36.60467], [-5.18171, 36.60285], [-5.18102, 36.59379], [-5.17232, 36.58847], [-5.1628, 36.58729], [-5.16897, 36.57758], [-5.17877, 36.57664], [-5.18478, 36.58075], [-5.19493, 36.58103], [-5.20055, 36.57817], [-5.21027, 36.58986], [-5.22908, 36.60269]]]}}, {"type": "Feature", "properties": {"ine_code": "29053", "name": "Frigiliana", "province": "Málaga"}, "geometry": {"type": "Polygon", "coordinates": [[[-3.92814, 36.81494], [-3.92091, 36.81809], [-3.92459, 36.83134], [-3.92266, 36.83477], [-3.90445, 36.8385], [-3.89635, 36.84509], [-3.87647, 36.83501], [-3.85605, 36.832], [-3.84773, 36.83581], [-3.84797, 36.83049], [-3.86022, 36.82412], [-3.86325, 36.81941], [-3.8651, 36.80777], [-3.8603, 36.80219], [-3.88355, 36.78785], [-3.87602, 36.76519], [-3.87839, 36.75779], [-3.89356, 36.7652], [-3.91301, 36.76446], [-3.91302, 36.77088], [-3.92208, 36.77774], [-3.9235, 36.79049], [-3.93276, 36.80021], [-3.93207, 36.80924], [-3.92814, 36.81494]]]}}, {"type": "Feature", "properties": {"ine_code": "29054", "name": "Fuengirola", "province": "Málaga"}, "geometry": {"type": "Polygon", "coordinates": [[[-4.59024, 36.57152], [-4.59894, 36.56267], [-4.60249, 36.56352], [-4.60806, 36.55857], [-4.61714, 36.54492], [-4.6157, 36.54209], [-4.61903, 36.54046], [-4.61652, 36.53886], [-4.61396, 36.54324], [-4.61541, 36.54003], [-4.61649, 36.53856], [-4.62106, 36.53762], [-4.63019, 36.51932], [-4.63658, 36.52867], [-4.62997, 36.53671], [-4.63241, 36.54391], [-4.62723, 36.55871], [-4.62115, 36.56243], [-4.62198, 36.56729], [-4.61456, 36.57704], [-4.60762, 36.58075], [-4.60813, 36.58539], [-4.60347, 36.58973], [-4.59409, 36.58721], [-4.59672, 36.58222], [-4.59024, 36.57152]]]}}, {"type": "Feature", "properties": {"ine_code": "29055", "name": "Fuente de Piedra", "province": "Málaga"}, "geometry": {"type": "Polygon", "coordinates": [[[-4.82337, 37.09853], [-4.79281, 37.14666], [-4.78108, 37.15979], [-4.77984, 37.16668], [-4.76165, 37.17098], [-4.76002, 37.17726], [-4.73193, 37.18554], [-4.70046, 37.16201], [-4.70604, 37.15656], [-4.70243, 37.15107], [-4.70741, 37.13834], [-4.70648, 37.12242], [-4.70988, 37.10543], [-4.72054, 37.09955], [-4.72103, 37.08786], [-4.73439, 37.07363], [-4.73952, 37.06075], [-4.75507, 37.06355], [-4.77684, 37.07296], [-4.7867, 37.08377], [-4.82337, 37.09853]]]}}, {"type": "Feature", "properties": {"ine_code": "29056", "name": "Gaucín", "province": "Málaga"}, "geometry": {"type": "Polygon", "coordinates": [[[-5.4129, 36.52034], [-5.40761, 36.53005], [-5.40171, 36.53105], [-5.39372, 36.53849], [-5.37679, 36.53806], [-5.36634, 36.546], [-5.34783, 36.5498], [-5.32654, 36.54268], [-5.31343, 36.54641], [-5.29486, 36.5384], [-5.27882, 36.52452], [-5.27681, 36.51143], [-5.28842, 36.50052], [-5.2924, 36.48597], [-5.29836, 36.47931], [-5.30997, 36.47495], [-5.31896, 36.46323], [-5.33573, 36.45275], [-5.35545, 36.4338], [-5.37425, 36.45356], [-5.39555, 36.46958], [-5.40414, 36.49462], [-5.40984, 36.49655], [-5.4129, 36.52034]]]}}, {"type": "Feature", "properties": {"ine_code": "29057", "name": "Genalguacil", "province": "Málaga"}, "geometry": {"type": "Polygon", "coordinates": [[[-5.20828, 36.4843], [-5.21272, 36.49313], [-5.22031, 36.49623], [-5.236, 36.5155], [-5.24242, 36.51795], [-5.25242, 36.51408], [-5.26618, 36.51466], [-5.26805, 36.5204], [-5.27228, 36.51797], [-5.26934, 36.52199], [-5.26403, 36.52034], [-5.2609, 36.52474], [-5.25471, 36.52467], [-5.25863, 36.52825], [-5.25749, 36.54043], [-5.26117, 36.54209], [-5.25806, 36.54883], [-5.25931, 36.55809], [-5.25032, 36.5553], [-5.24367, 36.55787], [-5.23138, 36.54957], [-5.2152, 36.55017], [-5.20129, 36.53541], [-5.20116, 36.53068], [-5.18248, 36.51864], [-5.18254, 36.5079], [-5.18946, 36.50488], [-5.19819, 36.49044], [-5.20828, 36.4843]]]}}, {"type": "Feature", "properties": {"ine_code": "29058", "name": "Guaro", "province": "Málaga"}, "geometry": {"type": "Polygon", "coordinates": [[[-4.87161, 36.66062], [-4.86515, 36.68286], [-4.84904, 36.69182], [-4.83282, 36.7061], [-4.81445, 36.68904], [-4.81669, 36.67599], [-4.80756, 36.65683], [-4.8108, 36.65487], [-4.81289, 36.65789], [-4.82615, 36.66019], [-4.82555, 36.65671], [-4.83805, 36.64824], [-4.85843, 36.65154], [-4.87161, 36.66062]]]}}, {"type": "Feature", "properties": {"ine_code": "29059", "name": "Humilladero", "province": "Málaga"}, "geometry": {"type": "Polygon", "coordinates": [[[-4.73193, 37.18554], [-4.7016, 37.20077], [-4.67412, 37.19271], [-4.68279, 37.18822], [-4.68385, 37.17826], [-4.69075, 37.16759], [-4.69226, 37.15889], [-4.68542, 37.14876], [-4.69246, 37.14424], [-4.69281, 37.12579], [-4.68962, 37.12268], [-4.68911, 37.11444], [-4.65887, 37.1022], [-4.65356, 37.10347], [-4.64015, 37.09175], [-4.65932, 37.08083], [-4.65856, 37.07347], [-4.66411, 37.07377], [-4.69022, 37.09146], [-4.72093, 37.09842], [-4.70988, 37.10543], [-4.70648, 37.12242], [-4.70741, 37.13834], [-4.70243, 37.15107], [-4.70604, 37.15656], [-4.70046, 37.16201], [-4.73193, 37.18554]]]}}, {"type": "Feature", "properties": {"ine_code": "29060", "name": "Igualeja", "province": "Málaga"}, "geometry": {"type": "Polygon", "coordinates": [[[-5.14714, 36.61921], [-5.13244, 36.63515], [-5.13562, 36.63839], [-5.12426, 36.64052], [-5.11183, 36.65065], [-5.11207, 36.65467], [-5.10269, 36.6596], [-5.07593, 36.65417], [-5.05109, 36.63568], [-5.05569, 36.63041], [-5.06195, 36.60912], [-5.06039, 36.60235], [-5.07514, 36.59817], [-5.08543, 36.58128], [-5.09965, 36.57226], [-5.10654, 36.58999], [-5.11839, 36.60308], [-5.11693, 36.6065], [-5.12368, 36.61344], [-5.14714, 36.61921]]]}}, {"type": "Feature", "properties": {"ine_code": "29061", "name": "Istán", "province": "Málaga"}, "geometry": {"type": "Polygon", "coordinates": [[[-5.03623, 36.6346], [-5.04358, 36.64579], [-5.02291, 36.65231], [-5.01875, 36.65948], [-5.00959, 36.65635], [-4.99579, 36.64264], [-4.99018, 36.64317], [-4.98633, 36.64737], [-4.94774, 36.63935], [-4.94369, 36.63515], [-4.93668, 36.63948], [-4.91649, 36.63885], [-4.91341, 36.6242], [-4.90841, 36.61782], [-4.89301, 36.60949], [-4.89577, 36.60163], [-4.90348, 36.59731], [-4.92529, 36.551], [-4.94566, 36.54045], [-4.9706, 36.53707], [-4.98112, 36.54351], [-4.98456, 36.56028], [-4.99831, 36.5748], [-5.00419, 36.59468], [-5.02366, 36.60855], [-5.02381, 36.62973], [-5.03623, 36.6346]]]}}, {"type": "Feature", "properties": {"ine_code": "29062", "name": "Iznate", "province": "Málaga"}, "geometry": {"type": "Polygon", "coordinates": [[[-4.21283, 36.79278], [-4.18205, 36.79492], [-4.17179, 36.79222], [-4.1757, 36.78366], [-4.17545, 36.77113], [-4.20068, 36.77368], [-4.21138, 36.7821], [-4.21283, 36.79278]]]}}, {"type": "Feature", "properties": {"ine_code": "29063", "name": "Jimera de Líbar", "province": "Málaga"}, "geometry": {"type": "Polygon", "coordinates": [[[-5.31626, 36.66208], [-5.266, 36.68211], [-5.24815, 36.68573], [-5.24114, 36.67734], [-5.23879, 36.66721], [-5.23937, 36.66149], [-5.26574, 36.64185], [-5.27198, 36.63323], [-5.28123, 36.63444], [-5.28801, 36.62983], [-5.30407, 36.62634], [-5.3128, 36.62723], [-5.30423, 36.63923], [-5.31546, 36.64922], [-5.31626, 36.66208]]]}}, {"type": "Feature", "properties": {"ine_code": "29064", "name": "Jubrique", "province": "Málaga"}, "geometry": {"type": "Polygon", "coordinates": [[[-5.25671, 36.55881], [-5.25483, 36.56625], [-5.24487, 36.56879], [-5.24754, 36.57123], [-5.2427, 36.57508], [-5.24633, 36.57748], [-5.24063, 36.58214], [-5.2446, 36.58345], [-5.23881, 36.58813], [-5.23518, 36.58711], [-5.23585, 36.59551], [-5.23302, 36.59543], [-5.2326, 36.6018], [-5.22908, 36.60269], [-5.21027, 36.58986], [-5.20055, 36.57817], [-5.19493, 36.58103], [-5.18478, 36.58075], [-5.17877, 36.57664], [-5.16897, 36.57758], [-5.16462, 36.56627], [-5.16808, 36.55452], [-5.16177, 36.53514], [-5.18248, 36.51864], [-5.20116, 36.53068], [-5.20129, 36.53541], [-5.2152, 36.55017], [-5.23138, 36.54957], [-5.24367, 36.55787], [-5.25032, 36.5553], [-5.25671, 36.55881]]]}}, {"type": "Feature", "properties": {"ine_code": "29065", "name": "Júzcar", "province": "Málaga"}, "geometry": {"type": "Polygon", "coordinates": [[[-5.19698, 36.65037], [-5.18959, 36.67007], [-5.18271, 36.67351], [-5.18057, 36.65943], [-5.16238, 36.63892], [-5.16158, 36.62543], [-5.1556, 36.62138], [-5.16644, 36.61105], [-5.16568, 36.60829], [-5.15303, 36.6043], [-5.15702, 36.59852], [-5.15504, 36.59123], [-5.13895, 36.58453], [-5.14094, 36.56395], [-5.13248, 36.56025], [-5.13435, 36.55599], [-5.12828, 36.55612], [-5.12834, 36.54842], [-5.1207, 36.54448], [-5.14009, 36.52999], [-5.14705, 36.5347], [-5.16177, 36.53514], [-5.16496, 36.54089], [-5.16833, 36.55646], [-5.16492, 36.56924], [-5.16897, 36.57758], [-5.1628, 36.58729], [-5.17232, 36.58847], [-5.18102, 36.59379], [-5.18171, 36.60285], [-5.18638, 36.60467], [-5.17878, 36.61335], [-5.18088, 36.62684], [-5.18809, 36.64025], [-5.18687, 36.64302], [-5.19698, 36.65037]]]}}, {"type": "Feature", "properties": {"ine_code": "29066", "name": "Macharaviaya", "province": "Málaga"}, "geometry": {"type": "Polygon", "coordinates": [[[-4.2333, 36.75577], [-4.23973, 36.75814], [-4.23512, 36.76389], [-4.23797, 36.78107], [-4.2201, 36.78262], [-4.21283, 36.79278], [-4.20814, 36.75358], [-4.21887, 36.75216], [-4.22925, 36.75938], [-4.2333, 36.75577]]]}}, {"type": "Feature", "properties": {"ine_code": "29067", "name": "Málaga", "province": "Málaga"}, "geometry": {"type": "MultiPolygon", "coordinates": [[[[-4.57126, 36.71709], [-4.57759, 36.71717], [-4.57729, 36.73204], [-4.58611, 36.74028], [-4.58063, 36.76535], [-4.58789, 36.78411], [-4.57776, 36.78085], [-4.57276, 36.78411], [-4.56095, 36.78159], [-4.55002, 36.76942], [-4.53625, 36.77272], [-4.52478, 36.78052], [-4.51351, 36.78067], [-4.50392, 36.78657], [-4.50209, 36.79293], [-4.49387, 36.801], [-4.46694, 36.81317], [-4.46624, 36.83116], [-4.4698, 36.83585], [-4.46299, 36.84271], [-4.4657, 36.84967], [-4.45389, 36.8461], [-4.44831, 36.84027], [-4.42572, 36.85108], [-4.41952, 36.84771], [-4.4091, 36.85166], [-4.39678, 36.8447], [-4.39243, 36.85193], [-4.38272, 36.85808], [-4.38445, 36.8653], [-4.38077, 36.87935], [-4.37162, 36.88891], [-4.37115, 36.89328], [-4.36239, 36.89319], [-4.35862, 36.88805], [-4.34441, 36.88218], [-4.34297, 36.87838], [-4.33013, 36.87515], [-4.32031, 36.86107], [-4.30374, 36.86257], [-4.28724, 36.85864], [-4.29192, 36.84629], [-4.28806, 36.83981], [-4.28252, 36.83739], [-4.28353, 36.83409], [-4.27243, 36.83309], [-4.26612, 36.83878], [-4.26543, 36.83162], [-4.26058, 36.8297], [-4.26194, 36.82129], [-4.27398, 36.8209], [-4.27639, 36.81245], [-4.2853, 36.80385], [-4.27455, 36.79517], [-4.28404, 36.79847], [-4.29755, 36.79326], [-4.29195, 36.79137], [-4.2905, 36.78176], [-4.29567, 36.77794], [-4.29941, 36.77909], [-4.30312, 36.77461], [-4.30515, 36.75416], [-4.31077, 36.75266], [-4.31693, 36.74547], [-4.31528, 36.74197], [-4.31778, 36.73884], [-4.30375, 36.73794], [-4.31846, 36.73243], [-4.31379, 36.72128], [-4.31676, 36.71689], [-4.31541, 36.71254], [-4.33954, 36.71258], [-4.35176, 36.71716], [-4.39519, 36.72222], [-4.41233, 36.71432], [-4.41453, 36.69869], [-4.41563, 36.71384], [-4.41323, 36.71777], [-4.41846, 36.71717], [-4.41774, 36.71475], [-4.42329, 36.712], [-4.41729, 36.71234], [-4.42286, 36.71041], [-4.41905, 36.70787], [-4.41824, 36.70108], [-4.42754, 36.70131], [-4.42544, 36.70593], [-4.42627, 36.70988], [-4.42852, 36.70272], [-4.43243, 36.70271], [-4.43979, 36.69203], [-4.44389, 36.68343], [-4.44106, 36.68168], [-4.44507, 36.68105], [-4.4543, 36.66396], [-4.46094, 36.66141], [-4.47514, 36.6463], [-4.49319, 36.6499], [-4.49382, 36.65299], [-4.50015, 36.64539], [-4.50393, 36.64574], [-4.50387, 36.63959], [-4.52912, 36.63567], [-4.53862, 36.64559], [-4.52972, 36.65136], [-4.52837, 36.66654], [-4.52515, 36.6671], [-4.52664, 36.67107], [-4.52152, 36.68046], [-4.52522, 36.68723], [-4.51838, 36.68977], [-4.51607, 36.69603], [-4.52776, 36.69396], [-4.53716, 36.69724], [-4.54286, 36.69355], [-4.54855, 36.69415], [-4.55208, 36.69716], [-4.551, 36.70112], [-4.56242, 36.70177], [-4.56129, 36.70928], [-4.57126, 36.71709]]], [[[-4.2918, 36.77792], [-4.28776, 36.77891], [-4.28721, 36.7844], [-4.27723, 36.78648], [-4.27344, 36.78412], [-4.27655, 36.78179], [-4.27447, 36.77742], [-4.28349, 36.77252], [-4.2918, 36.77792]]]]}}, {"type": "Feature", "properties": {"ine_code": "29068", "name": "Manilva", "province": "Málaga"}, "geometry": {"type": "Polygon", "coordinates": [[[-5.25235, 36.31122], [-5.2595, 36.32235], [-5.26785, 36.32418], [-5.27783, 36.33712], [-5.29131, 36.33679], [-5.32008, 36.32507], [-5.30409, 36.34168], [-5.29432, 36.36001], [-5.28011, 36.37083], [-5.27558, 36.38316], [-5.26465, 36.38255], [-5.25866, 36.38959], [-5.22105, 36.3735], [-5.22783, 36.35414], [-5.22799, 36.35571], [-5.23094, 36.35673], [-5.2315, 36.35564], [-5.22843, 36.35507], [-5.24607, 36.31223], [-5.25235, 36.31122]]]}}, {"type": "Feature", "properties": {"ine_code": "29069", "name": "Marbella", "province": "Málaga"}, "geometry": {"type": "Polygon", "coordinates": [[[-5.01467, 36.49313], [-5.01268, 36.49756], [-4.98941, 36.50959], [-4.98682, 36.5214], [-4.9706, 36.53707], [-4.94566, 36.54045], [-4.92214, 36.55497], [-4.91462, 36.54914], [-4.89717, 36.55202], [-4.88265, 36.54593], [-4.87132, 36.53346], [-4.85178, 36.53007], [-4.80946, 36.5416], [-4.80332, 36.54654], [-4.7436, 36.52487], [-4.7307, 36.51546], [-4.73638, 36.50669], [-4.73429, 36.50229], [-4.73708, 36.49334], [-4.73198, 36.48639], [-4.73965, 36.48278], [-4.74058, 36.4827], [-4.73914, 36.48333], [-4.74037, 36.48595], [-4.73958, 36.48341], [-4.74328, 36.48275], [-4.85613, 36.50676], [-4.87706, 36.50563], [-4.87268, 36.50675], [-4.87458, 36.50793], [-4.88765, 36.50477], [-4.8985, 36.50689], [-4.91218, 36.50557], [-4.92243, 36.5], [-4.93556, 36.49958], [-4.95267, 36.48319], [-4.95496, 36.48303], [-4.95182, 36.4844], [-4.94934, 36.48753], [-4.95013, 36.4887], [-4.95441, 36.48596], [-4.95295, 36.48427], [-4.95912, 36.48502], [-4.97785, 36.47753], [-5.00589, 36.45953], [-5.01467, 36.49313]]]}}, {"type": "Feature", "properties": {"ine_code": "29070", "name": "Mijas", "province": "Málaga"}, "geometry": {"type": "Polygon", "coordinates": [[[-4.7307, 36.51546], [-4.73795, 36.52787], [-4.74853, 36.53864], [-4.7507, 36.54659], [-4.77386, 36.56359], [-4.77682, 36.57644], [-4.77162, 36.59119], [-4.76635, 36.58967], [-4.75736, 36.5945], [-4.74631, 36.59347], [-4.70876, 36.59982], [-4.70191, 36.60443], [-4.69215, 36.60585], [-4.6764, 36.61632], [-4.64405, 36.61234], [-4.6392, 36.62376], [-4.62916, 36.62042], [-4.62199, 36.6253], [-4.60276, 36.61433], [-4.59695, 36.61442], [-4.59684, 36.6046], [-4.59217, 36.59782], [-4.59562, 36.5879], [-4.60375, 36.5897], [-4.60813, 36.58539], [-4.60762, 36.58075], [-4.61456, 36.57704], [-4.62198, 36.56729], [-4.62302, 36.55983], [-4.62723, 36.55871], [-4.63241, 36.54391], [-4.62997, 36.53671], [-4.63658, 36.52867], [-4.62935, 36.51902], [-4.63672, 36.50788], [-4.67584, 36.50351], [-4.69471, 36.49005], [-4.73198, 36.48639], [-4.73708, 36.49334], [-4.73429, 36.50229], [-4.73638, 36.50669], [-4.7307, 36.51546]]]}}, {"type": "Feature", "properties": {"ine_code": "29071", "name": "Moclinejo", "province": "Málaga"}, "geometry": {"type": "Polygon", "coordinates": [[[-4.28658, 36.75284], [-4.28312, 36.76175], [-4.26663, 36.77181], [-4.27646, 36.78003], [-4.26976, 36.78655], [-4.24919, 36.78702], [-4.23797, 36.78107], [-4.23525, 36.76331], [-4.24564, 36.75262], [-4.25102, 36.75517], [-4.25781, 36.75361], [-4.25769, 36.74989], [-4.27041, 36.73991], [-4.27241, 36.74708], [-4.28658, 36.75284]]]}}, {"type": "Feature", "properties": {"ine_code": "29072", "name": "Mollina", "province": "Málaga"}, "geometry": {"type": "Polygon", "coordinates": [[[-4.62997, 37.07998], [-4.65356, 37.10347], [-4.65887, 37.1022], [-4.68911, 37.11444], [-4.69337, 37.13439], [-4.69246, 37.14424], [-4.68542, 37.14876], [-4.69223, 37.15997], [-4.68385, 37.17826], [-4.68279, 37.18822], [-4.67543, 37.19147], [-4.67523, 37.1943], [-4.65614, 37.19584], [-4.63762, 37.20208], [-4.62838, 37.19086], [-4.61574, 37.18709], [-4.6193, 37.18185], [-4.61407, 37.17181], [-4.61464, 37.16398], [-4.60719, 37.16433], [-4.60563, 37.15685], [-4.59968, 37.15586], [-4.59916, 37.1475], [-4.60931, 37.15022], [-4.61237, 37.14424], [-4.61107, 37.13765], [-4.61836, 37.13906], [-4.6204, 37.13399], [-4.61075, 37.13515], [-4.6116, 37.13294], [-4.60475, 37.13285], [-4.59532, 37.12497], [-4.5959, 37.12105], [-4.60689, 37.1228], [-4.61371, 37.12854], [-4.61218, 37.11746], [-4.61583, 37.11565], [-4.62438, 37.11707], [-4.62925, 37.12246], [-4.62813, 37.11407], [-4.62365, 37.11415], [-4.61526, 37.09777], [-4.60785, 37.09196], [-4.61148, 37.08809], [-4.60595, 37.08237], [-4.61675, 37.07332], [-4.62047, 37.07278], [-4.62997, 37.07998]]]}}, {"type": "Feature", "properties": {"ine_code": "29073", "name": "Monda", "province": "Málaga"}, "geometry": {"type": "Polygon", "coordinates": [[[-4.91649, 36.63885], [-4.91236, 36.65], [-4.89307, 36.65362], [-4.8899, 36.65795], [-4.87161, 36.66062], [-4.85843, 36.65154], [-4.83805, 36.64824], [-4.82893, 36.65355], [-4.82458, 36.66048], [-4.81289, 36.65789], [-4.80261, 36.64255], [-4.79896, 36.631], [-4.80201, 36.61602], [-4.80776, 36.60664], [-4.8096, 36.59228], [-4.82592, 36.58444], [-4.83337, 36.59719], [-4.8499, 36.5988], [-4.86612, 36.60633], [-4.87617, 36.60648], [-4.88432, 36.60264], [-4.90249, 36.61309], [-4.91341, 36.6242], [-4.91649, 36.63885]]]}}, {"type": "Feature", "properties": {"ine_code": "29074", "name": "Montejaque", "province": "Málaga"}, "geometry": {"type": "Polygon", "coordinates": [[[-5.22718, 36.74469], [-5.23772, 36.73564], [-5.24905, 36.73173], [-5.30296, 36.68521], [-5.32403, 36.67334], [-5.33008, 36.67837], [-5.32968, 36.68192], [-5.31871, 36.69048], [-5.32159, 36.69444], [-5.32762, 36.69489], [-5.32313, 36.71873], [-5.32463, 36.72401], [-5.31254, 36.73444], [-5.30762, 36.75101], [-5.29527, 36.76433], [-5.26614, 36.76262], [-5.25071, 36.75532], [-5.2407, 36.75959], [-5.22884, 36.75528], [-5.22718, 36.74469]]]}}, {"type": "Feature", "properties": {"ine_code": "29075", "name": "Nerja", "province": "Málaga"}, "geometry": {"type": "Polygon", "coordinates": [[[-3.91301, 36.76446], [-3.89356, 36.7652], [-3.87712, 36.7584], [-3.87602, 36.76519], [-3.88355, 36.78785], [-3.8603, 36.80219], [-3.8651, 36.80777], [-3.86325, 36.81941], [-3.86022, 36.82412], [-3.84797, 36.83049], [-3.84773, 36.83581], [-3.83094, 36.83548], [-3.8152, 36.84184], [-3.79609, 36.83154], [-3.79338, 36.82662], [-3.79533, 36.821], [-3.79061, 36.82069], [-3.7865, 36.81238], [-3.76814, 36.80196], [-3.77101, 36.79656], [-3.76663, 36.78538], [-3.77765, 36.77472], [-3.78228, 36.76445], [-3.77923, 36.75887], [-3.78148, 36.75126], [-3.77734, 36.74488], [-3.7781, 36.73765], [-3.78792, 36.74092], [-3.79231, 36.74636], [-3.79866, 36.7454], [-3.80953, 36.75004], [-3.83548, 36.75404], [-3.84858, 36.75067], [-3.86222, 36.75187], [-3.88421, 36.74071], [-3.89651, 36.74356], [-3.91067, 36.74215], [-3.91346, 36.74559], [-3.91048, 36.75428], [-3.91301, 36.76446]]]}}, {"type": "Feature", "properties": {"ine_code": "29076", "name": "Ojén", "province": "Málaga"}, "geometry": {"type": "Polygon", "coordinates": [[[-4.92214, 36.55497], [-4.90348, 36.59731], [-4.89577, 36.60163], [-4.89301, 36.60949], [-4.88432, 36.60264], [-4.87617, 36.60648], [-4.86612, 36.60633], [-4.8499, 36.5988], [-4.83337, 36.59719], [-4.82592, 36.58444], [-4.80929, 36.59283], [-4.79689, 36.59198], [-4.78419, 36.59646], [-4.77162, 36.59119], [-4.77682, 36.57644], [-4.77386, 36.56359], [-4.7507, 36.54659], [-4.74853, 36.53864], [-4.73795, 36.52787], [-4.73556, 36.52117], [-4.80332, 36.54654], [-4.80946, 36.5416], [-4.84448, 36.53114], [-4.86608, 36.53141], [-4.8775, 36.5378], [-4.88479, 36.54733], [-4.89895, 36.55248], [-4.91462, 36.54914], [-4.92214, 36.55497]]]}}, {"type": "Feature", "properties": {"ine_code": "29077", "name": "Parauta", "province": "Málaga"}, "geometry": {"type": "Polygon", "coordinates": [[[-5.05109, 36.63568], [-5.07593, 36.65417], [-5.10269, 36.6596], [-5.11207, 36.65467], [-5.11183, 36.65065], [-5.12426, 36.64052], [-5.13562, 36.63839], [-5.14625, 36.64587], [-5.14796, 36.65554], [-5.13962, 36.6668], [-5.12834, 36.67283], [-5.12601, 36.68669], [-5.11055, 36.68977], [-5.10142, 36.69778], [-5.09262, 36.69559], [-5.07889, 36.68617], [-5.07532, 36.68032], [-5.05332, 36.6863], [-5.02364, 36.6871], [-5.03146, 36.66979], [-5.01878, 36.65947], [-5.01943, 36.65635], [-5.02475, 36.65134], [-5.04358, 36.64579], [-5.04352, 36.64236], [-5.05109, 36.63568]]]}}, {"type": "Feature", "properties": {"ine_code": "29079", "name": "Periana", "province": "Málaga"}, "geometry": {"type": "Polygon", "coordinates": [[[-4.25421, 36.9347], [-4.24447, 36.94322], [-4.21691, 36.95543], [-4.21926, 36.97036], [-4.19509, 36.97955], [-4.16909, 36.96248], [-4.16662, 36.95702], [-4.13839, 36.9522], [-4.14274, 36.93916], [-4.16197, 36.91937], [-4.15831, 36.91286], [-4.16219, 36.90221], [-4.1695, 36.89147], [-4.18229, 36.88681], [-4.20687, 36.88701], [-4.21147, 36.89283], [-4.21121, 36.90042], [-4.23522, 36.9153], [-4.23894, 36.92836], [-4.25421, 36.9347]]]}}, {"type": "Feature", "properties": {"ine_code": "29080", "name": "Pizarra", "province": "Málaga"}, "geometry": {"type": "Polygon", "coordinates": [[[-4.76007, 36.75699], [-4.75591, 36.75982], [-4.76868, 36.75935], [-4.77638, 36.76598], [-4.76147, 36.78158], [-4.75829, 36.79834], [-4.7509, 36.79225], [-4.73697, 36.80215], [-4.72679, 36.79427], [-4.72009, 36.7967], [-4.70881, 36.78982], [-4.70605, 36.79132], [-4.70927, 36.79506], [-4.68167, 36.79937], [-4.67188, 36.78922], [-4.6516, 36.78815], [-4.65148, 36.77085], [-4.64546, 36.76955], [-4.6488, 36.76679], [-4.64832, 36.76095], [-4.65665, 36.75595], [-4.65073, 36.74892], [-4.65756, 36.74798], [-4.6699, 36.73697], [-4.67389, 36.72779], [-4.68337, 36.72343], [-4.6943, 36.7263], [-4.70406, 36.73763], [-4.72548, 36.74068], [-4.73747, 36.73864], [-4.74139, 36.74272], [-4.74719, 36.74215], [-4.75292, 36.74526], [-4.76007, 36.75699]]]}}, {"type": "Feature", "properties": {"ine_code": "29081", "name": "Pujerra", "province": "Málaga"}, "geometry": {"type": "Polygon", "coordinates": [[[-5.1556, 36.62138], [-5.14739, 36.62278], [-5.14714, 36.61921], [-5.12333, 36.61323], [-5.09992, 36.57613], [-5.09965, 36.57226], [-5.10639, 36.5707], [-5.10639, 36.55889], [-5.12069, 36.54337], [-5.12834, 36.54842], [-5.12828, 36.55612], [-5.13391, 36.55565], [-5.13248, 36.56025], [-5.14094, 36.56395], [-5.13895, 36.58453], [-5.15504, 36.59123], [-5.15702, 36.59852], [-5.15303, 36.6043], [-5.16568, 36.60829], [-5.16644, 36.61105], [-5.1556, 36.62138]]]}}, {"type": "Feature", "properties": {"ine_code": "29082", "name": "Rincón de la Victoria", "province": "Málaga"}, "geometry": {"type": "Polygon", "coordinates": [[[-4.31541, 36.71254], [-4.31676, 36.71689], [-4.31379, 36.72128], [-4.31846, 36.73243], [-4.29739, 36.7407], [-4.29404, 36.74831], [-4.28658, 36.75284], [-4.27241, 36.74708], [-4.27041, 36.73991], [-4.25769, 36.74989], [-4.25781, 36.75361], [-4.25102, 36.75517], [-4.24592, 36.75257], [-4.24108, 36.75766], [-4.23264, 36.75733], [-4.23923, 36.73725], [-4.23198, 36.73239], [-4.23097, 36.72532], [-4.23473, 36.72162], [-4.23268, 36.71251], [-4.24877, 36.71031], [-4.2873, 36.71443], [-4.31541, 36.71254]]]}}, {"type": "Feature", "properties": {"ine_code": "29083", "name": "Riogordo", "province": "Málaga"}, "geometry": {"type": "Polygon", "coordinates": [[[-4.27813, 36.86984], [-4.28448, 36.88025], [-4.29465, 36.88752], [-4.29469, 36.89873], [-4.30194, 36.90287], [-4.30699, 36.91196], [-4.29478, 36.91169], [-4.29898, 36.92016], [-4.30247, 36.92285], [-4.31159, 36.92017], [-4.31261, 36.92541], [-4.3152, 36.92445], [-4.31528, 36.9332], [-4.31031, 36.93205], [-4.30379, 36.93703], [-4.30421, 36.9428], [-4.30846, 36.94245], [-4.31821, 36.95299], [-4.31308, 36.9608], [-4.30258, 36.96015], [-4.29319, 36.96513], [-4.2799, 36.96212], [-4.26842, 36.95454], [-4.26679, 36.94002], [-4.23873, 36.92808], [-4.23522, 36.9153], [-4.24011, 36.909], [-4.25716, 36.89926], [-4.25985, 36.88862], [-4.27374, 36.88177], [-4.27813, 36.86984]]]}}, {"type": "Feature", "properties": {"ine_code": "29084", "name": "Ronda", "province": "Málaga"}, "geometry": {"type": "Polygon", "coordinates": [[[-5.22552, 36.7384], [-5.22884, 36.75528], [-5.2407, 36.75959], [-5.25071, 36.75532], [-5.26614, 36.76262], [-5.29527, 36.76433], [-5.29084, 36.77287], [-5.27343, 36.77475], [-5.27628, 36.78232], [-5.27441, 36.79053], [-5.27823, 36.79571], [-5.27603, 36.80175], [-5.27, 36.79792], [-5.26379, 36.79886], [-5.26202, 36.79408], [-5.25751, 36.79614], [-5.26652, 36.80497], [-5.25666, 36.80721], [-5.26201, 36.81574], [-5.24597, 36.81243], [-5.23981, 36.81473], [-5.24228, 36.82017], [-5.25402, 36.82727], [-5.25321, 36.83029], [-5.24097, 36.83053], [-5.24496, 36.83884], [-5.25941, 36.84127], [-5.26109, 36.84397], [-5.27499, 36.84202], [-5.27049, 36.8461], [-5.28032, 36.84695], [-5.2808, 36.85266], [-5.27814, 36.85457], [-5.28125, 36.85786], [-5.27689, 36.86489], [-5.28932, 36.87309], [-5.26954, 36.88391], [-5.26589, 36.87543], [-5.2418, 36.86171], [-5.23173, 36.86154], [-5.22513, 36.85633], [-5.22185, 36.84249], [-5.19988, 36.83753], [-5.18696, 36.82901], [-5.17806, 36.82953], [-5.16909, 36.82436], [-5.13504, 36.83837], [-5.13126, 36.84257], [-5.11777, 36.87091], [-5.11341, 36.87356], [-5.11103, 36.8882], [-5.10275, 36.89136], [-5.10565, 36.89779], [-5.08679, 36.90501], [-5.09315, 36.91195], [-5.09187, 36.92062], [-5.06072, 36.90001], [-5.07452, 36.88811], [-5.07344, 36.87388], [-5.06842, 36.87572], [-5.0647, 36.87354], [-5.06832, 36.87125], [-5.06313, 36.86789], [-5.06842, 36.85671], [-5.07589, 36.85073], [-5.07335, 36.84726], [-5.0622, 36.84287], [-5.02748, 36.87406], [-5.02378, 36.86551], [-5.02533, 36.85976], [-5.0222, 36.85756], [-5.02802, 36.85235], [-5.02905, 36.84673], [-5.01512, 36.84263], [-5.02063, 36.84799], [-5.01067, 36.84917], [-5.00446, 36.85498], [-5.00563, 36.85029], [-5.00098, 36.84802], [-5.00378, 36.83568], [-5.00815, 36.83494], [-5.00739, 36.83104], [-4.99421, 36.82213], [-5.0042, 36.81274], [-5.00534, 36.80833], [-5.00293, 36.80729], [-5.03275, 36.79105], [-5.03647, 36.78514], [-5.03154, 36.76747], [-5.00596, 36.76149], [-5.00292, 36.75077], [-5.00537, 36.74613], [-5.00012, 36.73391], [-5.005, 36.70503], [-5.02364, 36.6871], [-5.05332, 36.6863], [-5.07532, 36.68032], [-5.07889, 36.68617], [-5.10061, 36.6979], [-5.11055, 36.68977], [-5.12601, 36.68669], [-5.1288, 36.6814], [-5.13566, 36.68865], [-5.16393, 36.6893], [-5.17372, 36.67745], [-5.18959, 36.67007], [-5.20034, 36.6814], [-5.20523, 36.69156], [-5.2121, 36.6864], [-5.21333, 36.6985], [-5.2226, 36.69913], [-5.23187, 36.69364], [-5.23077, 36.70109], [-5.21639, 36.71643], [-5.21391, 36.72724], [-5.21516, 36.73255], [-5.21942, 36.73219], [-5.22552, 36.7384]], [[-5.15915, 36.781], [-5.13909, 36.77995], [-5.13726, 36.79186], [-5.12128, 36.78844], [-5.10838, 36.79114], [-5.12174, 36.79839], [-5.1185, 36.80981], [-5.13076, 36.81393], [-5.13644, 36.80845], [-5.14196, 36.81005], [-5.14675, 36.80664], [-5.15915, 36.781]]]}}, {"type": "Feature", "properties": {"ine_code": "29085", "name": "Salares", "province": "Málaga"}, "geometry": {"type": "Polygon", "coordinates": [[[-4.02504, 36.83269], [-4.03439, 36.83178], [-4.03251, 36.83679], [-4.03813, 36.83887], [-4.03167, 36.84232], [-4.03436, 36.84463], [-4.02885, 36.86173], [-4.00749, 36.88166], [-3.99888, 36.88264], [-4.00059, 36.88033], [-3.9985, 36.87987], [-3.9952, 36.88375], [-3.99827, 36.88716], [-3.99081, 36.89068], [-3.98725, 36.88113], [-3.99929, 36.87504], [-4.0059, 36.85082], [-4.01558, 36.84352], [-4.01241, 36.83966], [-4.02504, 36.83269]]]}}, {"type": "Feature", "properties": {"ine_code": "29086", "name": "Sayalonga", "province": "Málaga"}, "geometry": {"type": "Polygon", "coordinates": [[[-4.03583, 36.78448], [-4.02535, 36.79226], [-4.02882, 36.79552], [-4.02555, 36.80664], [-4.01724, 36.80947], [-4.02051, 36.81548], [-4.01835, 36.81866], [-4.02158, 36.82033], [-4.01665, 36.8279], [-4.00801, 36.8294], [-3.99738, 36.82062], [-3.99184, 36.82861], [-3.99679, 36.81984], [-3.99367, 36.80843], [-3.99714, 36.80376], [-3.99305, 36.80124], [-3.9941, 36.79302], [-3.98689, 36.78985], [-3.98489, 36.78376], [-3.99431, 36.77304], [-3.99287, 36.76972], [-4.02232, 36.77215], [-4.02612, 36.76587], [-4.03031, 36.76966], [-4.02317, 36.77963], [-4.03583, 36.78448]]]}}, {"type": "Feature", "properties": {"ine_code": "29087", "name": "Sedella", "province": "Málaga"}, "geometry": {"type": "Polygon", "coordinates": [[[-4.10295, 36.833], [-4.08049, 36.84668], [-4.07903, 36.85254], [-4.06139, 36.86813], [-4.05858, 36.87669], [-4.03952, 36.88904], [-4.03815, 36.89776], [-4.04367, 36.90329], [-4.03611, 36.90465], [-4.01382, 36.89864], [-3.99872, 36.88993], [-3.99098, 36.89142], [-3.99827, 36.88716], [-3.9952, 36.88375], [-3.9985, 36.87987], [-4.00059, 36.88033], [-3.99888, 36.88264], [-4.00749, 36.88166], [-4.02873, 36.86192], [-4.03436, 36.84463], [-4.03167, 36.84232], [-4.038, 36.83963], [-4.03251, 36.83679], [-4.03439, 36.83178], [-4.04209, 36.83331], [-4.05304, 36.82996], [-4.05959, 36.83212], [-4.06282, 36.82982], [-4.0704, 36.83291], [-4.09118, 36.83043], [-4.10295, 36.833]]]}}, {"type": "Feature", "properties": {"ine_code": "29088", "name": "Sierra de Yeguas", "province": "Málaga"}, "geometry": {"type": "Polygon", "coordinates": [[[-4.94266, 37.15759], [-4.9396, 37.1757], [-4.92516, 37.17066], [-4.92193, 37.17501], [-4.90757, 37.17487], [-4.90511, 37.18186], [-4.90403, 37.17522], [-4.89611, 37.16733], [-4.9003, 37.15971], [-4.89762, 37.15603], [-4.8893, 37.1552], [-4.88045, 37.16327], [-4.8755, 37.15819], [-4.8567, 37.17357], [-4.86018, 37.17557], [-4.85589, 37.17821], [-4.8589, 37.19071], [-4.8537, 37.19369], [-4.85316, 37.19843], [-4.84086, 37.20097], [-4.81918, 37.19749], [-4.82222, 37.19552], [-4.81871, 37.1919], [-4.82769, 37.18688], [-4.82222, 37.17897], [-4.81433, 37.17962], [-4.8061, 37.17055], [-4.80403, 37.1733], [-4.79892, 37.17213], [-4.8012, 37.16012], [-4.79525, 37.1541], [-4.79158, 37.15486], [-4.79123, 37.16008], [-4.78544, 37.15609], [-4.82767, 37.09192], [-4.90828, 37.11528], [-4.90331, 37.13879], [-4.94266, 37.15759]]]}}, {"type": "Feature", "properties": {"ine_code": "29089", "name": "Teba", "province": "Málaga"}, "geometry": {"type": "Polygon", "coordinates": [[[-5.00385, 36.98259], [-4.99694, 37.00019], [-4.99176, 37.00395], [-4.9956, 37.00659], [-4.99423, 37.01106], [-5.00147, 37.01527], [-4.99075, 37.02061], [-4.98869, 37.06484], [-4.96918, 37.05008], [-4.94904, 37.03984], [-4.93368, 37.0373], [-4.91799, 37.02616], [-4.91462, 37.01703], [-4.88579, 37.01417], [-4.87908, 37.01103], [-4.88391, 37.00693], [-4.87812, 37.00414], [-4.87277, 37.01018], [-4.86756, 37.00845], [-4.86005, 37.00046], [-4.84486, 36.99381], [-4.84584, 36.98954], [-4.83991, 36.98443], [-4.8367, 36.98563], [-4.83249, 36.97801], [-4.83398, 36.97414], [-4.83502, 36.97753], [-4.84475, 36.97855], [-4.84047, 36.98233], [-4.84571, 36.97892], [-4.85827, 36.98336], [-4.86517, 36.97763], [-4.86611, 36.97359], [-4.85949, 36.97224], [-4.8652, 36.9641], [-4.86018, 36.96084], [-4.85568, 36.96417], [-4.85777, 36.96037], [-4.85293, 36.95844], [-4.84591, 36.95966], [-4.85179, 36.94511], [-4.85875, 36.94322], [-4.8504, 36.92594], [-4.85457, 36.92358], [-4.86677, 36.92745], [-4.88094, 36.92459], [-4.89094, 36.91532], [-4.90887, 36.90701], [-4.92946, 36.90603], [-4.93897, 36.92605], [-4.94482, 36.92915], [-4.95251, 36.92754], [-4.95909, 36.93416], [-4.97111, 36.93723], [-4.98045, 36.96266], [-4.99607, 36.97097], [-5.00385, 36.98259]]]}}, {"type": "Feature", "properties": {"ine_code": "29090", "name": "Tolox", "province": "Málaga"}, "geometry": {"type": "Polygon", "coordinates": [[[-5.02364, 36.6871], [-5.005, 36.70503], [-4.99218, 36.71074], [-4.97039, 36.70234], [-4.95842, 36.70174], [-4.94161, 36.70925], [-4.92901, 36.70615], [-4.90415, 36.7099], [-4.90068, 36.70785], [-4.89354, 36.71389], [-4.8805, 36.71621], [-4.87417, 36.71568], [-4.86444, 36.7045], [-4.84585, 36.69468], [-4.86515, 36.68286], [-4.87161, 36.66062], [-4.8899, 36.65795], [-4.89307, 36.65362], [-4.91236, 36.65], [-4.91649, 36.63885], [-4.93668, 36.63948], [-4.94369, 36.63515], [-4.94774, 36.63935], [-4.95424, 36.63872], [-4.97759, 36.64685], [-4.98694, 36.64732], [-4.99018, 36.64317], [-4.99621, 36.64283], [-5.00959, 36.65635], [-5.02132, 36.65959], [-5.03138, 36.66965], [-5.02364, 36.6871]]]}}, {"type": "Feature", "properties": {"ine_code": "29091", "name": "Torrox", "province": "Málaga"}, "geometry": {"type": "Polygon", "coordinates": [[[-3.91067, 36.74215], [-3.95726, 36.72609], [-4.00091, 36.7398], [-3.99933, 36.74909], [-4.00274, 36.75132], [-3.99366, 36.76073], [-3.9956, 36.76271], [-3.99227, 36.76556], [-3.99625, 36.76818], [-3.98489, 36.78376], [-3.98689, 36.78985], [-3.96862, 36.78515], [-3.96216, 36.79812], [-3.95138, 36.80871], [-3.92814, 36.81494], [-3.93207, 36.80924], [-3.93276, 36.80021], [-3.9235, 36.79049], [-3.92152, 36.77686], [-3.91302, 36.77088], [-3.91048, 36.75428], [-3.91346, 36.74559], [-3.91067, 36.74215]]]}}, {"type": "Feature", "properties": {"ine_code": "29092", "name": "Totalán", "province": "Málaga"}, "geometry": {"type": "Polygon", "coordinates": [[[-4.28658, 36.75284], [-4.29404, 36.74831], [-4.29739, 36.7407], [-4.31778, 36.73884], [-4.31542, 36.74892], [-4.30515, 36.75416], [-4.30435, 36.77103], [-4.29941, 36.77909], [-4.28424, 36.7749], [-4.28454, 36.77251], [-4.27477, 36.77722], [-4.26663, 36.77181], [-4.28312, 36.76175], [-4.28658, 36.75284]]]}}, {"type": "Feature", "properties": {"ine_code": "29093", "name": "Valle de Abdalajís", "province": "Málaga"}, "geometry": {"type": "Polygon", "coordinates": [[[-4.683, 36.91519], [-4.6997, 36.9307], [-4.71202, 36.93249], [-4.71343, 36.94257], [-4.68853, 36.95476], [-4.68313, 36.95268], [-4.66837, 36.96016], [-4.63943, 36.95877], [-4.64241, 36.94621], [-4.6534, 36.93337], [-4.65801, 36.9172], [-4.66832, 36.91868], [-4.6716, 36.91141], [-4.683, 36.91519]]]}}, {"type": "Feature", "properties": {"ine_code": "29094", "name": "Vélez-Málaga", "province": "Málaga"}, "geometry": {"type": "MultiPolygon", "coordinates": [[[[-4.04136, 36.7448], [-4.03031, 36.76966], [-4.02472, 36.76564], [-4.02232, 36.77215], [-4.00685, 36.76944], [-4.00045, 36.77147], [-3.99227, 36.76556], [-4.00064, 36.75519], [-4.00007, 36.75149], [-4.00274, 36.75132], [-3.99933, 36.74909], [-4.00091, 36.7398], [-4.04136, 36.7448]]], [[[-4.06119, 36.74769], [-4.08008, 36.74656], [-4.10828, 36.72558], [-4.18431, 36.71455], [-4.23268, 36.71251], [-4.23473, 36.72162], [-4.23097, 36.72532], [-4.23198, 36.73239], [-4.23923, 36.73725], [-4.22968, 36.75927], [-4.22368, 36.75784], [-4.21887, 36.75216], [-4.20814, 36.75358], [-4.20872, 36.76633], [-4.21224, 36.77178], [-4.20999, 36.78109], [-4.19573, 36.77149], [-4.1671, 36.76991], [-4.15065, 36.78797], [-4.15575, 36.80109], [-4.17398, 36.79952], [-4.18248, 36.79478], [-4.20932, 36.79349], [-4.20692, 36.7972], [-4.20905, 36.80144], [-4.20514, 36.80495], [-4.1982, 36.80885], [-4.18246, 36.80975], [-4.1833, 36.81705], [-4.17745, 36.82065], [-4.18218, 36.82258], [-4.18088, 36.83081], [-4.1871, 36.84293], [-4.18846, 36.85698], [-4.17837, 36.84993], [-4.16767, 36.84929], [-4.15029, 36.84019], [-4.12714, 36.84714], [-4.13039, 36.84495], [-4.12768, 36.84267], [-4.13197, 36.84118], [-4.13049, 36.83946], [-4.13489, 36.83886], [-4.12812, 36.83346], [-4.1264, 36.82405], [-4.11243, 36.83081], [-4.09542, 36.82409], [-4.0805, 36.82217], [-4.07365, 36.81698], [-4.072, 36.8047], [-4.07639, 36.79923], [-4.07354, 36.80083], [-4.07071, 36.79148], [-4.05515, 36.78543], [-4.05899, 36.77533], [-4.05696, 36.75681], [-4.06119, 36.74769]]]]}}, {"type": "Feature", "properties": {"ine_code": "29095", "name": "Villanueva de Algaidas", "province": "Málaga"}, "geometry": {"type": "Polygon", "coordinates": [[[-4.46995, 37.15031], [-4.48722, 37.14926], [-4.48384, 37.15803], [-4.4579, 37.18631], [-4.46561, 37.19306], [-4.46535, 37.19674], [-4.47562, 37.20325], [-4.44393, 37.21938], [-4.41679, 37.22512], [-4.38489, 37.23781], [-4.35372, 37.18988], [-4.36307, 37.18771], [-4.36312, 37.18427], [-4.35296, 37.1824], [-4.35124, 37.17943], [-4.37214, 37.17848], [-4.37257, 37.1741], [-4.36455, 37.16589], [-4.36967, 37.16053], [-4.3837, 37.15527], [-4.38915, 37.16355], [-4.39654, 37.16318], [-4.42716, 37.1547], [-4.43693, 37.14789], [-4.44883, 37.14722], [-4.4716, 37.15649], [-4.46995, 37.15031]]]}}, {"type": "Feature", "properties": {"ine_code": "29096", "name": "Villanueva del Rosario", "province": "Málaga"}, "geometry": {"type": "Polygon", "coordinates": [[[-4.43446, 37.02478], [-4.41615, 37.04312], [-4.39318, 37.04457], [-4.34486, 37.01928], [-4.32583, 37.00474], [-4.29947, 36.99816], [-4.30483, 36.99286], [-4.30711, 36.9846], [-4.3164, 36.98231], [-4.32154, 36.9742], [-4.33387, 36.96712], [-4.34603, 36.96599], [-4.36195, 36.98983], [-4.38472, 37.00491], [-4.42129, 37.00961], [-4.42644, 37.01394], [-4.42557, 37.02068], [-4.43446, 37.02478]]]}}, {"type": "Feature", "properties": {"ine_code": "29097", "name": "Villanueva del Trabuco", "province": "Málaga"}, "geometry": {"type": "Polygon", "coordinates": [[[-4.38643, 37.04135], [-4.37539, 37.05309], [-4.35326, 37.0635], [-4.33699, 37.07913], [-4.32918, 37.07562], [-4.30605, 37.07903], [-4.29527, 37.07206], [-4.28279, 37.07136], [-4.28083, 37.05583], [-4.27276, 37.04172], [-4.27004, 37.02703], [-4.27251, 37.0149], [-4.29947, 36.99816], [-4.32583, 37.00474], [-4.34486, 37.01928], [-4.38643, 37.04135]]]}}, {"type": "Feature", "properties": {"ine_code": "29098", "name": "Villanueva de Tapia", "province": "Málaga"}, "geometry": {"type": "Polygon", "coordinates": [[[-4.36627, 37.16942], [-4.37257, 37.1741], [-4.37214, 37.17848], [-4.35124, 37.17943], [-4.35296, 37.1824], [-4.36312, 37.18427], [-4.36307, 37.18771], [-4.35372, 37.18988], [-4.36852, 37.21406], [-4.34521, 37.21361], [-4.32236, 37.20414], [-4.32797, 37.20099], [-4.33264, 37.19129], [-4.32347, 37.18027], [-4.30896, 37.15283], [-4.32077, 37.15032], [-4.32843, 37.15465], [-4.35283, 37.15866], [-4.35835, 37.16239], [-4.35908, 37.16761], [-4.36782, 37.17306], [-4.36627, 37.16942]]]}}, {"type": "Feature", "properties": {"ine_code": "29099", "name": "Viñuela", "province": "Málaga"}, "geometry": {"type": "Polygon", "coordinates": [[[-4.20887, 36.87861], [-4.20664, 36.88687], [-4.17915, 36.8874], [-4.1695, 36.89147], [-4.1664, 36.89932], [-4.16192, 36.9021], [-4.14991, 36.89146], [-4.14902, 36.87238], [-4.13509, 36.87771], [-4.13778, 36.87237], [-4.13418, 36.85166], [-4.12601, 36.84831], [-4.12659, 36.84256], [-4.11298, 36.8445], [-4.11299, 36.83703], [-4.12005, 36.83594], [-4.12661, 36.82929], [-4.13489, 36.83886], [-4.13049, 36.83946], [-4.13197, 36.84118], [-4.12768, 36.84267], [-4.13039, 36.84495], [-4.12714, 36.84714], [-4.15029, 36.84019], [-4.16767, 36.84929], [-4.17837, 36.84993], [-4.18578, 36.85708], [-4.19233, 36.85682], [-4.19264, 36.86484], [-4.19942, 36.86849], [-4.20348, 36.87692], [-4.20887, 36.87861]]]}}, {"type": "Feature", "properties": {"ine_code": "29100", "name": "Yunquera", "province": "Málaga"}, "geometry": {"type": "Polygon", "coordinates": [[[-4.89052, 36.71414], [-4.90068, 36.70785], [-4.90415, 36.7099], [-4.92901, 36.70615], [-4.94161, 36.70925], [-4.95842, 36.70174], [-4.97039, 36.70234], [-4.99149, 36.71071], [-5.005, 36.70503], [-5.00012, 36.73391], [-4.98933, 36.73462], [-4.98655, 36.73118], [-4.97656, 36.73528], [-4.97089, 36.74041], [-4.97452, 36.74853], [-4.95515, 36.75639], [-4.95497, 36.75981], [-4.94333, 36.76639], [-4.92287, 36.77231], [-4.90056, 36.76895], [-4.88637, 36.7705], [-4.89045, 36.75791], [-4.88913, 36.74917], [-4.89405, 36.74345], [-4.89052, 36.71414]]]}}, {"type": "Feature", "properties": {"ine_code": "29901", "name": "Torremolinos", "province": "Málaga"}, "geometry": {"type": "Polygon", "coordinates": [[[-4.50949, 36.59934], [-4.53457, 36.607], [-4.54946, 36.62104], [-4.56152, 36.62096], [-4.53543, 36.6411], [-4.529, 36.63562], [-4.51126, 36.64004], [-4.50911, 36.63706], [-4.50387, 36.63959], [-4.50393, 36.64574], [-4.50015, 36.64539], [-4.49382, 36.65299], [-4.49319, 36.6499], [-4.47514, 36.6463], [-4.50949, 36.59934]]]}}, {"type": "Feature", "properties": {"ine_code": "29902", "name": "Villanueva de la Concepción", "province": "Málaga"}, "geometry": {"type": "Polygon", "coordinates": [[[-4.59771, 36.8936], [-4.60049, 36.90697], [-4.59875, 36.91386], [-4.58315, 36.91785], [-4.57646, 36.92249], [-4.57482, 36.92747], [-4.5816, 36.92817], [-4.58313, 36.9416], [-4.59199, 36.94272], [-4.59568, 36.94854], [-4.59327, 36.9569], [-4.58125, 36.96129], [-4.579, 36.96005], [-4.582, 36.95469], [-4.57707, 36.94731], [-4.5561, 36.94348], [-4.5233, 36.95586], [-4.50811, 36.96602], [-4.48227, 36.97674], [-4.47068, 36.97542], [-4.47242, 36.9617], [-4.47867, 36.95856], [-4.47342, 36.93042], [-4.45291, 36.9161], [-4.45254, 36.91107], [-4.5518, 36.89954], [-4.57675, 36.89251], [-4.59771, 36.8936]]]}}, {"type": "Feature", "properties": {"ine_code": "29903", "name": "Montecorto", "province": "Málaga"}, "geometry": {"type": "Polygon", "coordinates": [[[-5.34071, 36.81942], [-5.33251, 36.8386], [-5.31543, 36.85545], [-5.30629, 36.85759], [-5.30158, 36.86964], [-5.28932, 36.87309], [-5.27689, 36.86489], [-5.28125, 36.85786], [-5.27814, 36.85457], [-5.2808, 36.85266], [-5.28032, 36.84695], [-5.27404, 36.84783], [-5.26982, 36.84433], [-5.27526, 36.84212], [-5.26109, 36.84397], [-5.2424, 36.83652], [-5.24097, 36.83053], [-5.2544, 36.8296], [-5.25277, 36.82499], [-5.24228, 36.82017], [-5.23981, 36.81473], [-5.24597, 36.81243], [-5.26201, 36.81574], [-5.25666, 36.80721], [-5.26652, 36.80497], [-5.25751, 36.79614], [-5.26202, 36.79408], [-5.26379, 36.79886], [-5.27, 36.79792], [-5.27603, 36.80175], [-5.27823, 36.79571], [-5.27441, 36.79053], [-5.27628, 36.78232], [-5.27343, 36.77475], [-5.29239, 36.77121], [-5.29093, 36.77517], [-5.31982, 36.78673], [-5.32654, 36.80527], [-5.33536, 36.81729], [-5.34071, 36.81942]]]}}, {"type": "Feature", "properties": {"ine_code": "29904", "name": "Serrato", "province": "Málaga"}, "geometry": {"type": "Polygon", "coordinates": [[[-5.02748, 36.87406], [-5.01873, 36.87791], [-5.00171, 36.87584], [-5.00085, 36.8787], [-5.00568, 36.88213], [-4.99996, 36.8895], [-5.00326, 36.88916], [-5.00333, 36.89527], [-4.97978, 36.88849], [-4.97801, 36.88221], [-4.95545, 36.87765], [-4.95872, 36.86061], [-4.97017, 36.83964], [-4.99022, 36.82822], [-4.99421, 36.82213], [-5.00739, 36.83104], [-5.00815, 36.83494], [-5.00378, 36.83568], [-5.00098, 36.84802], [-5.00563, 36.85029], [-5.00446, 36.85498], [-5.01067, 36.84917], [-5.02063, 36.84799], [-5.01512, 36.84263], [-5.02905, 36.84673], [-5.02802, 36.85235], [-5.0222, 36.85756], [-5.02533, 36.85976], [-5.02378, 36.86551], [-5.02748, 36.87406]]]}}, {"type": "Feature", "properties": {"ine_code": "41001", "name": "Aguadulce", "province": "Sevilla"}, "geometry": {"type": "Polygon", "coordinates": [[[-4.98964, 37.22955], [-4.9973, 37.24207], [-5.00596, 37.24686], [-5.00735, 37.26199], [-4.99898, 37.26075], [-5.00118, 37.26531], [-4.98605, 37.26578], [-4.98647, 37.25736], [-4.95438, 37.26783], [-4.95085, 37.25922], [-4.95049, 37.2407], [-4.96505, 37.24301], [-4.98067, 37.22788], [-4.98178, 37.2309], [-4.98964, 37.22955]]]}}, {"type": "Feature", "properties": {"ine_code": "41002", "name": "Alanís", "province": "Sevilla"}, "geometry": {"type": "Polygon", "coordinates": [[[-5.76662, 37.99864], [-5.76568, 38.00129], [-5.76025, 37.99883], [-5.7594, 38.00354], [-5.75287, 38.0049], [-5.75807, 38.01312], [-5.74929, 38.01881], [-5.75043, 38.02472], [-5.74212, 38.02751], [-5.74379, 38.03731], [-5.74114, 38.05056], [-5.73061, 38.07582], [-5.7349, 38.08625], [-5.71957, 38.08507], [-5.71043, 38.08105], [-5.69363, 38.08374], [-5.66936, 38.10176], [-5.66703, 38.10908], [-5.6325, 38.13856], [-5.58479, 38.13171], [-5.58098, 38.12801], [-5.58168, 38.11547], [-5.55735, 38.10796], [-5.53878, 38.09381], [-5.53958, 38.08215], [-5.52685, 38.07514], [-5.52371, 38.06593], [-5.49555, 38.04239], [-5.48903, 38.02894], [-5.49057, 38.00917], [-5.49646, 37.99389], [-5.51031, 37.98187], [-5.51606, 37.98065], [-5.54939, 37.97893], [-5.59954, 37.98665], [-5.60272, 38.01441], [-5.61519, 38.02074], [-5.63588, 38.00897], [-5.65892, 38.01162], [-5.66526, 38.00768], [-5.66566, 37.99782], [-5.67067, 37.99433], [-5.67289, 37.98354], [-5.66075, 37.96222], [-5.67087, 37.95656], [-5.6792, 37.95675], [-5.6831, 37.95063], [-5.70299, 37.96634], [-5.76662, 37.99864]]]}}, {"type": "Feature", "properties": {"ine_code": "41003", "name": "Albaida del Aljarafe", "province": "Sevilla"}, "geometry": {"type": "Polygon", "coordinates": [[[-6.18506, 37.4221], [-6.1976, 37.45273], [-6.18738, 37.4606], [-6.187, 37.46626], [-6.17724, 37.46587], [-6.17176, 37.45102], [-6.16505, 37.44356], [-6.16039, 37.42368], [-6.16694, 37.41505], [-6.1723, 37.41538], [-6.17765, 37.42167], [-6.18506, 37.4221]]]}}, {"type": "Feature", "properties": {"ine_code": "41004", "name": "Alcalá de Guadaíra", "province": "Sevilla"}, "geometry": {"type": "Polygon", "coordinates": [[[-5.92652, 37.35387], [-5.94812, 37.36609], [-5.90395, 37.37706], [-5.88748, 37.38646], [-5.8409, 37.38681], [-5.81904, 37.39009], [-5.81921, 37.38549], [-5.81013, 37.38619], [-5.76788, 37.34101], [-5.76634, 37.32888], [-5.76363, 37.32782], [-5.77423, 37.31311], [-5.77438, 37.30746], [-5.7406, 37.30185], [-5.71395, 37.27933], [-5.69329, 37.27244], [-5.68745, 37.26685], [-5.67028, 37.2623], [-5.65069, 37.24739], [-5.65892, 37.21397], [-5.64949, 37.1873], [-5.69265, 37.18786], [-5.71435, 37.19433], [-5.72846, 37.20538], [-5.72788, 37.21156], [-5.72011, 37.22243], [-5.72381, 37.22919], [-5.73746, 37.23831], [-5.75257, 37.23116], [-5.76126, 37.24154], [-5.76053, 37.24971], [-5.78201, 37.25313], [-5.7929, 37.24226], [-5.81358, 37.23374], [-5.82364, 37.23251], [-5.82733, 37.23617], [-5.83336, 37.23444], [-5.83492, 37.23756], [-5.83964, 37.23429], [-5.84292, 37.24301], [-5.84863, 37.23851], [-5.84487, 37.23361], [-5.85057, 37.22531], [-5.87815, 37.22112], [-5.90238, 37.2086], [-5.90609, 37.20868], [-5.9073, 37.21342], [-5.92237, 37.21249], [-5.91849, 37.21942], [-5.90165, 37.2282], [-5.89606, 37.24671], [-5.89784, 37.2554], [-5.89253, 37.26009], [-5.89369, 37.26675], [-5.88352, 37.27655], [-5.89413, 37.28316], [-5.90718, 37.29893], [-5.91807, 37.30164], [-5.92038, 37.3084], [-5.91637, 37.30995], [-5.90376, 37.32896], [-5.92652, 37.35387]]]}}, {"type": "Feature", "properties": {"ine_code": "41005", "name": "Alcalá del Río", "province": "Sevilla"}, "geometry": {"type": "Polygon", "coordinates": [[[-6.01758, 37.5049], [-6.02155, 37.5229], [-6.016, 37.5246], [-6.01801, 37.54628], [-6.0104, 37.55778], [-6.01247, 37.56201], [-6.00761, 37.57125], [-6.02566, 37.60059], [-6.03061, 37.61848], [-6.01577, 37.6156], [-6.00098, 37.61909], [-5.9927, 37.58826], [-5.97961, 37.56907], [-5.97184, 37.56971], [-5.96385, 37.55651], [-5.95192, 37.56115], [-5.95135, 37.56548], [-5.94366, 37.56077], [-5.93812, 37.57107], [-5.91141, 37.58162], [-5.90977, 37.57965], [-5.89955, 37.58612], [-5.89227, 37.57334], [-5.90105, 37.57115], [-5.90618, 37.56508], [-5.90051, 37.54903], [-5.90444, 37.54843], [-5.91039, 37.55522], [-5.92428, 37.55109], [-5.91981, 37.54117], [-5.90702, 37.53654], [-5.9261, 37.51848], [-5.94715, 37.513], [-5.9424, 37.50333], [-5.94436, 37.50067], [-5.95351, 37.4979], [-5.96238, 37.49929], [-5.95972, 37.49379], [-5.95044, 37.49285], [-5.95497, 37.48664], [-5.97653, 37.48992], [-5.97682, 37.5019], [-5.98558, 37.50597], [-6.00553, 37.49178], [-6.01758, 37.5049]]]}}, {"type": "Feature", "properties": {"ine_code": "41006", "name": "Alcolea del Río", "province": "Sevilla"}, "geometry": {"type": "Polygon", "coordinates": [[[-5.66466, 37.58213], [-5.68565, 37.59799], [-5.68334, 37.60787], [-5.67451, 37.61603], [-5.67859, 37.62196], [-5.68798, 37.62361], [-5.68858, 37.62674], [-5.67538, 37.65577], [-5.66701, 37.66505], [-5.63972, 37.67727], [-5.63349, 37.68678], [-5.61688, 37.69953], [-5.62239, 37.68327], [-5.61051, 37.65866], [-5.61331, 37.63616], [-5.60202, 37.62101], [-5.61031, 37.61907], [-5.61725, 37.60985], [-5.62334, 37.60711], [-5.64487, 37.61362], [-5.65371, 37.61092], [-5.65909, 37.60195], [-5.65108, 37.59355], [-5.64973, 37.58628], [-5.66466, 37.58213]]]}}, {"type": "Feature", "properties": {"ine_code": "41007", "name": "La Algaba", "province": "Sevilla"}, "geometry": {"type": "Polygon", "coordinates": [[[-6.00959, 37.44279], [-6.02324, 37.44617], [-6.02874, 37.44263], [-6.02575, 37.45356], [-6.03054, 37.45332], [-6.03269, 37.44929], [-6.0334, 37.45216], [-6.03746, 37.451], [-6.04073, 37.45408], [-6.03455, 37.46884], [-6.03485, 37.47616], [-6.03067, 37.47451], [-6.02425, 37.47965], [-6.02972, 37.48362], [-6.0256, 37.48858], [-6.03248, 37.49583], [-6.02472, 37.49898], [-6.02648, 37.50784], [-6.02247, 37.50988], [-6.02142, 37.51992], [-6.01758, 37.5049], [-6.00261, 37.4917], [-6.00441, 37.48427], [-5.99435, 37.47432], [-5.98222, 37.46912], [-5.98989, 37.46206], [-6.00418, 37.45884], [-6.00959, 37.44279]], [[-6.02403, 37.44861], [-6.02479, 37.44648], [-6.02358, 37.44669], [-6.02403, 37.44861]]]}}, {"type": "Feature", "properties": {"ine_code": "41008", "name": "Algámitas", "province": "Sevilla"}, "geometry": {"type": "Polygon", "coordinates": [[[-5.1584, 36.98932], [-5.16251, 36.98897], [-5.16903, 36.99681], [-5.18141, 37.00094], [-5.18283, 37.00698], [-5.18862, 37.01001], [-5.17778, 37.01945], [-5.18136, 37.02934], [-5.17774, 37.04259], [-5.15455, 37.03026], [-5.13961, 37.0417], [-5.13564, 37.03854], [-5.1323, 37.04176], [-5.12647, 37.04063], [-5.12401, 37.02413], [-5.13252, 37.01172], [-5.1584, 36.98932]]]}}, {"type": "Feature", "properties": {"ine_code": "41009", "name": "Almadén de la Plata", "province": "Sevilla"}, "geometry": {"type": "Polygon", "coordinates": [[[-6.13402, 37.78783], [-6.13811, 37.79565], [-6.12649, 37.79656], [-6.12396, 37.8047], [-6.12685, 37.81166], [-6.12091, 37.81628], [-6.12581, 37.81782], [-6.12492, 37.82344], [-6.12879, 37.83166], [-6.13426, 37.83299], [-6.13246, 37.83942], [-6.13875, 37.84449], [-6.14175, 37.85543], [-6.14631, 37.85652], [-6.15418, 37.8525], [-6.16332, 37.85721], [-6.15938, 37.87183], [-6.15046, 37.87507], [-6.14422, 37.88376], [-6.13693, 37.88397], [-6.13202, 37.88003], [-6.12107, 37.88788], [-6.1207, 37.88346], [-6.11116, 37.88325], [-6.113, 37.88925], [-6.12485, 37.89344], [-6.12543, 37.90311], [-6.10276, 37.91697], [-6.06939, 37.92116], [-6.03896, 37.91612], [-6.00665, 37.92112], [-5.95435, 37.90702], [-5.95153, 37.89389], [-5.95973, 37.8918], [-5.95754, 37.88705], [-5.96096, 37.88051], [-5.93853, 37.87114], [-5.93727, 37.86689], [-5.92746, 37.86184], [-5.94172, 37.84911], [-5.93392, 37.84657], [-5.93167, 37.84085], [-5.92336, 37.83899], [-5.9232, 37.8291], [-5.91816, 37.82436], [-5.92415, 37.81545], [-5.92239, 37.81032], [-5.90942, 37.80545], [-5.907, 37.79799], [-5.91164, 37.79043], [-5.92924, 37.78243], [-5.93191, 37.78314], [-5.93122, 37.78768], [-5.94514, 37.79526], [-5.9539, 37.79726], [-5.96074, 37.79411], [-5.96598, 37.79832], [-5.97261, 37.79361], [-5.98772, 37.79581], [-5.98989, 37.79266], [-6.00113, 37.80157], [-6.00901, 37.79668], [-6.02065, 37.79816], [-6.02522, 37.79569], [-6.02537, 37.77869], [-6.03141, 37.77832], [-6.03329, 37.78136], [-6.04069, 37.78236], [-6.03744, 37.78354], [-6.04014, 37.78504], [-6.06356, 37.78736], [-6.06726, 37.7828], [-6.07464, 37.78444], [-6.07984, 37.77968], [-6.10096, 37.77296], [-6.11165, 37.77452], [-6.1296, 37.77007], [-6.13293, 37.77009], [-6.13628, 37.78065], [-6.13402, 37.78783]]]}}, {"type": "Feature", "properties": {"ine_code": "41010", "name": "Almensilla", "province": "Sevilla"}, "geometry": {"type": "Polygon", "coordinates": [[[-6.0873, 37.2862], [-6.10839, 37.28942], [-6.12247, 37.30372], [-6.13271, 37.30283], [-6.14171, 37.29193], [-6.14867, 37.29151], [-6.13672, 37.30415], [-6.13613, 37.31576], [-6.13265, 37.31987], [-6.11564, 37.3248], [-6.10481, 37.32091], [-6.09003, 37.32161], [-6.08815, 37.3098], [-6.07844, 37.29686], [-6.0873, 37.2862]]]}}, {"type": "Feature", "properties": {"ine_code": "41011", "name": "Arahal", "province": "Sevilla"}, "geometry": {"type": "Polygon", "coordinates": [[[-5.63479, 37.15303], [-5.65892, 37.21397], [-5.65069, 37.24739], [-5.6423, 37.25718], [-5.6286, 37.26059], [-5.61311, 37.26926], [-5.58481, 37.27612], [-5.55032, 37.2687], [-5.5431, 37.27424], [-5.53554, 37.27117], [-5.53065, 37.26245], [-5.53351, 37.26108], [-5.50733, 37.25066], [-5.47552, 37.24472], [-5.44573, 37.23303], [-5.43072, 37.23037], [-5.43238, 37.22461], [-5.4398, 37.22511], [-5.46243, 37.21139], [-5.4828, 37.20855], [-5.47908, 37.19881], [-5.49281, 37.20239], [-5.49569, 37.18906], [-5.52197, 37.188], [-5.52384, 37.19007], [-5.53353, 37.18759], [-5.53803, 37.18497], [-5.53609, 37.17672], [-5.5447, 37.17562], [-5.57744, 37.15327], [-5.57267, 37.14108], [-5.58117, 37.13975], [-5.58292, 37.13235], [-5.57069, 37.12952], [-5.57278, 37.12164], [-5.56766, 37.09995], [-5.5718, 37.09485], [-5.56866, 37.09055], [-5.57186, 37.08673], [-5.5692, 37.08111], [-5.59285, 37.07201], [-5.59697, 37.06666], [-5.605, 37.06753], [-5.60341, 37.09775], [-5.63479, 37.15303]]]}}, {"type": "Feature", "properties": {"ine_code": "41012", "name": "Aznalcázar", "province": "Sevilla"}, "geometry": {"type": "Polygon", "coordinates": [[[-6.37889, 36.9347], [-6.36381, 36.9458], [-6.35972, 36.95972], [-6.36117, 36.9719], [-6.35394, 36.98849], [-6.35925, 37.00618], [-6.3787, 37.04442], [-6.38639, 37.07443], [-6.38555, 37.08372], [-6.37499, 37.09912], [-6.35631, 37.11064], [-6.36009, 37.11729], [-6.34329, 37.12114], [-6.34318, 37.12801], [-6.35553, 37.13451], [-6.3593, 37.14061], [-6.33612, 37.16962], [-6.30498, 37.18705], [-6.28209, 37.22929], [-6.27941, 37.24095], [-6.27089, 37.24147], [-6.27278, 37.24507], [-6.26853, 37.24736], [-6.26978, 37.25518], [-6.26168, 37.26207], [-6.26841, 37.26839], [-6.28553, 37.26118], [-6.29291, 37.26649], [-6.28329, 37.26773], [-6.27412, 37.27632], [-6.2821, 37.28629], [-6.28464, 37.3003], [-6.29203, 37.31191], [-6.2907, 37.31904], [-6.27386, 37.31808], [-6.25246, 37.32756], [-6.24544, 37.32698], [-6.24058, 37.31937], [-6.22048, 37.32043], [-6.2223, 37.31759], [-6.21113, 37.31054], [-6.21455, 37.30672], [-6.20499, 37.29255], [-6.21066, 37.28541], [-6.20844, 37.27932], [-6.19475, 37.27081], [-6.18143, 37.25577], [-6.19304, 37.22565], [-6.19596, 37.19181], [-6.19371, 37.18858], [-6.19925, 37.1794], [-6.1938, 37.16683], [-6.19411, 37.1515], [-6.22315, 37.13733], [-6.232, 37.12541], [-6.23671, 37.11127], [-6.25405, 37.10764], [-6.25808, 37.10045], [-6.25418, 37.09587], [-6.238, 37.09397], [-6.22874, 37.08858], [-6.22368, 37.06813], [-6.20146, 37.06196], [-6.19804, 37.05258], [-6.19929, 37.0411], [-6.21945, 37.02054], [-6.22863, 37.02179], [-6.23508, 37.03374], [-6.24662, 37.03205], [-6.26183, 37.01185], [-6.25226, 36.99915], [-6.25297, 36.99311], [-6.26205, 36.99005], [-6.27737, 36.99519], [-6.28902, 36.9876], [-6.28968, 36.95974], [-6.27163, 36.95174], [-6.2669, 36.9445], [-6.27529, 36.91093], [-6.33101, 36.8988], [-6.37889, 36.9347]]]}}, {"type": "Feature", "properties": {"ine_code": "41013", "name": "Aznalcóllar", "province": "Sevilla"}, "geometry": {"type": "Polygon", "coordinates": [[[-6.39524, 37.61087], [-6.35886, 37.61862], [-6.28795, 37.6165], [-6.27185, 37.61869], [-6.25732, 37.62855], [-6.25588, 37.59967], [-6.26178, 37.59629], [-6.26398, 37.589], [-6.26731, 37.58892], [-6.26223, 37.58125], [-6.2652, 37.57928], [-6.262, 37.57754], [-6.26361, 37.56774], [-6.26045, 37.56104], [-6.25531, 37.56299], [-6.25378, 37.55856], [-6.24903, 37.55528], [-6.24559, 37.55653], [-6.2375, 37.54612], [-6.23398, 37.54713], [-6.22147, 37.51954], [-6.22322, 37.50986], [-6.22682, 37.50959], [-6.2286, 37.48322], [-6.23995, 37.46777], [-6.25885, 37.4716], [-6.27767, 37.46367], [-6.32538, 37.45548], [-6.33307, 37.46483], [-6.33872, 37.4851], [-6.34688, 37.49344], [-6.35652, 37.49621], [-6.36209, 37.51334], [-6.36733, 37.51776], [-6.37006, 37.52957], [-6.36647, 37.53563], [-6.37515, 37.54629], [-6.38979, 37.55198], [-6.40223, 37.57588], [-6.40056, 37.5838], [-6.3953, 37.58271], [-6.39298, 37.58774], [-6.39947, 37.59061], [-6.39906, 37.59794], [-6.40227, 37.59858], [-6.39413, 37.60395], [-6.39524, 37.61087]]]}}, {"type": "Feature", "properties": {"ine_code": "41014", "name": "Badolatosa", "province": "Sevilla"}, "geometry": {"type": "Polygon", "coordinates": [[[-4.73009, 37.33531], [-4.72593, 37.34156], [-4.73295, 37.34278], [-4.72261, 37.34643], [-4.72491, 37.35342], [-4.71766, 37.35853], [-4.71434, 37.35313], [-4.70356, 37.35051], [-4.70384, 37.34669], [-4.69641, 37.34724], [-4.69434, 37.34272], [-4.68472, 37.34072], [-4.68682, 37.33123], [-4.6826, 37.33114], [-4.67978, 37.33683], [-4.67044, 37.3347], [-4.67925, 37.32957], [-4.66834, 37.3265], [-4.66753, 37.3198], [-4.68102, 37.32389], [-4.67871, 37.31832], [-4.6839, 37.31522], [-4.677, 37.30732], [-4.66684, 37.31003], [-4.65745, 37.30439], [-4.66588, 37.29938], [-4.66055, 37.29522], [-4.66225, 37.29357], [-4.67068, 37.29775], [-4.67216, 37.30202], [-4.67522, 37.30125], [-4.67547, 37.2913], [-4.68039, 37.28943], [-4.66462, 37.28673], [-4.65766, 37.2752], [-4.65403, 37.27536], [-4.65144, 37.25562], [-4.66205, 37.25768], [-4.6654, 37.25365], [-4.66942, 37.25569], [-4.67003, 37.25257], [-4.67654, 37.25808], [-4.68259, 37.25634], [-4.68451, 37.25226], [-4.69103, 37.25185], [-4.69883, 37.25681], [-4.71403, 37.25284], [-4.71648, 37.25477], [-4.7216, 37.26132], [-4.72205, 37.26822], [-4.7135, 37.2837], [-4.72222, 37.29023], [-4.7131, 37.30487], [-4.72496, 37.31352], [-4.72028, 37.3198], [-4.72866, 37.32558], [-4.73009, 37.33531]]]}}, {"type": "Feature", "properties": {"ine_code": "41015", "name": "Benacazón", "province": "Sevilla"}, "geometry": {"type": "Polygon", "coordinates": [[[-6.25592, 37.3312], [-6.24872, 37.33682], [-6.23593, 37.33396], [-6.23641, 37.3309], [-6.23385, 37.33379], [-6.22899, 37.33069], [-6.22585, 37.33343], [-6.23029, 37.33467], [-6.22568, 37.33986], [-6.24619, 37.34952], [-6.24419, 37.37644], [-6.2415, 37.37977], [-6.24424, 37.38254], [-6.23038, 37.37531], [-6.22741, 37.36675], [-6.22319, 37.3659], [-6.22345, 37.36112], [-6.21139, 37.35929], [-6.20468, 37.36358], [-6.19258, 37.36271], [-6.18952, 37.35651], [-6.18232, 37.35438], [-6.18614, 37.35121], [-6.17621, 37.33785], [-6.18526, 37.33444], [-6.18422, 37.32664], [-6.18725, 37.32425], [-6.18296, 37.32018], [-6.18503, 37.3107], [-6.19369, 37.30525], [-6.19301, 37.30211], [-6.19884, 37.30237], [-6.20028, 37.29579], [-6.20499, 37.29255], [-6.21455, 37.30672], [-6.21113, 37.31054], [-6.2223, 37.31759], [-6.22048, 37.32043], [-6.24058, 37.31937], [-6.24544, 37.32698], [-6.25246, 37.32756], [-6.25592, 37.3312]]]}}, {"type": "Feature", "properties": {"ine_code": "41016", "name": "Bollullos de la Mitación", "province": "Sevilla"}, "geometry": {"type": "Polygon", "coordinates": [[[-6.20028, 37.29579], [-6.19884, 37.30237], [-6.19301, 37.30211], [-6.19369, 37.30525], [-6.18503, 37.3107], [-6.18299, 37.32036], [-6.18725, 37.32425], [-6.18422, 37.32664], [-6.18502, 37.33487], [-6.17621, 37.33785], [-6.18649, 37.35322], [-6.18105, 37.3544], [-6.18226, 37.35026], [-6.17841, 37.34679], [-6.15674, 37.35341], [-6.15351, 37.35917], [-6.15865, 37.36458], [-6.15448, 37.36175], [-6.15156, 37.36353], [-6.15373, 37.373], [-6.14729, 37.37478], [-6.15197, 37.36914], [-6.14259, 37.37075], [-6.13943, 37.36295], [-6.13023, 37.36041], [-6.13159, 37.36535], [-6.13993, 37.36554], [-6.1296, 37.37684], [-6.12526, 37.37538], [-6.12215, 37.3628], [-6.11846, 37.3626], [-6.11993, 37.35524], [-6.0945, 37.35599], [-6.09199, 37.34321], [-6.09352, 37.3277], [-6.13114, 37.32584], [-6.13613, 37.31576], [-6.13672, 37.30415], [-6.14867, 37.29151], [-6.14171, 37.29193], [-6.14267, 37.28476], [-6.13866, 37.2759], [-6.14166, 37.25781], [-6.15417, 37.2554], [-6.16573, 37.25953], [-6.1742, 37.25406], [-6.18143, 37.25577], [-6.19756, 37.27271], [-6.19235, 37.27642], [-6.18944, 37.28377], [-6.19084, 37.29126], [-6.20028, 37.29579]], [[-6.10616, 37.32806], [-6.10262, 37.33055], [-6.11051, 37.33344], [-6.10421, 37.33343], [-6.10602, 37.34213], [-6.12007, 37.3404], [-6.11806, 37.32956], [-6.10616, 37.32806]]]}}, {"type": "Feature", "properties": {"ine_code": "41017", "name": "Bormujos", "province": "Sevilla"}, "geometry": {"type": "Polygon", "coordinates": [[[-6.09255, 37.34435], [-6.09488, 37.35627], [-6.11993, 37.35524], [-6.11846, 37.3626], [-6.09628, 37.36715], [-6.10042, 37.37528], [-6.09742, 37.37677], [-6.08332, 37.37565], [-6.06476, 37.38473], [-6.0586, 37.36292], [-6.06055, 37.3595], [-6.05587, 37.35796], [-6.09255, 37.34435]]]}}, {"type": "Feature", "properties": {"ine_code": "41018", "name": "Brenes", "province": "Sevilla"}, "geometry": {"type": "Polygon", "coordinates": [[[-5.86939, 37.52721], [-5.87395, 37.52896], [-5.87456, 37.53453], [-5.88425, 37.53766], [-5.8856, 37.5434], [-5.90702, 37.53654], [-5.91981, 37.54117], [-5.92428, 37.55109], [-5.91039, 37.55522], [-5.90444, 37.54843], [-5.90051, 37.54903], [-5.90624, 37.56447], [-5.90105, 37.57115], [-5.89412, 37.57105], [-5.89101, 37.56243], [-5.88713, 37.56164], [-5.87147, 37.56639], [-5.8686, 37.57341], [-5.85647, 37.57943], [-5.83433, 37.55771], [-5.8507, 37.54903], [-5.86939, 37.52721]]]}}, {"type": "Feature", "properties": {"ine_code": "41019", "name": "Burguillos", "province": "Sevilla"}, "geometry": {"type": "Polygon", "coordinates": [[[-6.00221, 37.61979], [-5.98474, 37.6295], [-5.92995, 37.63812], [-5.92644, 37.63541], [-5.9312, 37.61072], [-5.91871, 37.57815], [-5.93984, 37.57], [-5.94366, 37.56077], [-5.95135, 37.56548], [-5.95192, 37.56115], [-5.96385, 37.55651], [-5.97184, 37.56971], [-5.97961, 37.56907], [-5.9927, 37.58826], [-5.99721, 37.6125], [-6.00221, 37.61979]]]}}, {"type": "Feature", "properties": {"ine_code": "41020", "name": "Las Cabezas de San Juan", "province": "Sevilla"}, "geometry": {"type": "Polygon", "coordinates": [[[-6.05339, 37.05414], [-6.04471, 37.05648], [-6.03778, 37.07865], [-6.03494, 37.07867], [-6.0298, 37.07445], [-5.94673, 37.05689], [-5.92195, 37.04834], [-5.92076, 37.04322], [-5.90538, 37.04271], [-5.89469, 37.03487], [-5.8844, 37.03346], [-5.87029, 37.02644], [-5.84529, 36.99222], [-5.82736, 36.98559], [-5.82626, 36.97818], [-5.8155, 36.96748], [-5.80883, 36.94924], [-5.83487, 36.93757], [-5.83474, 36.93109], [-5.83958, 36.92497], [-5.83179, 36.91565], [-5.84551, 36.91521], [-5.8696, 36.8937], [-5.8921, 36.90389], [-5.91328, 36.90595], [-5.91571, 36.9141], [-5.92304, 36.91532], [-5.92372, 36.923], [-5.97543, 36.94606], [-6.05351, 37.04492], [-6.05339, 37.05414]]]}}, {"type": "Feature", "properties": {"ine_code": "41021", "name": "Camas", "province": "Sevilla"}, "geometry": {"type": "Polygon", "coordinates": [[[-6.06087, 37.39317], [-6.06227, 37.39997], [-6.04883, 37.40076], [-6.04368, 37.41541], [-6.0348, 37.42288], [-6.03025, 37.42384], [-6.01259, 37.41339], [-6.01556, 37.40055], [-6.02485, 37.39179], [-6.02276, 37.38087], [-6.03128, 37.3768], [-6.03457, 37.38078], [-6.04546, 37.38151], [-6.04482, 37.38982], [-6.06087, 37.39317]]]}}, {"type": "Feature", "properties": {"ine_code": "41022", "name": "La Campana", "province": "Sevilla"}, "geometry": {"type": "Polygon", "coordinates": [[[-5.49599, 37.58237], [-5.45884, 37.58958], [-5.42511, 37.60025], [-5.41185, 37.61357], [-5.39229, 37.62408], [-5.39177, 37.62016], [-5.38206, 37.61463], [-5.38096, 37.61052], [-5.35901, 37.60424], [-5.35652, 37.593], [-5.35866, 37.58453], [-5.3472, 37.58482], [-5.33383, 37.53087], [-5.33505, 37.51331], [-5.37987, 37.50543], [-5.39892, 37.50986], [-5.43555, 37.50705], [-5.45679, 37.49968], [-5.47579, 37.55162], [-5.49599, 37.58237]]]}}, {"type": "Feature", "properties": {"ine_code": "41023", "name": "Cantillana", "province": "Sevilla"}, "geometry": {"type": "Polygon", "coordinates": [[[-5.88206, 37.6447], [-5.88297, 37.65632], [-5.85433, 37.67337], [-5.8422, 37.67444], [-5.83316, 37.68149], [-5.83643, 37.6849], [-5.79208, 37.68732], [-5.77745, 37.66986], [-5.77968, 37.66404], [-5.77753, 37.65895], [-5.7848, 37.65281], [-5.78625, 37.64692], [-5.7794, 37.62358], [-5.77785, 37.62023], [-5.76741, 37.62187], [-5.75123, 37.61635], [-5.75579, 37.60533], [-5.75053, 37.58495], [-5.80166, 37.56703], [-5.81904, 37.56505], [-5.83433, 37.55771], [-5.85647, 37.57943], [-5.86774, 37.57376], [-5.86593, 37.57989], [-5.85178, 37.59228], [-5.88206, 37.6447]]]}}, {"type": "Feature", "properties": {"ine_code": "41024", "name": "Carmona", "province": "Sevilla"}, "geometry": {"type": "Polygon", "coordinates": [[[-5.86939, 37.52721], [-5.8507, 37.54903], [-5.81904, 37.56505], [-5.77954, 37.57402], [-5.77167, 37.56406], [-5.76731, 37.5677], [-5.73106, 37.5719], [-5.71639, 37.57728], [-5.68572, 37.57526], [-5.67633, 37.57996], [-5.67432, 37.58512], [-5.66466, 37.58213], [-5.65006, 37.58591], [-5.65108, 37.59355], [-5.65909, 37.60195], [-5.65371, 37.61092], [-5.64487, 37.61362], [-5.62334, 37.60711], [-5.61725, 37.60985], [-5.61031, 37.61907], [-5.60202, 37.62101], [-5.59261, 37.60602], [-5.54369, 37.59561], [-5.5324, 37.59619], [-5.50884, 37.5815], [-5.49599, 37.58237], [-5.47579, 37.55162], [-5.46805, 37.52475], [-5.45706, 37.50066], [-5.46319, 37.49763], [-5.4665, 37.48405], [-5.42971, 37.4875], [-5.41985, 37.48266], [-5.41079, 37.45574], [-5.41174, 37.43601], [-5.40021, 37.42316], [-5.39809, 37.41291], [-5.45286, 37.39326], [-5.4647, 37.39373], [-5.47597, 37.40063], [-5.5085, 37.38979], [-5.52033, 37.36513], [-5.5215, 37.35206], [-5.56694, 37.32198], [-5.56419, 37.30501], [-5.57905, 37.2809], [-5.58481, 37.27612], [-5.61311, 37.26926], [-5.6286, 37.26059], [-5.6423, 37.25718], [-5.65069, 37.24739], [-5.67028, 37.2623], [-5.68745, 37.26685], [-5.69329, 37.27244], [-5.71395, 37.27933], [-5.73332, 37.29719], [-5.71503, 37.3059], [-5.70298, 37.30539], [-5.6948, 37.32696], [-5.68827, 37.32972], [-5.68785, 37.33409], [-5.67353, 37.34589], [-5.69092, 37.35891], [-5.68307, 37.36781], [-5.66892, 37.37631], [-5.69977, 37.40127], [-5.72093, 37.41054], [-5.75361, 37.39694], [-5.77554, 37.39614], [-5.79388, 37.38818], [-5.81921, 37.38549], [-5.81756, 37.42478], [-5.84012, 37.49894], [-5.85723, 37.51238], [-5.8599, 37.52062], [-5.86939, 37.52721]]]}}, {"type": "Feature", "properties": {"ine_code": "41025", "name": "Carrión de los Céspedes", "province": "Sevilla"}, "geometry": {"type": "Polygon", "coordinates": [[[-6.34944, 37.36809], [-6.3393, 37.3746], [-6.31773, 37.3753], [-6.31315, 37.36985], [-6.31143, 37.36028], [-6.32366, 37.34751], [-6.33031, 37.35517], [-6.34147, 37.35799], [-6.34342, 37.36393], [-6.34944, 37.36809]]]}}, {"type": "Feature", "properties": {"ine_code": "41026", "name": "Casariche", "province": "Sevilla"}, "geometry": {"type": "Polygon", "coordinates": [[[-4.80234, 37.29155], [-4.7989, 37.29975], [-4.80164, 37.31358], [-4.79385, 37.31511], [-4.79175, 37.32197], [-4.78298, 37.321], [-4.78009, 37.33541], [-4.77565, 37.33304], [-4.76745, 37.33773], [-4.74873, 37.33091], [-4.73009, 37.33531], [-4.72866, 37.32558], [-4.72028, 37.3198], [-4.72496, 37.31352], [-4.7131, 37.30487], [-4.72222, 37.29023], [-4.7135, 37.2837], [-4.72205, 37.26822], [-4.71969, 37.2597], [-4.73343, 37.25003], [-4.75706, 37.26145], [-4.76996, 37.26328], [-4.79532, 37.27312], [-4.79004, 37.28932], [-4.79734, 37.28772], [-4.80234, 37.29155]]]}}, {"type": "Feature", "properties": {"ine_code": "41027", "name": "Castilblanco de los Arroyos", "province": "Sevilla"}, "geometry": {"type": "Polygon", "coordinates": [[[-6.13293, 37.77009], [-6.11165, 37.77452], [-6.10096, 37.77296], [-6.07984, 37.77968], [-6.07464, 37.78444], [-6.06726, 37.7828], [-6.06356, 37.78736], [-6.04014, 37.78504], [-6.03744, 37.78354], [-6.04069, 37.78236], [-6.03329, 37.78136], [-6.03141, 37.77832], [-6.02537, 37.77869], [-6.02499, 37.79591], [-6.02065, 37.79816], [-6.00901, 37.79668], [-6.0007, 37.80162], [-5.98989, 37.79266], [-5.98772, 37.79581], [-5.97261, 37.79361], [-5.96598, 37.79832], [-5.96074, 37.79411], [-5.9539, 37.79726], [-5.94514, 37.79526], [-5.93122, 37.78768], [-5.93204, 37.7835], [-5.92945, 37.78244], [-5.91129, 37.79101], [-5.90675, 37.78394], [-5.8963, 37.78217], [-5.8903, 37.76442], [-5.88327, 37.76121], [-5.88705, 37.75482], [-5.88608, 37.75054], [-5.87768, 37.74519], [-5.87846, 37.72774], [-5.88413, 37.72413], [-5.88479, 37.71947], [-5.86469, 37.70624], [-5.86362, 37.6974], [-5.84321, 37.68997], [-5.83316, 37.68149], [-5.8422, 37.67444], [-5.85433, 37.67337], [-5.87726, 37.66091], [-5.88325, 37.65575], [-5.88206, 37.6447], [-5.90432, 37.63872], [-5.9265, 37.63596], [-5.93345, 37.63876], [-5.98474, 37.6295], [-6.01084, 37.61611], [-6.03061, 37.61848], [-6.04109, 37.6336], [-6.05642, 37.63716], [-6.05526, 37.64755], [-6.0421, 37.65511], [-6.04067, 37.66075], [-6.03704, 37.66197], [-6.03753, 37.67578], [-6.04465, 37.67227], [-6.04901, 37.67453], [-6.04637, 37.68957], [-6.05213, 37.69634], [-6.05594, 37.69499], [-6.06161, 37.69951], [-6.06329, 37.70853], [-6.07753, 37.70859], [-6.08459, 37.71554], [-6.08286, 37.72063], [-6.10464, 37.71168], [-6.12544, 37.71636], [-6.12047, 37.72171], [-6.12357, 37.73036], [-6.12755, 37.73151], [-6.13087, 37.72724], [-6.13542, 37.73156], [-6.14014, 37.75032], [-6.13038, 37.75339], [-6.12882, 37.7609], [-6.13551, 37.76432], [-6.13293, 37.77009]]]}}, {"type": "Feature", "properties": {"ine_code": "41028", "name": "Castilleja de Guzmán", "province": "Sevilla"}, "geometry": {"type": "Polygon", "coordinates": [[[-6.06227, 37.39997], [-6.06201, 37.40709], [-6.05709, 37.41308], [-6.04377, 37.41556], [-6.04883, 37.40076], [-6.06227, 37.39997]]]}}, {"type": "Feature", "properties": {"ine_code": "41029", "name": "Castilleja de la Cuesta", "province": "Sevilla"}, "geometry": {"type": "Polygon", "coordinates": [[[-6.06476, 37.38473], [-6.06228, 37.39326], [-6.0439, 37.3886], [-6.04546, 37.38151], [-6.05321, 37.3817], [-6.06278, 37.37668], [-6.06476, 37.38473]]]}}, {"type": "Feature", "properties": {"ine_code": "41030", "name": "Castilleja del Campo", "province": "Sevilla"}, "geometry": {"type": "Polygon", "coordinates": [[[-6.36196, 37.37574], [-6.35452, 37.3945], [-6.35434, 37.39713], [-6.36209, 37.40147], [-6.35645, 37.41205], [-6.33073, 37.41543], [-6.30984, 37.39205], [-6.31885, 37.37524], [-6.3393, 37.3746], [-6.34944, 37.36809], [-6.36196, 37.37574]]]}}, {"type": "Feature", "properties": {"ine_code": "41031", "name": "El Castillo de las Guardas", "province": "Sevilla"}, "geometry": {"type": "Polygon", "coordinates": [[[-6.34267, 37.61761], [-6.34004, 37.62162], [-6.34255, 37.62693], [-6.345, 37.62287], [-6.34546, 37.62858], [-6.35413, 37.62694], [-6.35561, 37.63546], [-6.35981, 37.63529], [-6.36267, 37.64266], [-6.37193, 37.64583], [-6.36987, 37.6501], [-6.37599, 37.6575], [-6.37326, 37.66024], [-6.37797, 37.66645], [-6.40769, 37.67156], [-6.41013, 37.67775], [-6.43154, 37.68712], [-6.43653, 37.69549], [-6.45492, 37.69596], [-6.45978, 37.69886], [-6.46712, 37.69515], [-6.48492, 37.69769], [-6.47867, 37.71178], [-6.47336, 37.70936], [-6.48369, 37.72014], [-6.47378, 37.72533], [-6.44999, 37.7189], [-6.43088, 37.72746], [-6.42348, 37.73407], [-6.39003, 37.74769], [-6.31989, 37.76395], [-6.31102, 37.76487], [-6.27849, 37.75841], [-6.25202, 37.76304], [-6.24467, 37.74775], [-6.25389, 37.74754], [-6.255, 37.74518], [-6.2466, 37.74077], [-6.23306, 37.74331], [-6.23557, 37.73904], [-6.21256, 37.71624], [-6.20275, 37.69358], [-6.20334, 37.68707], [-6.19157, 37.68779], [-6.18959, 37.67864], [-6.19697, 37.67339], [-6.18767, 37.67078], [-6.20154, 37.65765], [-6.21541, 37.65], [-6.20923, 37.64848], [-6.21438, 37.64497], [-6.25732, 37.62855], [-6.27185, 37.61869], [-6.31483, 37.61588], [-6.34267, 37.61761]]]}}, {"type": "Feature", "properties": {"ine_code": "41032", "name": "Cazalla de la Sierra", "province": "Sevilla"}, "geometry": {"type": "Polygon", "coordinates": [[[-5.91826, 37.82396], [-5.9232, 37.8291], [-5.92356, 37.83923], [-5.93167, 37.84085], [-5.93392, 37.84657], [-5.94172, 37.84911], [-5.92711, 37.86004], [-5.92807, 37.86269], [-5.93727, 37.86689], [-5.93853, 37.87114], [-5.95154, 37.87449], [-5.96102, 37.88081], [-5.95754, 37.88705], [-5.95973, 37.8918], [-5.95153, 37.89389], [-5.95435, 37.90702], [-5.94126, 37.91146], [-5.94116, 37.91667], [-5.93434, 37.91364], [-5.93109, 37.91549], [-5.93431, 37.92134], [-5.94467, 37.92629], [-5.93827, 37.93515], [-5.94317, 37.93891], [-5.94062, 37.94547], [-5.94653, 37.95507], [-5.93862, 37.96103], [-5.95835, 37.96759], [-5.96016, 37.97729], [-5.9538, 37.98548], [-5.95369, 37.99535], [-5.93646, 38.02442], [-5.92499, 38.02774], [-5.91849, 38.03541], [-5.90567, 38.03341], [-5.9013, 38.02361], [-5.89746, 38.02453], [-5.9001, 38.02663], [-5.89587, 38.03387], [-5.88698, 38.0312], [-5.87709, 38.03865], [-5.86285, 38.03431], [-5.85631, 38.03686], [-5.81, 38.02223], [-5.80463, 38.01512], [-5.789, 38.00871], [-5.78816, 38.0043], [-5.78331, 38.00402], [-5.7811, 38.00025], [-5.76076, 37.99678], [-5.73662, 37.98137], [-5.70299, 37.96634], [-5.68008, 37.94665], [-5.67882, 37.93747], [-5.69266, 37.93618], [-5.71696, 37.92488], [-5.71835, 37.91279], [-5.72765, 37.90481], [-5.72735, 37.90018], [-5.73859, 37.89529], [-5.7403, 37.88982], [-5.72973, 37.88464], [-5.73305, 37.87173], [-5.72884, 37.8636], [-5.73136, 37.86187], [-5.73762, 37.85965], [-5.74465, 37.86638], [-5.75565, 37.86529], [-5.77943, 37.87868], [-5.78006, 37.88312], [-5.79087, 37.88003], [-5.79619, 37.88294], [-5.803, 37.87952], [-5.81742, 37.88288], [-5.83091, 37.86701], [-5.83719, 37.86568], [-5.84894, 37.87507], [-5.85616, 37.87579], [-5.8581, 37.87097], [-5.86272, 37.87071], [-5.86121, 37.86662], [-5.86324, 37.86857], [-5.8691, 37.86595], [-5.86852, 37.85781], [-5.87763, 37.85259], [-5.87533, 37.84897], [-5.87881, 37.84415], [-5.87626, 37.84164], [-5.88766, 37.84172], [-5.88761, 37.83421], [-5.90083, 37.828], [-5.9054, 37.82034], [-5.91182, 37.82573], [-5.91826, 37.82396]]]}}, {"type": "Feature", "properties": {"ine_code": "41033", "name": "Constantina", "province": "Sevilla"}, "geometry": {"type": "Polygon", "coordinates": [[[-5.73019, 37.86298], [-5.73306, 37.87152], [-5.72973, 37.88464], [-5.74073, 37.89093], [-5.7385, 37.89536], [-5.72735, 37.90018], [-5.72765, 37.90481], [-5.71835, 37.91279], [-5.71735, 37.92437], [-5.71018, 37.93018], [-5.68837, 37.93752], [-5.67882, 37.93747], [-5.68324, 37.95044], [-5.67474, 37.95409], [-5.6527, 37.94309], [-5.61868, 37.94944], [-5.57638, 37.98121], [-5.54939, 37.97893], [-5.51329, 37.98101], [-5.51764, 37.97509], [-5.5157, 37.96736], [-5.5223, 37.96], [-5.51721, 37.95763], [-5.51846, 37.95316], [-5.50922, 37.94848], [-5.50358, 37.94075], [-5.50455, 37.93326], [-5.49043, 37.92797], [-5.49047, 37.9223], [-5.48055, 37.91909], [-5.47735, 37.91172], [-5.47394, 37.91354], [-5.4695, 37.90914], [-5.46396, 37.90987], [-5.45957, 37.89947], [-5.4555, 37.89525], [-5.44662, 37.89515], [-5.44781, 37.8902], [-5.44163, 37.88458], [-5.43789, 37.88591], [-5.4359, 37.88311], [-5.43274, 37.88598], [-5.43372, 37.88338], [-5.42843, 37.88103], [-5.43406, 37.87799], [-5.42773, 37.8699], [-5.48614, 37.85229], [-5.49061, 37.83642], [-5.49529, 37.83515], [-5.49781, 37.82464], [-5.51272, 37.80021], [-5.51471, 37.78824], [-5.51089, 37.77948], [-5.51389, 37.76404], [-5.51166, 37.75124], [-5.54402, 37.74629], [-5.57409, 37.73574], [-5.59643, 37.73363], [-5.61327, 37.72043], [-5.6378, 37.72133], [-5.67614, 37.70405], [-5.69034, 37.7037], [-5.69727, 37.70399], [-5.69252, 37.7117], [-5.69638, 37.71557], [-5.7011, 37.71391], [-5.6975, 37.72291], [-5.70213, 37.72644], [-5.6998, 37.73257], [-5.70404, 37.73762], [-5.69187, 37.73735], [-5.68398, 37.74623], [-5.68633, 37.74987], [-5.67915, 37.7532], [-5.68146, 37.76291], [-5.68793, 37.76594], [-5.68439, 37.77086], [-5.68786, 37.77574], [-5.68477, 37.77998], [-5.6871, 37.78195], [-5.68098, 37.78533], [-5.67884, 37.79219], [-5.68602, 37.80062], [-5.68368, 37.80888], [-5.67684, 37.81164], [-5.67084, 37.82474], [-5.67839, 37.82782], [-5.68463, 37.82374], [-5.68702, 37.83046], [-5.69665, 37.83162], [-5.69907, 37.84041], [-5.7104, 37.84958], [-5.71128, 37.85416], [-5.73019, 37.86298]]]}}, {"type": "Feature", "properties": {"ine_code": "41034", "name": "Coria del Río", "province": "Sevilla"}, "geometry": {"type": "Polygon", "coordinates": [[[-6.0873, 37.2862], [-6.07339, 37.30224], [-6.07232, 37.30802], [-6.04964, 37.30414], [-6.04144, 37.30034], [-6.04068, 37.29591], [-6.01092, 37.27074], [-6.00475, 37.26956], [-5.98977, 37.25327], [-5.98748, 37.2428], [-5.99292, 37.23053], [-6.0088, 37.21024], [-6.0118, 37.2021], [-6.03395, 37.18162], [-6.03957, 37.19537], [-6.05577, 37.19502], [-6.05178, 37.2092], [-6.0532, 37.21661], [-6.05868, 37.21565], [-6.06469, 37.20525], [-6.07641, 37.20505], [-6.07426, 37.21316], [-6.05325, 37.22901], [-6.06128, 37.25404], [-6.05331, 37.27253], [-6.08004, 37.27999], [-6.0873, 37.2862]]]}}, {"type": "Feature", "properties": {"ine_code": "41035", "name": "Coripe", "province": "Sevilla"}, "geometry": {"type": "Polygon", "coordinates": [[[-5.41366, 36.93979], [-5.43895, 36.93529], [-5.44126, 36.94396], [-5.44627, 36.94644], [-5.44592, 36.95667], [-5.45456, 36.9612], [-5.46011, 36.97749], [-5.44489, 36.98559], [-5.44247, 36.98986], [-5.43524, 36.99112], [-5.41609, 37.01492], [-5.40746, 37.01708], [-5.40103, 37.01158], [-5.39797, 37.01293], [-5.39631, 37.01879], [-5.40496, 37.02461], [-5.40233, 37.02703], [-5.40485, 37.03635], [-5.3989, 37.04154], [-5.39471, 37.03463], [-5.38537, 37.03151], [-5.37627, 37.02263], [-5.3634, 37.02711], [-5.36135, 37.02373], [-5.36331, 37.01441], [-5.3524, 37.00695], [-5.34956, 37.00848], [-5.33965, 37.00456], [-5.34535, 36.99739], [-5.35968, 36.99249], [-5.36098, 36.98501], [-5.3653, 36.98566], [-5.39239, 36.97328], [-5.41336, 36.95402], [-5.4168, 36.94535], [-5.41366, 36.93979]]]}}, {"type": "Feature", "properties": {"ine_code": "41036", "name": "El Coronil", "province": "Sevilla"}, "geometry": {"type": "Polygon", "coordinates": [[[-5.58815, 36.94689], [-5.59695, 36.96461], [-5.61357, 36.97487], [-5.61242, 36.9815], [-5.60852, 36.98431], [-5.67892, 37.04754], [-5.67852, 37.07962], [-5.67168, 37.0855], [-5.67157, 37.09164], [-5.66368, 37.10446], [-5.65834, 37.1036], [-5.6542, 37.11261], [-5.61178, 37.10941], [-5.60401, 37.09912], [-5.60368, 37.07339], [-5.60989, 37.04296], [-5.60505, 37.01549], [-5.58961, 36.99289], [-5.58038, 36.96876], [-5.55269, 36.92825], [-5.53378, 36.89354], [-5.5834, 36.91509], [-5.58815, 36.94689]]]}}, {"type": "Feature", "properties": {"ine_code": "41037", "name": "Los Corrales", "province": "Sevilla"}, "geometry": {"type": "Polygon", "coordinates": [[[-5.06917, 37.13321], [-5.05855, 37.13842], [-5.06115, 37.13997], [-5.0585, 37.14396], [-5.06027, 37.14899], [-5.05315, 37.14849], [-5.05337, 37.14308], [-5.04503, 37.14428], [-5.04459, 37.15], [-5.03937, 37.14909], [-5.03277, 37.15308], [-5.02984, 37.16238], [-5.01849, 37.16056], [-5.01256, 37.16588], [-5.01756, 37.17214], [-5.01097, 37.17517], [-5.00631, 37.16928], [-4.997, 37.16816], [-4.98984, 37.16218], [-4.99028, 37.15973], [-4.99521, 37.16185], [-4.99609, 37.15788], [-5.00212, 37.15645], [-4.99975, 37.14951], [-5.00669, 37.14868], [-5.00124, 37.14122], [-4.98765, 37.1391], [-4.99031, 37.13563], [-4.98607, 37.13453], [-4.98898, 37.13269], [-4.97895, 37.12763], [-4.98301, 37.10961], [-4.97175, 37.10194], [-4.9738, 37.10164], [-4.97174, 37.09793], [-4.96719, 37.09691], [-4.96407, 37.09092], [-4.96676, 37.09013], [-4.95461, 37.09133], [-4.97914, 37.07277], [-4.98008, 37.06883], [-5.00959, 37.05474], [-5.02591, 37.05184], [-5.03465, 37.06184], [-5.02732, 37.06753], [-5.02589, 37.08227], [-5.02038, 37.08814], [-5.05279, 37.08308], [-5.0497, 37.0848], [-5.04954, 37.09625], [-5.04014, 37.10582], [-5.05222, 37.10303], [-5.03701, 37.11209], [-5.04042, 37.11588], [-5.05766, 37.11158], [-5.06178, 37.11914], [-5.06832, 37.11751], [-5.06802, 37.12107], [-5.07159, 37.12291], [-5.06917, 37.13321]]]}}, {"type": "Feature", "properties": {"ine_code": "41038", "name": "Dos Hermanas", "province": "Sevilla"}, "geometry": {"type": "Polygon", "coordinates": [[[-5.99647, 37.16386], [-6.0397, 37.1504], [-6.05622, 37.15051], [-6.06315, 37.15581], [-6.06116, 37.15936], [-6.04828, 37.16482], [-6.02835, 37.16826], [-6.02721, 37.17534], [-6.03395, 37.18162], [-6.0118, 37.2021], [-5.98748, 37.2428], [-5.98977, 37.25327], [-5.99985, 37.26519], [-6.01092, 37.27074], [-6.04043, 37.29758], [-6.03, 37.30185], [-6.01512, 37.3144], [-6.00126, 37.31973], [-5.96899, 37.31342], [-5.9387, 37.36204], [-5.92652, 37.35387], [-5.90376, 37.32896], [-5.91637, 37.30995], [-5.92038, 37.3084], [-5.91807, 37.30164], [-5.90718, 37.29893], [-5.89413, 37.28316], [-5.88352, 37.27655], [-5.89369, 37.26675], [-5.89253, 37.26009], [-5.89784, 37.2554], [-5.89606, 37.24671], [-5.90345, 37.22583], [-5.91849, 37.21942], [-5.92409, 37.20864], [-5.94898, 37.19683], [-5.95239, 37.1978], [-5.96448, 37.19003], [-5.99647, 37.16386]]]}}, {"type": "Feature", "properties": {"ine_code": "41039", "name": "Écija", "province": "Sevilla"}, "geometry": {"type": "MultiPolygon", "coordinates": [[[[-5.29013, 37.43037], [-5.29652, 37.45213], [-5.29388, 37.45857], [-5.2971, 37.47133], [-5.29057, 37.49092], [-5.29294, 37.49841], [-5.2858, 37.50956], [-5.28745, 37.51814], [-5.29157, 37.52164], [-5.28794, 37.52736], [-5.26286, 37.52679], [-5.25395, 37.52215], [-5.25459, 37.51798], [-5.24505, 37.51812], [-5.24538, 37.52323], [-5.23326, 37.526], [-5.1865, 37.52259], [-5.18405, 37.53302], [-5.19142, 37.54581], [-5.17696, 37.54923], [-5.17346, 37.59489], [-5.18148, 37.60617], [-5.18193, 37.61325], [-5.19101, 37.61286], [-5.19774, 37.6065], [-5.20957, 37.60187], [-5.22993, 37.60977], [-5.2417, 37.62702], [-5.24003, 37.62954], [-5.24648, 37.64152], [-5.21194, 37.66347], [-5.17624, 37.68036], [-5.16087, 37.6725], [-5.15019, 37.66053], [-5.13656, 37.66823], [-5.12007, 37.66751], [-5.10808, 37.6629], [-5.11431, 37.69031], [-5.1298, 37.69866], [-5.11321, 37.70223], [-5.1087, 37.6995], [-5.09527, 37.67717], [-5.09921, 37.6703], [-5.0827, 37.66083], [-5.06958, 37.66014], [-5.07757, 37.66503], [-5.07822, 37.66974], [-5.08442, 37.67019], [-5.09137, 37.6773], [-5.09102, 37.68319], [-5.08627, 37.68857], [-5.08936, 37.69508], [-5.08125, 37.70151], [-5.07509, 37.70128], [-5.07297, 37.70769], [-5.04723, 37.71829], [-5.00112, 37.70785], [-4.99779, 37.70069], [-4.98984, 37.69463], [-4.99159, 37.69286], [-4.98777, 37.69042], [-4.98414, 37.67812], [-4.97198, 37.67286], [-4.9544, 37.65254], [-4.95852, 37.62173], [-4.96621, 37.61064], [-4.96918, 37.61237], [-4.97477, 37.5989], [-4.96623, 37.61055], [-4.96015, 37.60876], [-4.95716, 37.61321], [-4.94343, 37.61696], [-4.94105, 37.62075], [-4.93173, 37.61659], [-4.93489, 37.59984], [-4.93023, 37.58956], [-4.93575, 37.58604], [-4.93075, 37.57589], [-4.93807, 37.5699], [-4.93159, 37.56276], [-4.93237, 37.5538], [-4.93625, 37.55024], [-4.93196, 37.54597], [-4.94061, 37.53684], [-4.94011, 37.52765], [-4.94464, 37.52194], [-4.94962, 37.52191], [-4.93368, 37.51979], [-4.93482, 37.5125], [-4.92716, 37.51348], [-4.93116, 37.50596], [-4.92421, 37.50022], [-4.90664, 37.49977], [-4.90743, 37.49501], [-4.91641, 37.49324], [-4.91623, 37.48424], [-4.91241, 37.48265], [-4.91239, 37.48681], [-4.90876, 37.48499], [-4.91117, 37.47767], [-4.90698, 37.47534], [-4.90433, 37.46673], [-4.89537, 37.45974], [-4.88898, 37.46119], [-4.88335, 37.45306], [-4.87556, 37.45022], [-4.88369, 37.44503], [-4.8869, 37.42587], [-4.91367, 37.40759], [-4.93597, 37.38679], [-4.99213, 37.36827], [-5.05757, 37.37166], [-5.11555, 37.38414], [-5.15073, 37.38306], [-5.16793, 37.38771], [-5.1742, 37.39276], [-5.2088, 37.38666], [-5.24794, 37.37461], [-5.29013, 37.43037]], [[-5.08489, 37.64366], [-5.04017, 37.62574], [-5.04809, 37.60819], [-5.03114, 37.61064], [-5.02644, 37.59451], [-5.0183, 37.5923], [-5.02508, 37.59499], [-5.03376, 37.62112], [-5.02925, 37.62668], [-5.02978, 37.63205], [-5.02581, 37.63447], [-5.03084, 37.641], [-5.04706, 37.63128], [-5.05356, 37.64182], [-5.08417, 37.64726], [-5.08489, 37.64366]]], [[[-5.28757, 37.53931], [-5.28535, 37.54856], [-5.27902, 37.55225], [-5.28219, 37.55802], [-5.27996, 37.56242], [-5.28219, 37.57144], [-5.28837, 37.57497], [-5.2878, 37.58438], [-5.29681, 37.59349], [-5.30718, 37.59751], [-5.31079, 37.60166], [-5.31072, 37.60838], [-5.32292, 37.61149], [-5.32349, 37.61406], [-5.29738, 37.62329], [-5.25323, 37.62542], [-5.24826, 37.60536], [-5.2434, 37.60546], [-5.24399, 37.59366], [-5.26307, 37.59385], [-5.25523, 37.57331], [-5.24805, 37.56491], [-5.24846, 37.53781], [-5.28511, 37.5371], [-5.28757, 37.53931]]]]}}, {"type": "Feature", "properties": {"ine_code": "41040", "name": "Espartinas", "province": "Sevilla"}, "geometry": {"type": "Polygon", "coordinates": [[[-6.17337, 37.38469], [-6.17102, 37.39358], [-6.14715, 37.39045], [-6.13442, 37.3932], [-6.13619, 37.39659], [-6.13183, 37.39928], [-6.1328, 37.40524], [-6.14549, 37.40911], [-6.13672, 37.41084], [-6.13206, 37.41539], [-6.12399, 37.41544], [-6.12015, 37.40626], [-6.12526, 37.405], [-6.12866, 37.39787], [-6.11907, 37.39461], [-6.1076, 37.40178], [-6.08906, 37.39973], [-6.08838, 37.39448], [-6.08539, 37.39403], [-6.08811, 37.3806], [-6.0826, 37.37932], [-6.08332, 37.37565], [-6.09207, 37.37821], [-6.10026, 37.37545], [-6.09628, 37.36715], [-6.11676, 37.36265], [-6.12215, 37.3628], [-6.12526, 37.37538], [-6.1296, 37.37684], [-6.13993, 37.36554], [-6.13159, 37.36535], [-6.13023, 37.36041], [-6.13943, 37.36295], [-6.14259, 37.37075], [-6.15197, 37.36914], [-6.14729, 37.37478], [-6.15439, 37.37308], [-6.15686, 37.37864], [-6.17138, 37.38087], [-6.17337, 37.38469]]]}}, {"type": "Feature", "properties": {"ine_code": "41041", "name": "Estepa", "province": "Sevilla"}, "geometry": {"type": "MultiPolygon", "coordinates": [[[[-5.00659, 37.26236], [-5.00287, 37.26729], [-5.0019, 37.27697], [-5.00608, 37.28133], [-5.00258, 37.28161], [-4.9959, 37.29441], [-5.00175, 37.30338], [-4.99466, 37.31356], [-4.99603, 37.31942], [-4.98956, 37.32368], [-4.99074, 37.33386], [-4.98716, 37.3445], [-4.98001, 37.34875], [-4.95883, 37.34454], [-4.93888, 37.34891], [-4.93802, 37.35469], [-4.93267, 37.35649], [-4.93774, 37.36269], [-4.92751, 37.37009], [-4.90543, 37.36871], [-4.90055, 37.36295], [-4.88943, 37.3628], [-4.88816, 37.35177], [-4.89022, 37.35152], [-4.8684, 37.33897], [-4.84421, 37.33053], [-4.82404, 37.35221], [-4.81829, 37.34942], [-4.82028, 37.3522], [-4.81727, 37.35468], [-4.79993, 37.34449], [-4.78123, 37.32692], [-4.78298, 37.321], [-4.79175, 37.32197], [-4.79385, 37.31511], [-4.80164, 37.31358], [-4.7989, 37.29975], [-4.80234, 37.29155], [-4.82208, 37.29677], [-4.83558, 37.29146], [-4.83701, 37.29804], [-4.84078, 37.29627], [-4.83928, 37.28668], [-4.83579, 37.28339], [-4.84004, 37.26904], [-4.83246, 37.26459], [-4.83401, 37.25889], [-4.83113, 37.25635], [-4.83419, 37.23346], [-4.81697, 37.24198], [-4.8121, 37.24956], [-4.80115, 37.25629], [-4.79876, 37.26912], [-4.80322, 37.2769], [-4.79219, 37.28169], [-4.79532, 37.27312], [-4.78128, 37.26911], [-4.7878, 37.24565], [-4.78634, 37.22745], [-4.82932, 37.22832], [-4.82357, 37.22155], [-4.82972, 37.21722], [-4.8278, 37.20985], [-4.83942, 37.21282], [-4.84249, 37.2091], [-4.85335, 37.20894], [-4.85878, 37.224], [-4.83935, 37.22544], [-4.84739, 37.2293], [-4.84873, 37.23409], [-4.85416, 37.23412], [-4.86026, 37.24713], [-4.85893, 37.25148], [-4.87294, 37.25505], [-4.87776, 37.25949], [-4.87869, 37.27068], [-4.8983, 37.27962], [-4.91278, 37.27617], [-4.9104, 37.27547], [-4.9121, 37.27264], [-4.92427, 37.26122], [-4.93807, 37.26431], [-4.94964, 37.27094], [-4.95926, 37.26473], [-4.98647, 37.25736], [-4.98605, 37.26578], [-5.00118, 37.26531], [-4.99898, 37.26075], [-5.00659, 37.26236]]], [[[-4.88659, 37.42569], [-4.88474, 37.43798], [-4.85433, 37.43939], [-4.84064, 37.43602], [-4.83798, 37.42208], [-4.84207, 37.41504], [-4.84981, 37.41066], [-4.85115, 37.41595], [-4.8559, 37.41002], [-4.86822, 37.40765], [-4.87046, 37.40926], [-4.86758, 37.41428], [-4.87062, 37.41848], [-4.87684, 37.42218], [-4.87688, 37.4184], [-4.88147, 37.4201], [-4.88049, 37.4267], [-4.88659, 37.42569]]]]}}, {"type": "Feature", "properties": {"ine_code": "41042", "name": "Fuentes de Andalucía", "province": "Sevilla"}, "geometry": {"type": "Polygon", "coordinates": [[[-5.39809, 37.41291], [-5.40021, 37.42316], [-5.41174, 37.43601], [-5.41079, 37.45574], [-5.41985, 37.48266], [-5.42971, 37.4875], [-5.4665, 37.48405], [-5.46319, 37.49763], [-5.43555, 37.50705], [-5.39892, 37.50986], [-5.37987, 37.50543], [-5.33505, 37.51331], [-5.33383, 37.53087], [-5.34048, 37.55061], [-5.34102, 37.56642], [-5.34827, 37.58259], [-5.34377, 37.58741], [-5.3435, 37.59369], [-5.32292, 37.61149], [-5.31565, 37.61156], [-5.31052, 37.60808], [-5.31079, 37.60166], [-5.30718, 37.59751], [-5.29681, 37.59349], [-5.2878, 37.58438], [-5.28837, 37.57497], [-5.28219, 37.57144], [-5.27996, 37.56242], [-5.28219, 37.55802], [-5.27902, 37.55225], [-5.2841, 37.55015], [-5.28855, 37.54063], [-5.28363, 37.53379], [-5.29157, 37.52164], [-5.28745, 37.51814], [-5.2858, 37.50956], [-5.29294, 37.49841], [-5.29057, 37.49092], [-5.2971, 37.47133], [-5.29388, 37.45857], [-5.29652, 37.45213], [-5.29526, 37.44441], [-5.33284, 37.43587], [-5.38787, 37.41865], [-5.39809, 37.41291]]]}}, {"type": "Feature", "properties": {"ine_code": "41043", "name": "El Garrobo", "province": "Sevilla"}, "geometry": {"type": "Polygon", "coordinates": [[[-6.23258, 37.63634], [-6.20923, 37.64848], [-6.21541, 37.65], [-6.19979, 37.65901], [-6.19083, 37.6698], [-6.1805, 37.67284], [-6.17254, 37.67053], [-6.14695, 37.63528], [-6.13492, 37.62685], [-6.12747, 37.60961], [-6.13109, 37.58768], [-6.13727, 37.59601], [-6.14701, 37.59615], [-6.15344, 37.60371], [-6.16599, 37.60951], [-6.18214, 37.60195], [-6.21679, 37.61334], [-6.22602, 37.62261], [-6.23258, 37.63634]]]}}, {"type": "Feature", "properties": {"ine_code": "41044", "name": "Gelves", "province": "Sevilla"}, "geometry": {"type": "MultiPolygon", "coordinates": [[[[-6.03707, 37.32254], [-6.0332, 37.34877], [-6.02268, 37.35011], [-6.01991, 37.33489], [-6.00126, 37.31973], [-6.01512, 37.3144], [-6.02181, 37.31625], [-6.02746, 37.31198], [-6.03707, 37.32254]]], [[[-6.10274, 37.32999], [-6.11806, 37.32956], [-6.12007, 37.3404], [-6.10602, 37.34213], [-6.10421, 37.33343], [-6.11051, 37.33311], [-6.10274, 37.32999]]]]}}, {"type": "Feature", "properties": {"ine_code": "41045", "name": "Gerena", "province": "Sevilla"}, "geometry": {"type": "Polygon", "coordinates": [[[-6.25732, 37.62855], [-6.23258, 37.63634], [-6.22602, 37.62261], [-6.21679, 37.61334], [-6.18214, 37.60195], [-6.16599, 37.60951], [-6.15344, 37.60371], [-6.14701, 37.59615], [-6.13727, 37.59601], [-6.13236, 37.58936], [-6.13018, 37.57238], [-6.11939, 37.56693], [-6.12248, 37.56273], [-6.11973, 37.5557], [-6.11644, 37.55246], [-6.11364, 37.55367], [-6.11442, 37.54778], [-6.10839, 37.54406], [-6.10007, 37.52523], [-6.09171, 37.51921], [-6.09442, 37.51521], [-6.08657, 37.50602], [-6.10904, 37.48566], [-6.10801, 37.47711], [-6.11291, 37.4744], [-6.11324, 37.47747], [-6.15291, 37.48366], [-6.1751, 37.49631], [-6.17447, 37.49995], [-6.19403, 37.5008], [-6.19796, 37.49666], [-6.20709, 37.51841], [-6.21737, 37.52607], [-6.21754, 37.53239], [-6.22797, 37.55488], [-6.23457, 37.56186], [-6.22817, 37.57524], [-6.22795, 37.58766], [-6.23224, 37.59459], [-6.23318, 37.60505], [-6.24098, 37.61167], [-6.24654, 37.62244], [-6.25732, 37.62855]]]}}, {"type": "Feature", "properties": {"ine_code": "41046", "name": "Gilena", "province": "Sevilla"}, "geometry": {"type": "Polygon", "coordinates": [[[-4.96173, 37.17369], [-4.98964, 37.22955], [-4.98178, 37.2309], [-4.98067, 37.22788], [-4.96505, 37.24301], [-4.95049, 37.2407], [-4.95085, 37.25922], [-4.95438, 37.26783], [-4.95176, 37.26963], [-4.92427, 37.26122], [-4.9121, 37.27264], [-4.9104, 37.27547], [-4.91278, 37.27617], [-4.8983, 37.27962], [-4.87869, 37.27068], [-4.87776, 37.25949], [-4.87294, 37.25505], [-4.85893, 37.25148], [-4.86392, 37.25089], [-4.86326, 37.24712], [-4.86711, 37.24633], [-4.86815, 37.24943], [-4.88659, 37.24912], [-4.8848, 37.24606], [-4.88905, 37.24599], [-4.8969, 37.24913], [-4.89814, 37.23973], [-4.90589, 37.23456], [-4.92585, 37.23195], [-4.93298, 37.22032], [-4.9304, 37.20646], [-4.92319, 37.20527], [-4.92622, 37.20219], [-4.92399, 37.19339], [-4.93041, 37.19204], [-4.93582, 37.19643], [-4.93758, 37.19463], [-4.93509, 37.19343], [-4.94095, 37.18968], [-4.93701, 37.18401], [-4.94178, 37.17705], [-4.94996, 37.17797], [-4.95636, 37.18362], [-4.95985, 37.18113], [-4.95732, 37.17417], [-4.96173, 37.17369]]]}}, {"type": "Feature", "properties": {"ine_code": "41047", "name": "Gines", "province": "Sevilla"}, "geometry": {"type": "Polygon", "coordinates": [[[-6.08317, 37.37624], [-6.08261, 37.37935], [-6.08813, 37.38075], [-6.08539, 37.39403], [-6.07488, 37.39582], [-6.06449, 37.38979], [-6.06464, 37.38481], [-6.08317, 37.37624]]]}}, {"type": "Feature", "properties": {"ine_code": "41048", "name": "Guadalcanal", "province": "Sevilla"}, "geometry": {"type": "Polygon", "coordinates": [[[-5.76662, 37.99864], [-5.7811, 38.00025], [-5.78331, 38.00402], [-5.78816, 38.0043], [-5.789, 38.00871], [-5.80469, 38.01517], [-5.80923, 38.02191], [-5.85631, 38.03686], [-5.86285, 38.03431], [-5.87709, 38.03865], [-5.88721, 38.03116], [-5.89495, 38.03431], [-5.8995, 38.02341], [-5.90482, 38.02767], [-5.90574, 38.03346], [-5.91818, 38.03551], [-5.92499, 38.02774], [-5.93646, 38.02442], [-5.93692, 38.02794], [-5.93269, 38.0315], [-5.93698, 38.04048], [-5.93422, 38.04687], [-5.92751, 38.05042], [-5.91928, 38.0498], [-5.91791, 38.05643], [-5.90917, 38.06246], [-5.90805, 38.06825], [-5.91081, 38.0782], [-5.92834, 38.08772], [-5.92919, 38.09638], [-5.92638, 38.10501], [-5.9141, 38.11773], [-5.91292, 38.12269], [-5.8953, 38.13053], [-5.88067, 38.13228], [-5.87696, 38.13787], [-5.87738, 38.15571], [-5.85624, 38.16166], [-5.85404, 38.1709], [-5.83786, 38.17443], [-5.82309, 38.16986], [-5.82278, 38.17547], [-5.81124, 38.17819], [-5.81063, 38.17361], [-5.80372, 38.17825], [-5.79943, 38.17458], [-5.7817, 38.18588], [-5.75728, 38.18056], [-5.75736, 38.1847], [-5.75264, 38.18507], [-5.74947, 38.19002], [-5.72816, 38.19742], [-5.7135, 38.18585], [-5.70788, 38.1883], [-5.70594, 38.18514], [-5.69473, 38.18652], [-5.69456, 38.18351], [-5.69879, 38.18271], [-5.69787, 38.17967], [-5.68861, 38.18188], [-5.68884, 38.17122], [-5.68408, 38.15786], [-5.69501, 38.17109], [-5.702, 38.16723], [-5.70579, 38.16938], [-5.70556, 38.16362], [-5.69526, 38.14971], [-5.70897, 38.14224], [-5.71541, 38.13383], [-5.7308, 38.1371], [-5.73882, 38.13282], [-5.74074, 38.12654], [-5.7341, 38.10948], [-5.73489, 38.08555], [-5.73061, 38.07582], [-5.74114, 38.05056], [-5.74379, 38.03731], [-5.74212, 38.02751], [-5.75043, 38.02472], [-5.74929, 38.01881], [-5.75807, 38.01312], [-5.75287, 38.0049], [-5.7594, 38.00354], [-5.76025, 37.99883], [-5.76568, 38.00129], [-5.76662, 37.99864]]]}}, {"type": "Feature", "properties": {"ine_code": "41049", "name": "Guillena", "province": "Sevilla"}, "geometry": {"type": "Polygon", "coordinates": [[[-6.17897, 37.67088], [-6.18098, 37.69689], [-6.18507, 37.69899], [-6.18735, 37.70803], [-6.16628, 37.71059], [-6.15019, 37.71975], [-6.10481, 37.71167], [-6.08286, 37.72063], [-6.08459, 37.71554], [-6.07753, 37.70859], [-6.06329, 37.70853], [-6.06161, 37.69951], [-6.05594, 37.69499], [-6.05213, 37.69634], [-6.04647, 37.6897], [-6.04901, 37.67453], [-6.04465, 37.67227], [-6.03753, 37.67578], [-6.03704, 37.66197], [-6.04067, 37.66075], [-6.0421, 37.65511], [-6.05526, 37.64755], [-6.05642, 37.63716], [-6.04109, 37.6336], [-6.03443, 37.6275], [-6.02566, 37.60059], [-6.00761, 37.57125], [-6.01247, 37.56201], [-6.0104, 37.55778], [-6.01801, 37.54628], [-6.016, 37.5246], [-6.0218, 37.52266], [-6.02247, 37.50991], [-6.02648, 37.50784], [-6.02439, 37.50014], [-6.03227, 37.49636], [-6.03028, 37.49282], [-6.04239, 37.4908], [-6.05895, 37.4991], [-6.07165, 37.49103], [-6.08696, 37.5028], [-6.08657, 37.50602], [-6.09168, 37.50927], [-6.0898, 37.51207], [-6.09442, 37.51521], [-6.09171, 37.51921], [-6.10352, 37.53065], [-6.10839, 37.54406], [-6.11487, 37.54861], [-6.11364, 37.55367], [-6.11644, 37.55246], [-6.11973, 37.5557], [-6.12248, 37.56273], [-6.11939, 37.56693], [-6.13018, 37.57238], [-6.13166, 37.59173], [-6.12747, 37.60961], [-6.13492, 37.62685], [-6.14695, 37.63528], [-6.15766, 37.65085], [-6.16159, 37.65231], [-6.16231, 37.65952], [-6.16896, 37.66849], [-6.17897, 37.67088]]]}}, {"type": "Feature", "properties": {"ine_code": "41050", "name": "Herrera", "province": "Sevilla"}, "geometry": {"type": "Polygon", "coordinates": [[[-4.91237, 37.40843], [-4.8823, 37.42731], [-4.87964, 37.42444], [-4.88241, 37.42082], [-4.87688, 37.4184], [-4.87882, 37.42097], [-4.87583, 37.42181], [-4.86815, 37.4153], [-4.86946, 37.40789], [-4.8559, 37.41002], [-4.85456, 37.41481], [-4.85086, 37.41583], [-4.8514, 37.41064], [-4.84521, 37.40358], [-4.84101, 37.40424], [-4.84382, 37.39959], [-4.83781, 37.39835], [-4.83097, 37.3904], [-4.83053, 37.38453], [-4.8252, 37.38335], [-4.82602, 37.37908], [-4.81469, 37.37753], [-4.81473, 37.37261], [-4.82361, 37.36876], [-4.82213, 37.35819], [-4.81727, 37.35468], [-4.82028, 37.3522], [-4.81829, 37.34942], [-4.82333, 37.35272], [-4.82552, 37.35111], [-4.84368, 37.33047], [-4.87603, 37.34258], [-4.89022, 37.35152], [-4.88816, 37.35177], [-4.88943, 37.3628], [-4.90055, 37.36295], [-4.9051, 37.36696], [-4.90148, 37.3733], [-4.9005, 37.38394], [-4.90471, 37.38791], [-4.90192, 37.39233], [-4.91237, 37.40843]]]}}, {"type": "Feature", "properties": {"ine_code": "41051", "name": "Huévar del Aljarafe", "province": "Sevilla"}, "geometry": {"type": "Polygon", "coordinates": [[[-6.36869, 37.34944], [-6.34586, 37.36555], [-6.34147, 37.35799], [-6.33031, 37.35517], [-6.32366, 37.34751], [-6.31143, 37.36028], [-6.31315, 37.36985], [-6.3194, 37.37686], [-6.31412, 37.38044], [-6.30989, 37.39126], [-6.31134, 37.39448], [-6.27876, 37.39949], [-6.24973, 37.39289], [-6.24806, 37.38402], [-6.2415, 37.37977], [-6.24419, 37.37644], [-6.24619, 37.34952], [-6.22568, 37.33986], [-6.23029, 37.33467], [-6.22585, 37.33343], [-6.22899, 37.33069], [-6.23385, 37.33379], [-6.23641, 37.3309], [-6.23593, 37.33396], [-6.24872, 37.33682], [-6.25592, 37.3312], [-6.26013, 37.33477], [-6.2605, 37.34011], [-6.26454, 37.33981], [-6.26337, 37.33573], [-6.27061, 37.33525], [-6.27349, 37.34165], [-6.27883, 37.34156], [-6.29616, 37.33685], [-6.29702, 37.32072], [-6.30152, 37.32122], [-6.30533, 37.3302], [-6.31128, 37.33461], [-6.31089, 37.32866], [-6.31955, 37.32874], [-6.33669, 37.32209], [-6.34149, 37.32551], [-6.34156, 37.32915], [-6.34421, 37.3261], [-6.35631, 37.33129], [-6.36869, 37.34944]]]}}, {"type": "Feature", "properties": {"ine_code": "41052", "name": "Lantejuela", "province": "Sevilla"}, "geometry": {"type": "Polygon", "coordinates": [[[-5.25625, 37.35593], [-5.24794, 37.37461], [-5.2088, 37.38666], [-5.2076, 37.37548], [-5.19636, 37.36808], [-5.1947, 37.36247], [-5.19773, 37.36011], [-5.18691, 37.3456], [-5.20148, 37.34064], [-5.20422, 37.34352], [-5.21108, 37.33949], [-5.21444, 37.34507], [-5.22217, 37.34372], [-5.22963, 37.3464], [-5.23326, 37.34403], [-5.24255, 37.35635], [-5.25625, 37.35593]]]}}, {"type": "Feature", "properties": {"ine_code": "41053", "name": "Lebrija", "province": "Sevilla"}, "geometry": {"type": "Polygon", "coordinates": [[[-6.23099, 36.89811], [-6.21151, 36.90864], [-6.19821, 36.92157], [-6.15462, 37.02225], [-6.10792, 37.04459], [-6.08109, 37.07625], [-6.07412, 37.07144], [-6.07428, 37.0601], [-6.05339, 37.05414], [-6.05351, 37.04492], [-5.97543, 36.94606], [-5.92372, 36.923], [-5.92304, 36.91532], [-5.91571, 36.9141], [-5.91328, 36.90595], [-5.8921, 36.90389], [-5.8696, 36.8937], [-5.87652, 36.89471], [-5.89358, 36.85158], [-5.88883, 36.84677], [-5.89105, 36.84219], [-5.92535, 36.85307], [-5.94297, 36.85234], [-5.94538, 36.85724], [-5.95245, 36.86089], [-5.96511, 36.86008], [-5.97126, 36.86625], [-5.98089, 36.86779], [-6.01019, 36.88574], [-6.02522, 36.8907], [-6.03357, 36.88391], [-6.03034, 36.87642], [-6.04278, 36.87647], [-6.05217, 36.8711], [-6.05752, 36.87148], [-6.08529, 36.85447], [-6.10524, 36.85742], [-6.12199, 36.86379], [-6.15615, 36.88565], [-6.18716, 36.89359], [-6.20868, 36.89343], [-6.23099, 36.89811]]]}}, {"type": "Feature", "properties": {"ine_code": "41054", "name": "Lora de Estepa", "province": "Sevilla"}, "geometry": {"type": "Polygon", "coordinates": [[[-4.79219, 37.28169], [-4.80322, 37.2769], [-4.79876, 37.26912], [-4.80115, 37.25629], [-4.8121, 37.24956], [-4.81697, 37.24198], [-4.83419, 37.23346], [-4.83113, 37.25635], [-4.83401, 37.25889], [-4.83246, 37.26459], [-4.84004, 37.26904], [-4.83579, 37.28339], [-4.84083, 37.29112], [-4.84014, 37.29757], [-4.83659, 37.29756], [-4.83558, 37.29146], [-4.82208, 37.29677], [-4.79734, 37.28772], [-4.79061, 37.28969], [-4.79219, 37.28169]]]}}, {"type": "Feature", "properties": {"ine_code": "41055", "name": "Lora del Río", "province": "Sevilla"}, "geometry": {"type": "Polygon", "coordinates": [[[-5.61688, 37.69953], [-5.6158, 37.71967], [-5.59643, 37.73363], [-5.57409, 37.73574], [-5.54402, 37.74629], [-5.49319, 37.75419], [-5.47832, 37.7519], [-5.45763, 37.75719], [-5.42436, 37.7521], [-5.42402, 37.74696], [-5.42968, 37.74025], [-5.41973, 37.7168], [-5.42323, 37.70654], [-5.41855, 37.6938], [-5.42155, 37.68822], [-5.41191, 37.68351], [-5.41501, 37.67414], [-5.40967, 37.65987], [-5.40509, 37.65841], [-5.39732, 37.66199], [-5.3936, 37.65598], [-5.39872, 37.64937], [-5.4142, 37.64575], [-5.40175, 37.63649], [-5.4015, 37.63118], [-5.39334, 37.62421], [-5.41185, 37.61357], [-5.42511, 37.60025], [-5.45884, 37.58958], [-5.49805, 37.58171], [-5.50884, 37.5815], [-5.5324, 37.59619], [-5.54369, 37.59561], [-5.59261, 37.60602], [-5.61331, 37.63616], [-5.61051, 37.65866], [-5.62239, 37.68327], [-5.61688, 37.69953]]]}}, {"type": "Feature", "properties": {"ine_code": "41056", "name": "La Luisiana", "province": "Sevilla"}, "geometry": {"type": "Polygon", "coordinates": [[[-5.2876, 37.52761], [-5.28363, 37.53379], [-5.28511, 37.5371], [-5.24866, 37.53747], [-5.24805, 37.56491], [-5.25544, 37.57392], [-5.23239, 37.5713], [-5.23148, 37.58661], [-5.21007, 37.58744], [-5.19351, 37.58184], [-5.18163, 37.58187], [-5.17462, 37.57749], [-5.17696, 37.54923], [-5.19142, 37.54581], [-5.18405, 37.53302], [-5.1865, 37.52259], [-5.23326, 37.526], [-5.24538, 37.52323], [-5.24505, 37.51812], [-5.25459, 37.51798], [-5.25395, 37.52215], [-5.26286, 37.52679], [-5.2876, 37.52761]]]}}, {"type": "Feature", "properties": {"ine_code": "41057", "name": "El Madroño", "province": "Sevilla"}, "geometry": {"type": "Polygon", "coordinates": [[[-6.53851, 37.62666], [-6.5296, 37.63584], [-6.53679, 37.64073], [-6.53358, 37.64512], [-6.53609, 37.65098], [-6.53346, 37.65713], [-6.52526, 37.66433], [-6.51899, 37.66197], [-6.50852, 37.66838], [-6.50196, 37.66673], [-6.4978, 37.6828], [-6.5013, 37.68885], [-6.49306, 37.6885], [-6.48837, 37.69832], [-6.46734, 37.69515], [-6.45994, 37.69886], [-6.45492, 37.69596], [-6.43653, 37.69549], [-6.43154, 37.68712], [-6.41013, 37.67775], [-6.40769, 37.67156], [-6.37797, 37.66645], [-6.37326, 37.66024], [-6.37599, 37.6575], [-6.36987, 37.6501], [-6.37193, 37.64583], [-6.36267, 37.64266], [-6.35981, 37.63529], [-6.35561, 37.63546], [-6.35413, 37.62694], [-6.34546, 37.62858], [-6.34625, 37.62323], [-6.34269, 37.627], [-6.34004, 37.62162], [-6.34288, 37.61754], [-6.35886, 37.61862], [-6.39749, 37.61029], [-6.40942, 37.61419], [-6.41341, 37.61958], [-6.44317, 37.62337], [-6.44905, 37.6205], [-6.45641, 37.62322], [-6.46635, 37.61979], [-6.47346, 37.6227], [-6.47662, 37.61914], [-6.48286, 37.62119], [-6.48519, 37.61587], [-6.49004, 37.62137], [-6.49666, 37.61701], [-6.50099, 37.61973], [-6.49843, 37.62274], [-6.50094, 37.62131], [-6.50409, 37.62422], [-6.50848, 37.62109], [-6.5086, 37.62483], [-6.51128, 37.62227], [-6.51416, 37.62513], [-6.51981, 37.62071], [-6.52284, 37.62193], [-6.522, 37.61915], [-6.52818, 37.61574], [-6.53707, 37.62104], [-6.53851, 37.62666]]]}}, {"type": "Feature", "properties": {"ine_code": "41058", "name": "Mairena del Alcor", "province": "Sevilla"}, "geometry": {"type": "Polygon", "coordinates": [[[-5.81013, 37.38619], [-5.79388, 37.38818], [-5.77554, 37.39614], [-5.75111, 37.3951], [-5.70305, 37.36272], [-5.68816, 37.36075], [-5.69065, 37.35831], [-5.67353, 37.34589], [-5.68785, 37.33409], [-5.68827, 37.32972], [-5.6948, 37.32696], [-5.70298, 37.30539], [-5.71503, 37.3059], [-5.73332, 37.29719], [-5.7445, 37.30354], [-5.77438, 37.30746], [-5.77423, 37.31311], [-5.76363, 37.32782], [-5.76634, 37.32888], [-5.76788, 37.34101], [-5.81013, 37.38619]]]}}, {"type": "Feature", "properties": {"ine_code": "41059", "name": "Mairena del Aljarafe", "province": "Sevilla"}, "geometry": {"type": "Polygon", "coordinates": [[[-6.09136, 37.31763], [-6.09003, 37.32161], [-6.10481, 37.32091], [-6.11564, 37.3248], [-6.13265, 37.31987], [-6.13114, 37.32584], [-6.09352, 37.3277], [-6.09255, 37.34435], [-6.08401, 37.34898], [-6.07388, 37.34941], [-6.05047, 37.35935], [-6.03883, 37.35846], [-6.03348, 37.35491], [-6.0322, 37.34285], [-6.03511, 37.34084], [-6.03528, 37.32745], [-6.04166, 37.33222], [-6.04533, 37.33016], [-6.04996, 37.33281], [-6.05484, 37.32663], [-6.05982, 37.32903], [-6.06718, 37.32755], [-6.09136, 37.31763]]]}}, {"type": "Feature", "properties": {"ine_code": "41060", "name": "Marchena", "province": "Sevilla"}, "geometry": {"type": "Polygon", "coordinates": [[[-5.52088, 37.35733], [-5.5183, 37.37085], [-5.50882, 37.38939], [-5.50002, 37.39415], [-5.47597, 37.40063], [-5.4647, 37.39373], [-5.45286, 37.39326], [-5.42195, 37.40239], [-5.38787, 37.41865], [-5.32497, 37.4381], [-5.29633, 37.44238], [-5.28663, 37.42523], [-5.24794, 37.37461], [-5.25649, 37.35508], [-5.26031, 37.32672], [-5.2752, 37.30001], [-5.27506, 37.29282], [-5.26222, 37.27621], [-5.26116, 37.26522], [-5.28857, 37.23936], [-5.32898, 37.22243], [-5.34715, 37.20974], [-5.3543, 37.20951], [-5.37781, 37.21936], [-5.40563, 37.23515], [-5.41752, 37.23213], [-5.43636, 37.23761], [-5.44669, 37.23718], [-5.44658, 37.24158], [-5.43874, 37.24267], [-5.43552, 37.23951], [-5.42488, 37.24718], [-5.42182, 37.27722], [-5.45278, 37.30944], [-5.46428, 37.31245], [-5.4694, 37.32641], [-5.48423, 37.32763], [-5.48667, 37.33312], [-5.47805, 37.33929], [-5.4859, 37.33956], [-5.48881, 37.34466], [-5.50406, 37.34643], [-5.49873, 37.35234], [-5.50177, 37.35416], [-5.50816, 37.35312], [-5.52088, 37.35733]]]}}, {"type": "Feature", "properties": {"ine_code": "41061", "name": "Marinaleda", "province": "Sevilla"}, "geometry": {"type": "Polygon", "coordinates": [[[-4.98898, 37.36964], [-4.93597, 37.38679], [-4.91237, 37.40843], [-4.90192, 37.39233], [-4.90471, 37.38791], [-4.9005, 37.38394], [-4.90213, 37.37217], [-4.90543, 37.36871], [-4.92439, 37.37073], [-4.93299, 37.3675], [-4.93774, 37.36269], [-4.93267, 37.35649], [-4.94412, 37.3472], [-4.95883, 37.34454], [-4.9842, 37.34734], [-4.97992, 37.355], [-4.98898, 37.36964]]]}}, {"type": "Feature", "properties": {"ine_code": "41062", "name": "Martín de la Jara", "province": "Sevilla"}, "geometry": {"type": "Polygon", "coordinates": [[[-4.997, 37.16816], [-4.98272, 37.17046], [-4.98226, 37.17766], [-4.97517, 37.17904], [-4.97132, 37.17408], [-4.96039, 37.17058], [-4.95363, 37.16102], [-4.93656, 37.15657], [-4.90402, 37.13938], [-4.90828, 37.11528], [-4.93037, 37.09979], [-4.93623, 37.10043], [-4.95586, 37.09121], [-4.96676, 37.09013], [-4.96407, 37.09092], [-4.96719, 37.09691], [-4.97174, 37.09793], [-4.9738, 37.10164], [-4.97175, 37.10194], [-4.98301, 37.10961], [-4.97895, 37.12763], [-4.98898, 37.13269], [-4.98607, 37.13453], [-4.99031, 37.13563], [-4.98765, 37.1391], [-5.00124, 37.14122], [-5.00669, 37.14868], [-4.99975, 37.14951], [-5.00233, 37.15614], [-4.99609, 37.15788], [-4.99521, 37.16185], [-4.98977, 37.16028], [-4.997, 37.16816]]]}}, {"type": "Feature", "properties": {"ine_code": "41063", "name": "Los Molares", "province": "Sevilla"}, "geometry": {"type": "Polygon", "coordinates": [[[-5.69265, 37.18786], [-5.64949, 37.1873], [-5.63479, 37.15303], [-5.61847, 37.12736], [-5.65489, 37.13595], [-5.67269, 37.1483], [-5.70432, 37.14442], [-5.72161, 37.13692], [-5.75458, 37.16002], [-5.74995, 37.16043], [-5.74602, 37.16725], [-5.726, 37.17114], [-5.7263, 37.17397], [-5.71031, 37.17837], [-5.69265, 37.18786]]]}}, {"type": "Feature", "properties": {"ine_code": "41064", "name": "Montellano", "province": "Sevilla"}, "geometry": {"type": "Polygon", "coordinates": [[[-5.605, 37.06753], [-5.59697, 37.06666], [-5.59285, 37.07201], [-5.56666, 37.07456], [-5.5599, 37.06615], [-5.56109, 37.06343], [-5.53202, 37.05552], [-5.51742, 37.04671], [-5.4953, 37.01147], [-5.47024, 36.99164], [-5.47026, 36.98306], [-5.48143, 36.97237], [-5.49343, 36.97092], [-5.50234, 36.95832], [-5.51389, 36.95654], [-5.52479, 36.93733], [-5.53276, 36.93585], [-5.53577, 36.92998], [-5.54612, 36.93018], [-5.5507, 36.9223], [-5.58038, 36.96876], [-5.58961, 36.99289], [-5.60505, 37.01549], [-5.60553, 37.02937], [-5.6099, 37.03906], [-5.605, 37.06753]]]}}, {"type": "Feature", "properties": {"ine_code": "41065", "name": "Morón de la Frontera", "province": "Sevilla"}, "geometry": {"type": "Polygon", "coordinates": [[[-5.51099, 37.0336], [-5.51742, 37.04671], [-5.53202, 37.05552], [-5.56109, 37.06343], [-5.5599, 37.06615], [-5.56666, 37.07456], [-5.59285, 37.07201], [-5.5692, 37.08111], [-5.57186, 37.08673], [-5.56866, 37.09055], [-5.5718, 37.09485], [-5.56766, 37.09995], [-5.57278, 37.12164], [-5.57069, 37.12952], [-5.58292, 37.13235], [-5.58117, 37.13975], [-5.57267, 37.14108], [-5.57744, 37.15327], [-5.5447, 37.17562], [-5.53609, 37.17672], [-5.53803, 37.18497], [-5.53353, 37.18759], [-5.52384, 37.19007], [-5.52197, 37.188], [-5.49569, 37.18906], [-5.49281, 37.20239], [-5.47908, 37.19881], [-5.4828, 37.20855], [-5.46243, 37.21139], [-5.4398, 37.22511], [-5.43238, 37.22461], [-5.42974, 37.23475], [-5.41752, 37.23213], [-5.40241, 37.23421], [-5.3783, 37.21959], [-5.35184, 37.20934], [-5.35098, 37.19623], [-5.35901, 37.1898], [-5.36133, 37.16801], [-5.35039, 37.14458], [-5.3163, 37.1235], [-5.2988, 37.09657], [-5.27281, 37.08592], [-5.26647, 37.07841], [-5.24867, 37.06796], [-5.22437, 37.06053], [-5.2372, 37.05288], [-5.26068, 37.05155], [-5.27481, 37.04595], [-5.29163, 37.04669], [-5.33665, 37.01251], [-5.33965, 37.00456], [-5.34956, 37.00848], [-5.3524, 37.00695], [-5.36331, 37.01441], [-5.36135, 37.02373], [-5.3634, 37.02711], [-5.37627, 37.02263], [-5.38537, 37.03151], [-5.39471, 37.03463], [-5.3989, 37.04154], [-5.40485, 37.03635], [-5.40233, 37.02703], [-5.40496, 37.02461], [-5.39631, 37.01879], [-5.39797, 37.01293], [-5.40103, 37.01158], [-5.40746, 37.01708], [-5.42108, 37.01115], [-5.42143, 37.02446], [-5.42774, 37.04457], [-5.43369, 37.05245], [-5.44791, 37.05022], [-5.46269, 37.04123], [-5.47312, 37.04294], [-5.49688, 37.0397], [-5.51099, 37.0336]]]}}, {"type": "Feature", "properties": {"ine_code": "41066", "name": "Las Navas de la Concepción", "province": "Sevilla"}, "geometry": {"type": "Polygon", "coordinates": [[[-5.51764, 37.97509], [-5.49903, 37.99067], [-5.49371, 38.00012], [-5.478, 37.98357], [-5.47565, 37.97536], [-5.47129, 37.97459], [-5.47059, 37.97097], [-5.45288, 37.96731], [-5.4486, 37.96174], [-5.43589, 37.95791], [-5.4348, 37.95453], [-5.41559, 37.94284], [-5.41884, 37.93068], [-5.42189, 37.92799], [-5.42342, 37.93037], [-5.42492, 37.9259], [-5.41706, 37.92734], [-5.42098, 37.92434], [-5.41782, 37.92023], [-5.42315, 37.91709], [-5.4189, 37.917], [-5.41814, 37.90666], [-5.41506, 37.90581], [-5.41447, 37.90097], [-5.42273, 37.8894], [-5.41673, 37.88444], [-5.41564, 37.87911], [-5.41858, 37.87739], [-5.41512, 37.8753], [-5.41628, 37.86964], [-5.41168, 37.87137], [-5.40846, 37.8661], [-5.41462, 37.86456], [-5.42356, 37.86934], [-5.42824, 37.8685], [-5.42894, 37.87354], [-5.43406, 37.87799], [-5.42843, 37.88103], [-5.43372, 37.88338], [-5.43274, 37.88598], [-5.4359, 37.88311], [-5.43789, 37.88591], [-5.44163, 37.88458], [-5.44781, 37.8902], [-5.44662, 37.89515], [-5.4555, 37.89525], [-5.45957, 37.89947], [-5.46396, 37.90987], [-5.4695, 37.90914], [-5.47394, 37.91354], [-5.47735, 37.91172], [-5.48055, 37.91909], [-5.49047, 37.9223], [-5.49043, 37.92797], [-5.50455, 37.93326], [-5.50358, 37.94075], [-5.50922, 37.94848], [-5.51846, 37.95316], [-5.51721, 37.95763], [-5.5223, 37.96], [-5.5157, 37.96736], [-5.51764, 37.97509]]]}}, {"type": "Feature", "properties": {"ine_code": "41067", "name": "Olivares", "province": "Sevilla"}, "geometry": {"type": "Polygon", "coordinates": [[[-6.21686, 37.46127], [-6.19403, 37.5008], [-6.17447, 37.49995], [-6.1751, 37.49631], [-6.15855, 37.48587], [-6.12199, 37.47809], [-6.12392, 37.46452], [-6.14156, 37.43606], [-6.13565, 37.4256], [-6.14049, 37.41696], [-6.14469, 37.416], [-6.14581, 37.40855], [-6.15822, 37.40352], [-6.16821, 37.40391], [-6.17373, 37.41177], [-6.17265, 37.4146], [-6.16594, 37.41588], [-6.16038, 37.42473], [-6.16505, 37.44356], [-6.17176, 37.45102], [-6.17724, 37.46587], [-6.187, 37.46626], [-6.18738, 37.4606], [-6.1976, 37.45273], [-6.19326, 37.44196], [-6.19852, 37.43334], [-6.21484, 37.43814], [-6.21957, 37.44978], [-6.21686, 37.46127]]]}}, {"type": "Feature", "properties": {"ine_code": "41068", "name": "Osuna", "province": "Sevilla"}, "geometry": {"type": "Polygon", "coordinates": [[[-5.25718, 37.25635], [-5.26222, 37.27621], [-5.27506, 37.29282], [-5.2752, 37.30001], [-5.26031, 37.32672], [-5.25625, 37.35593], [-5.24255, 37.35635], [-5.23326, 37.34403], [-5.22963, 37.3464], [-5.22217, 37.34372], [-5.21444, 37.34507], [-5.21108, 37.33949], [-5.20422, 37.34352], [-5.20148, 37.34064], [-5.18691, 37.3456], [-5.19773, 37.36011], [-5.1947, 37.36247], [-5.19636, 37.36808], [-5.2076, 37.37548], [-5.2088, 37.38666], [-5.1742, 37.39276], [-5.16793, 37.38771], [-5.15073, 37.38306], [-5.11555, 37.38414], [-5.05757, 37.37166], [-5.02841, 37.37056], [-5.02655, 37.35854], [-5.03784, 37.3451], [-5.03329, 37.33818], [-5.03579, 37.32853], [-5.02751, 37.31193], [-5.02231, 37.31182], [-5.0146, 37.31861], [-5.00928, 37.32858], [-5.01096, 37.33408], [-5.00841, 37.33427], [-5.00843, 37.33792], [-5.00012, 37.33059], [-5.00177, 37.32761], [-4.98983, 37.32664], [-4.98972, 37.32329], [-4.99603, 37.31942], [-4.99466, 37.31356], [-5.00175, 37.30338], [-4.9959, 37.29441], [-5.00258, 37.28161], [-5.00608, 37.28133], [-5.00214, 37.27325], [-5.00809, 37.26093], [-5.00785, 37.25401], [-5.0058, 37.24663], [-4.99388, 37.23779], [-4.96586, 37.1811], [-4.98226, 37.17766], [-4.98272, 37.17046], [-5.00108, 37.16712], [-5.00993, 37.17173], [-5.01097, 37.17517], [-5.01533, 37.17508], [-5.01756, 37.17214], [-5.01247, 37.16607], [-5.01849, 37.16056], [-5.02984, 37.16238], [-5.03277, 37.15308], [-5.03937, 37.14909], [-5.04459, 37.15], [-5.04503, 37.14428], [-5.05337, 37.14308], [-5.05315, 37.14849], [-5.06027, 37.14899], [-5.0585, 37.14396], [-5.06115, 37.13997], [-5.05855, 37.13842], [-5.06917, 37.13321], [-5.07333, 37.13452], [-5.08227, 37.12364], [-5.09085, 37.12378], [-5.09181, 37.11246], [-5.10534, 37.11151], [-5.10639, 37.117], [-5.11507, 37.11663], [-5.11999, 37.11348], [-5.12158, 37.10556], [-5.13224, 37.1026], [-5.13873, 37.0908], [-5.15286, 37.08834], [-5.15709, 37.08257], [-5.1679, 37.08338], [-5.169, 37.09743], [-5.18769, 37.09837], [-5.19872, 37.10677], [-5.20332, 37.10473], [-5.20374, 37.11179], [-5.1987, 37.11432], [-5.20056, 37.11834], [-5.20633, 37.12286], [-5.20946, 37.11885], [-5.21279, 37.12271], [-5.21693, 37.1204], [-5.21492, 37.12618], [-5.21745, 37.13329], [-5.21166, 37.1402], [-5.20229, 37.14384], [-5.19843, 37.15552], [-5.2136, 37.17964], [-5.21106, 37.18892], [-5.21501, 37.19601], [-5.2146, 37.20283], [-5.23245, 37.21302], [-5.24367, 37.22518], [-5.24385, 37.23292], [-5.25261, 37.24452], [-5.24941, 37.25029], [-5.25718, 37.25635]]]}}, {"type": "Feature", "properties": {"ine_code": "41069", "name": "Los Palacios y Villafranca", "province": "Sevilla"}, "geometry": {"type": "Polygon", "coordinates": [[[-5.99647, 37.16386], [-5.95239, 37.1978], [-5.94898, 37.19683], [-5.92409, 37.20864], [-5.92237, 37.21249], [-5.90799, 37.21294], [-5.90401, 37.2035], [-5.87863, 37.1897], [-5.87446, 37.16975], [-5.84217, 37.14015], [-5.84747, 37.13103], [-5.8615, 37.11855], [-5.86009, 37.11575], [-5.91817, 37.10152], [-5.92885, 37.09106], [-5.92998, 37.08174], [-5.93691, 37.07844], [-5.94816, 37.10183], [-5.98663, 37.14413], [-5.99647, 37.16386]]]}}, {"type": "Feature", "properties": {"ine_code": "41070", "name": "Palomares del Río", "province": "Sevilla"}, "geometry": {"type": "Polygon", "coordinates": [[[-6.07844, 37.29686], [-6.09127, 37.31696], [-6.08765, 37.31707], [-6.08359, 37.32248], [-6.08162, 37.3208], [-6.05982, 37.32903], [-6.05484, 37.32663], [-6.04996, 37.33281], [-6.04533, 37.33016], [-6.04166, 37.33222], [-6.03528, 37.32745], [-6.03707, 37.32254], [-6.02712, 37.31342], [-6.03153, 37.30976], [-6.03276, 37.30045], [-6.04043, 37.29758], [-6.04964, 37.30414], [-6.07231, 37.30803], [-6.07844, 37.29686]]]}}, {"type": "Feature", "properties": {"ine_code": "41071", "name": "Paradas", "province": "Sevilla"}, "geometry": {"type": "Polygon", "coordinates": [[[-5.58481, 37.27612], [-5.56419, 37.30501], [-5.56694, 37.32198], [-5.522, 37.35159], [-5.52088, 37.35733], [-5.50816, 37.35312], [-5.50177, 37.35416], [-5.49873, 37.35234], [-5.50406, 37.34643], [-5.48881, 37.34466], [-5.4859, 37.33956], [-5.47805, 37.33929], [-5.48667, 37.33312], [-5.48423, 37.32763], [-5.4694, 37.32641], [-5.46428, 37.31245], [-5.45278, 37.30944], [-5.43744, 37.29078], [-5.42899, 37.28616], [-5.42182, 37.27722], [-5.42154, 37.26458], [-5.42719, 37.24364], [-5.43552, 37.23951], [-5.43874, 37.24267], [-5.44791, 37.23919], [-5.43043, 37.23631], [-5.42919, 37.2328], [-5.43208, 37.22924], [-5.52984, 37.25955], [-5.53351, 37.26108], [-5.53065, 37.26245], [-5.53554, 37.27117], [-5.5431, 37.27424], [-5.55032, 37.2687], [-5.58481, 37.27612]]]}}, {"type": "Feature", "properties": {"ine_code": "41072", "name": "Pedrera", "province": "Sevilla"}, "geometry": {"type": "Polygon", "coordinates": [[[-4.97463, 37.17876], [-4.96662, 37.18057], [-4.96173, 37.17369], [-4.95732, 37.17417], [-4.95985, 37.18113], [-4.95636, 37.18362], [-4.94996, 37.17797], [-4.94178, 37.17705], [-4.93701, 37.18401], [-4.94095, 37.18968], [-4.93509, 37.19343], [-4.93758, 37.19463], [-4.93582, 37.19643], [-4.93041, 37.19204], [-4.92399, 37.19339], [-4.92622, 37.20219], [-4.924, 37.20715], [-4.9304, 37.20646], [-4.93249, 37.21096], [-4.93077, 37.22651], [-4.92544, 37.23214], [-4.90252, 37.2367], [-4.89814, 37.23973], [-4.8969, 37.24913], [-4.88905, 37.24599], [-4.8848, 37.24606], [-4.88659, 37.24912], [-4.86815, 37.24943], [-4.86711, 37.24633], [-4.86326, 37.24712], [-4.86392, 37.25089], [-4.85893, 37.25148], [-4.86026, 37.24713], [-4.85416, 37.23412], [-4.84873, 37.23409], [-4.84739, 37.2293], [-4.83935, 37.22544], [-4.85878, 37.224], [-4.85335, 37.20894], [-4.86086, 37.20857], [-4.85824, 37.1998], [-4.85314, 37.19835], [-4.8537, 37.19369], [-4.8589, 37.19071], [-4.85589, 37.17821], [-4.86018, 37.17557], [-4.8567, 37.17357], [-4.8755, 37.15819], [-4.88045, 37.16327], [-4.8893, 37.1552], [-4.89762, 37.15603], [-4.9003, 37.15971], [-4.89611, 37.16733], [-4.90403, 37.17522], [-4.90511, 37.18186], [-4.90757, 37.17487], [-4.92193, 37.17501], [-4.92516, 37.17066], [-4.9396, 37.1757], [-4.94266, 37.15759], [-4.94598, 37.15738], [-4.97463, 37.17876]]]}}, {"type": "Feature", "properties": {"ine_code": "41073", "name": "El Pedroso", "province": "Sevilla"}, "geometry": {"type": "Polygon", "coordinates": [[[-5.91826, 37.82396], [-5.91182, 37.82573], [-5.9054, 37.82034], [-5.90083, 37.828], [-5.88761, 37.83421], [-5.88766, 37.84172], [-5.87626, 37.84164], [-5.87881, 37.84415], [-5.87533, 37.84897], [-5.87763, 37.85259], [-5.86852, 37.85781], [-5.8691, 37.86595], [-5.86324, 37.86857], [-5.86121, 37.86662], [-5.86272, 37.87071], [-5.8581, 37.87097], [-5.85616, 37.87579], [-5.84894, 37.87507], [-5.83719, 37.86568], [-5.83091, 37.86701], [-5.81742, 37.88288], [-5.803, 37.87952], [-5.79619, 37.88294], [-5.79087, 37.88003], [-5.78006, 37.88312], [-5.77943, 37.87868], [-5.75565, 37.86529], [-5.74465, 37.86638], [-5.73762, 37.85965], [-5.73019, 37.86298], [-5.72379, 37.86193], [-5.71128, 37.85416], [-5.7104, 37.84958], [-5.69907, 37.84041], [-5.69662, 37.8316], [-5.68702, 37.83046], [-5.68435, 37.82362], [-5.67839, 37.82782], [-5.67094, 37.82491], [-5.67684, 37.81164], [-5.68368, 37.80888], [-5.68602, 37.80062], [-5.67884, 37.79219], [-5.68098, 37.78533], [-5.6871, 37.78195], [-5.68477, 37.77998], [-5.68786, 37.77574], [-5.68439, 37.77086], [-5.68793, 37.76594], [-5.68146, 37.76291], [-5.67914, 37.75324], [-5.68633, 37.74987], [-5.68398, 37.74623], [-5.69219, 37.73719], [-5.70236, 37.73831], [-5.75881, 37.72679], [-5.79728, 37.70274], [-5.79208, 37.68732], [-5.83773, 37.68503], [-5.84321, 37.68997], [-5.86362, 37.6974], [-5.86469, 37.70624], [-5.88514, 37.71999], [-5.87846, 37.72774], [-5.87779, 37.74557], [-5.88592, 37.75011], [-5.88705, 37.75482], [-5.88327, 37.76121], [-5.8903, 37.76442], [-5.8963, 37.78217], [-5.90675, 37.78394], [-5.91064, 37.78918], [-5.907, 37.79799], [-5.90902, 37.80488], [-5.92239, 37.81032], [-5.92415, 37.81545], [-5.91826, 37.82396]]]}}, {"type": "Feature", "properties": {"ine_code": "41074", "name": "Peñaflor", "province": "Sevilla"}, "geometry": {"type": "Polygon", "coordinates": [[[-5.42436, 37.7521], [-5.40635, 37.75749], [-5.39297, 37.76664], [-5.35787, 37.76874], [-5.32945, 37.78192], [-5.32776, 37.77809], [-5.30922, 37.77389], [-5.30985, 37.76594], [-5.31464, 37.76489], [-5.31843, 37.75775], [-5.31236, 37.7523], [-5.30356, 37.72071], [-5.31114, 37.70963], [-5.30877, 37.70553], [-5.31638, 37.69514], [-5.33106, 37.69348], [-5.33641, 37.69951], [-5.33521, 37.70514], [-5.33863, 37.7063], [-5.36286, 37.6976], [-5.37027, 37.6877], [-5.37279, 37.67758], [-5.3841, 37.68017], [-5.39394, 37.69249], [-5.40824, 37.68958], [-5.41191, 37.68351], [-5.42163, 37.68858], [-5.41849, 37.69307], [-5.42312, 37.70446], [-5.41973, 37.7168], [-5.42968, 37.74025], [-5.42402, 37.74696], [-5.42436, 37.7521]]]}}, {"type": "Feature", "properties": {"ine_code": "41075", "name": "Pilas", "province": "Sevilla"}, "geometry": {"type": "Polygon", "coordinates": [[[-6.38457, 37.33749], [-6.37822, 37.34608], [-6.36869, 37.34944], [-6.35631, 37.33129], [-6.34421, 37.3261], [-6.34156, 37.32915], [-6.34149, 37.32551], [-6.33669, 37.32209], [-6.31955, 37.32874], [-6.31089, 37.32866], [-6.31128, 37.33461], [-6.30533, 37.3302], [-6.30152, 37.32122], [-6.29702, 37.32072], [-6.29616, 37.33685], [-6.27883, 37.34156], [-6.27349, 37.34165], [-6.27061, 37.33525], [-6.26337, 37.33573], [-6.26454, 37.33981], [-6.2605, 37.34011], [-6.26013, 37.33477], [-6.25246, 37.32756], [-6.27386, 37.31808], [-6.2907, 37.31904], [-6.29203, 37.31191], [-6.2851, 37.30137], [-6.2821, 37.28629], [-6.27653, 37.28127], [-6.27498, 37.2736], [-6.28329, 37.26773], [-6.30098, 37.26291], [-6.33162, 37.26423], [-6.33179, 37.26914], [-6.34255, 37.28103], [-6.333, 37.29869], [-6.34552, 37.314], [-6.38457, 37.33749]]]}}, {"type": "Feature", "properties": {"ine_code": "41076", "name": "Pruna", "province": "Sevilla"}, "geometry": {"type": "Polygon", "coordinates": [[[-5.3021, 37.03736], [-5.29163, 37.04669], [-5.27481, 37.04595], [-5.26068, 37.05155], [-5.2372, 37.05288], [-5.22398, 37.06068], [-5.19957, 37.0538], [-5.18379, 37.04824], [-5.17774, 37.04259], [-5.18136, 37.02934], [-5.17778, 37.01945], [-5.18862, 37.01001], [-5.18283, 37.00698], [-5.18141, 37.00094], [-5.16903, 36.99681], [-5.16535, 36.99068], [-5.15861, 36.98822], [-5.16264, 36.98142], [-5.18981, 36.96973], [-5.19166, 36.96641], [-5.20668, 36.96225], [-5.2259, 36.94184], [-5.23502, 36.94118], [-5.25673, 36.96404], [-5.26239, 36.97578], [-5.26828, 36.97843], [-5.27403, 36.99057], [-5.30022, 37.01374], [-5.3021, 37.03736]]]}}, {"type": "Feature", "properties": {"ine_code": "41077", "name": "La Puebla de Cazalla", "province": "Sevilla"}, "geometry": {"type": "Polygon", "coordinates": [[[-5.35184, 37.20934], [-5.34672, 37.20981], [-5.32898, 37.22243], [-5.2913, 37.23768], [-5.26022, 37.26464], [-5.25718, 37.25635], [-5.24941, 37.25029], [-5.25261, 37.24452], [-5.24385, 37.23292], [-5.24367, 37.22518], [-5.23245, 37.21302], [-5.2146, 37.20283], [-5.21501, 37.19601], [-5.21106, 37.18892], [-5.2136, 37.17964], [-5.19843, 37.15552], [-5.20229, 37.14384], [-5.21166, 37.1402], [-5.21783, 37.13229], [-5.21492, 37.12618], [-5.21724, 37.1156], [-5.21453, 37.10246], [-5.22064, 37.09073], [-5.21614, 37.07067], [-5.22293, 37.0615], [-5.24743, 37.06736], [-5.26647, 37.07841], [-5.27281, 37.08592], [-5.2988, 37.09657], [-5.3163, 37.1235], [-5.35039, 37.14458], [-5.36133, 37.16801], [-5.35901, 37.1898], [-5.35098, 37.19623], [-5.35184, 37.20934]]]}}, {"type": "Feature", "properties": {"ine_code": "41078", "name": "La Puebla de los Infantes", "province": "Sevilla"}, "geometry": {"type": "Polygon", "coordinates": [[[-5.42436, 37.7521], [-5.45763, 37.75719], [-5.47832, 37.7519], [-5.49213, 37.75421], [-5.51166, 37.75124], [-5.51389, 37.76404], [-5.51089, 37.77948], [-5.51471, 37.78824], [-5.51272, 37.80021], [-5.49781, 37.82464], [-5.49529, 37.83515], [-5.49061, 37.83642], [-5.48614, 37.85229], [-5.43345, 37.86929], [-5.42435, 37.86951], [-5.41902, 37.86512], [-5.39974, 37.86362], [-5.38314, 37.85189], [-5.36816, 37.84964], [-5.36051, 37.84343], [-5.34476, 37.84017], [-5.346, 37.83563], [-5.33947, 37.83105], [-5.34515, 37.82692], [-5.34185, 37.82179], [-5.34738, 37.81189], [-5.34909, 37.79418], [-5.34323, 37.78892], [-5.33017, 37.78511], [-5.32913, 37.78208], [-5.35787, 37.76874], [-5.39297, 37.76664], [-5.40635, 37.75749], [-5.42436, 37.7521]]]}}, {"type": "Feature", "properties": {"ine_code": "41079", "name": "La Puebla del Río", "province": "Sevilla"}, "geometry": {"type": "Polygon", "coordinates": [[[-6.27529, 36.91093], [-6.2669, 36.9445], [-6.27163, 36.95174], [-6.28968, 36.95974], [-6.29009, 36.9846], [-6.27866, 36.99495], [-6.26205, 36.99005], [-6.25297, 36.99311], [-6.25246, 36.99956], [-6.26195, 37.01092], [-6.25192, 37.02759], [-6.24443, 37.03309], [-6.23632, 37.03405], [-6.2325, 37.03224], [-6.22863, 37.02179], [-6.22114, 37.0203], [-6.21458, 37.02335], [-6.20156, 37.03766], [-6.15445, 37.03722], [-6.15029, 37.04852], [-6.12037, 37.07161], [-6.12617, 37.08247], [-6.14787, 37.10069], [-6.14692, 37.10495], [-6.16309, 37.1269], [-6.10939, 37.17659], [-6.10697, 37.19372], [-6.10914, 37.19863], [-6.11614, 37.20152], [-6.13772, 37.17511], [-6.14465, 37.17663], [-6.15185, 37.17335], [-6.17531, 37.18061], [-6.177, 37.18757], [-6.19423, 37.19281], [-6.19557, 37.20839], [-6.19304, 37.22565], [-6.18556, 37.24274], [-6.18679, 37.24742], [-6.18143, 37.25577], [-6.1742, 37.25406], [-6.16756, 37.25925], [-6.15417, 37.2554], [-6.14166, 37.25781], [-6.13866, 37.2759], [-6.14252, 37.28837], [-6.13877, 37.29791], [-6.13136, 37.30337], [-6.12074, 37.30294], [-6.10839, 37.28942], [-6.08839, 37.28674], [-6.08004, 37.27999], [-6.05331, 37.27253], [-6.06128, 37.25404], [-6.05359, 37.22802], [-6.07736, 37.20863], [-6.07499, 37.20452], [-6.06586, 37.20476], [-6.05793, 37.21636], [-6.0532, 37.21661], [-6.05178, 37.2092], [-6.05577, 37.19502], [-6.03957, 37.19537], [-6.03395, 37.18162], [-6.02681, 37.17438], [-6.0296, 37.16723], [-6.04828, 37.16482], [-6.06116, 37.15936], [-6.06315, 37.15581], [-6.05622, 37.15051], [-6.0397, 37.1504], [-6.03792, 37.14357], [-6.04862, 37.13178], [-6.0312, 37.12725], [-6.02662, 37.12265], [-6.02911, 37.11647], [-6.04224, 37.1084], [-6.03575, 37.08921], [-6.04408, 37.05744], [-6.05339, 37.05414], [-6.07196, 37.05883], [-6.07501, 37.06099], [-6.07501, 37.07298], [-6.08426, 37.07544], [-6.10792, 37.04459], [-6.12183, 37.03613], [-6.14732, 37.02773], [-6.15592, 37.02058], [-6.18847, 36.9395], [-6.20307, 36.91535], [-6.23126, 36.89709], [-6.24723, 36.89236], [-6.26132, 36.8957], [-6.27529, 36.91093]]]}}, {"type": "Feature", "properties": {"ine_code": "41080", "name": "El Real de la Jara", "province": "Sevilla"}, "geometry": {"type": "Polygon", "coordinates": [[[-6.18024, 37.94103], [-6.16794, 37.95194], [-6.16782, 37.95582], [-6.15381, 37.95765], [-6.14878, 37.96201], [-6.14899, 37.96632], [-6.14238, 37.96582], [-6.13733, 37.97181], [-6.11531, 37.98177], [-6.07785, 37.98463], [-6.05608, 37.99176], [-6.05077, 37.99697], [-6.04027, 37.99491], [-6.03075, 37.99759], [-6.0171, 37.99112], [-6.01305, 37.9934], [-6.00628, 37.99141], [-5.9935, 37.99955], [-5.96092, 37.99975], [-5.95259, 37.99408], [-5.95408, 37.9847], [-5.96016, 37.97729], [-5.95916, 37.96842], [-5.93853, 37.96068], [-5.94653, 37.95507], [-5.94062, 37.94547], [-5.94317, 37.93891], [-5.93827, 37.93515], [-5.94467, 37.92629], [-5.93431, 37.92134], [-5.93112, 37.91493], [-5.94131, 37.91661], [-5.94118, 37.91153], [-5.94849, 37.91009], [-5.95268, 37.90573], [-6.00665, 37.92112], [-6.03896, 37.91612], [-6.06939, 37.92116], [-6.10276, 37.91697], [-6.12406, 37.90317], [-6.13188, 37.90855], [-6.1382, 37.90841], [-6.14571, 37.92069], [-6.15127, 37.91603], [-6.15187, 37.91954], [-6.15709, 37.91661], [-6.1643, 37.91778], [-6.16668, 37.90882], [-6.1706, 37.91002], [-6.18474, 37.92802], [-6.18024, 37.94103]]]}}, {"type": "Feature", "properties": {"ine_code": "41081", "name": "La Rinconada", "province": "Sevilla"}, "geometry": {"type": "Polygon", "coordinates": [[[-5.81841, 37.39871], [-5.84074, 37.39578], [-5.86599, 37.40207], [-5.8867, 37.42703], [-5.90553, 37.44392], [-5.91758, 37.44769], [-5.94926, 37.45294], [-6.00067, 37.44819], [-6.00959, 37.44279], [-6.00418, 37.45884], [-5.98989, 37.46206], [-5.98222, 37.46912], [-5.99669, 37.47621], [-6.00441, 37.48427], [-6.00491, 37.48866], [-5.98558, 37.50597], [-5.97682, 37.5019], [-5.97653, 37.48992], [-5.95434, 37.48692], [-5.95072, 37.49324], [-5.95894, 37.49346], [-5.963, 37.49802], [-5.94436, 37.50067], [-5.9424, 37.50333], [-5.94715, 37.513], [-5.92839, 37.51728], [-5.90871, 37.53576], [-5.8856, 37.5434], [-5.88425, 37.53766], [-5.87446, 37.53444], [-5.87387, 37.52887], [-5.86009, 37.52081], [-5.85723, 37.51238], [-5.84012, 37.49894], [-5.81756, 37.42478], [-5.81841, 37.39871]]]}}, {"type": "Feature", "properties": {"ine_code": "41082", "name": "La Roda de Andalucía", "province": "Sevilla"}, "geometry": {"type": "Polygon", "coordinates": [[[-4.78544, 37.15609], [-4.79123, 37.16008], [-4.79158, 37.15486], [-4.79525, 37.1541], [-4.8012, 37.16012], [-4.79892, 37.17213], [-4.80403, 37.1733], [-4.8061, 37.17055], [-4.81433, 37.17962], [-4.82222, 37.17897], [-4.82769, 37.18688], [-4.81871, 37.1919], [-4.82222, 37.19552], [-4.81918, 37.19749], [-4.82564, 37.20047], [-4.85768, 37.19946], [-4.86086, 37.20857], [-4.84249, 37.2091], [-4.83942, 37.21282], [-4.8278, 37.20985], [-4.82972, 37.21722], [-4.82357, 37.22155], [-4.82932, 37.22832], [-4.78634, 37.22745], [-4.7878, 37.24565], [-4.78128, 37.26911], [-4.73343, 37.25003], [-4.73575, 37.24483], [-4.73191, 37.24277], [-4.71795, 37.23989], [-4.73231, 37.22615], [-4.72721, 37.21111], [-4.71127, 37.20687], [-4.71363, 37.2017], [-4.70861, 37.19769], [-4.73302, 37.1849], [-4.76002, 37.17726], [-4.76165, 37.17098], [-4.77984, 37.16668], [-4.78108, 37.15979], [-4.78544, 37.15609]]]}}, {"type": "Feature", "properties": {"ine_code": "41083", "name": "El Ronquillo", "province": "Sevilla"}, "geometry": {"type": "Polygon", "coordinates": [[[-6.23455, 37.73864], [-6.22729, 37.74158], [-6.22702, 37.73889], [-6.2225, 37.73934], [-6.21717, 37.74355], [-6.21983, 37.75518], [-6.20483, 37.76603], [-6.20874, 37.76947], [-6.21414, 37.79404], [-6.2024, 37.80553], [-6.18506, 37.80973], [-6.17787, 37.79846], [-6.17198, 37.7985], [-6.17285, 37.79591], [-6.16776, 37.79579], [-6.16742, 37.79279], [-6.16311, 37.79423], [-6.15725, 37.79066], [-6.15298, 37.79493], [-6.14711, 37.79371], [-6.143, 37.78731], [-6.13462, 37.78898], [-6.13297, 37.78541], [-6.13628, 37.78065], [-6.13245, 37.76953], [-6.13551, 37.76432], [-6.12872, 37.76028], [-6.13038, 37.75339], [-6.14, 37.74964], [-6.13561, 37.73181], [-6.13087, 37.72724], [-6.12755, 37.73151], [-6.12407, 37.73097], [-6.12047, 37.72171], [-6.12574, 37.71775], [-6.12316, 37.71375], [-6.15019, 37.71975], [-6.16628, 37.71059], [-6.18597, 37.7093], [-6.18539, 37.69973], [-6.18098, 37.69689], [-6.18224, 37.68773], [-6.17886, 37.67205], [-6.18767, 37.67078], [-6.19716, 37.67374], [-6.18959, 37.67864], [-6.19181, 37.68824], [-6.20291, 37.68655], [-6.20291, 37.69409], [-6.2155, 37.72144], [-6.22539, 37.72719], [-6.23455, 37.73864]]]}}, {"type": "Feature", "properties": {"ine_code": "41084", "name": "El Rubio", "province": "Sevilla"}, "geometry": {"type": "Polygon", "coordinates": [[[-4.98983, 37.32664], [-5.00177, 37.32761], [-5.00012, 37.33059], [-5.00843, 37.33792], [-5.00841, 37.33427], [-5.01096, 37.33408], [-5.00928, 37.32858], [-5.0146, 37.31861], [-5.02231, 37.31182], [-5.02751, 37.31193], [-5.03579, 37.32853], [-5.03329, 37.33818], [-5.03784, 37.3451], [-5.02655, 37.35854], [-5.02841, 37.37056], [-4.98655, 37.36748], [-4.97992, 37.355], [-4.98729, 37.34425], [-4.98983, 37.32664]]]}}, {"type": "Feature", "properties": {"ine_code": "41085", "name": "Salteras", "province": "Sevilla"}, "geometry": {"type": "MultiPolygon", "coordinates": [[[[-6.02403, 37.44861], [-6.02479, 37.44648], [-6.02513, 37.44847], [-6.02403, 37.44861]]], [[[-6.14478, 37.41043], [-6.14469, 37.416], [-6.14049, 37.41696], [-6.13561, 37.42584], [-6.14156, 37.43606], [-6.12392, 37.46452], [-6.12199, 37.47809], [-6.11324, 37.47747], [-6.11291, 37.4744], [-6.10801, 37.47711], [-6.1097, 37.4844], [-6.09758, 37.49725], [-6.08575, 37.5029], [-6.07165, 37.49103], [-6.05895, 37.4991], [-6.04239, 37.4908], [-6.02683, 37.49102], [-6.0256, 37.48858], [-6.02978, 37.48387], [-6.02448, 37.47899], [-6.03067, 37.47451], [-6.03485, 37.47616], [-6.03455, 37.46884], [-6.04073, 37.45408], [-6.03746, 37.451], [-6.0334, 37.45216], [-6.03269, 37.44929], [-6.03054, 37.45332], [-6.02547, 37.45305], [-6.02914, 37.44381], [-6.02319, 37.4275], [-6.02759, 37.42422], [-6.03865, 37.44265], [-6.04079, 37.45233], [-6.05422, 37.45091], [-6.06055, 37.45177], [-6.06319, 37.45651], [-6.09114, 37.45713], [-6.09595, 37.45105], [-6.09128, 37.44501], [-6.09463, 37.44171], [-6.09101, 37.42688], [-6.10128, 37.4054], [-6.11907, 37.39461], [-6.12866, 37.39787], [-6.12526, 37.405], [-6.12015, 37.40626], [-6.12399, 37.41544], [-6.14478, 37.41043]]]]}}, {"type": "Feature", "properties": {"ine_code": "41086", "name": "San Juan de Aznalfarache", "province": "Sevilla"}, "geometry": {"type": "Polygon", "coordinates": [[[-6.0332, 37.34877], [-6.03348, 37.35491], [-6.03883, 37.35846], [-6.05493, 37.35871], [-6.04696, 37.36049], [-6.0362, 37.36811], [-6.03558, 37.37301], [-6.02675, 37.37513], [-6.02244, 37.37959], [-6.01998, 37.37093], [-6.02268, 37.35011], [-6.0332, 37.34877]]]}}, {"type": "Feature", "properties": {"ine_code": "41087", "name": "Sanlúcar la Mayor", "province": "Sevilla"}, "geometry": {"type": "Polygon", "coordinates": [[[-6.33073, 37.41543], [-6.32146, 37.42057], [-6.31255, 37.41864], [-6.31124, 37.42296], [-6.30559, 37.42581], [-6.30587, 37.43588], [-6.3223, 37.45411], [-6.29314, 37.4625], [-6.27767, 37.46367], [-6.25885, 37.4716], [-6.23995, 37.46777], [-6.2286, 37.48322], [-6.22682, 37.50959], [-6.22322, 37.50986], [-6.22147, 37.51954], [-6.22388, 37.52867], [-6.23221, 37.53931], [-6.23398, 37.54713], [-6.2375, 37.54612], [-6.24559, 37.55653], [-6.24903, 37.55528], [-6.25378, 37.55856], [-6.25531, 37.56299], [-6.26045, 37.56104], [-6.26361, 37.56774], [-6.262, 37.57754], [-6.2652, 37.57928], [-6.26223, 37.58125], [-6.26731, 37.58892], [-6.26398, 37.589], [-6.26178, 37.59629], [-6.25588, 37.59967], [-6.25732, 37.62855], [-6.25477, 37.62789], [-6.24654, 37.62244], [-6.24098, 37.61167], [-6.23318, 37.60505], [-6.23224, 37.59459], [-6.22795, 37.58766], [-6.22817, 37.57524], [-6.23457, 37.56186], [-6.22797, 37.55488], [-6.21754, 37.53239], [-6.21737, 37.52607], [-6.20709, 37.51841], [-6.19796, 37.49666], [-6.20905, 37.47173], [-6.21642, 37.46276], [-6.21957, 37.44978], [-6.21783, 37.44458], [-6.21484, 37.43814], [-6.20125, 37.43216], [-6.19388, 37.43987], [-6.18506, 37.4221], [-6.17765, 37.42167], [-6.16948, 37.41571], [-6.17373, 37.41199], [-6.1676, 37.40488], [-6.17337, 37.38469], [-6.1857, 37.37787], [-6.191, 37.36651], [-6.18198, 37.35769], [-6.1836, 37.35527], [-6.18952, 37.35651], [-6.19282, 37.36286], [-6.20468, 37.36358], [-6.21139, 37.35929], [-6.22447, 37.36157], [-6.22319, 37.3659], [-6.22741, 37.36675], [-6.23024, 37.37516], [-6.24798, 37.38392], [-6.24973, 37.39289], [-6.25281, 37.39482], [-6.28178, 37.39979], [-6.31134, 37.39448], [-6.33073, 37.41543]]]}}, {"type": "Feature", "properties": {"ine_code": "41088", "name": "San Nicolás del Puerto", "province": "Sevilla"}, "geometry": {"type": "Polygon", "coordinates": [[[-5.57638, 37.98121], [-5.61584, 37.95076], [-5.62991, 37.94555], [-5.6527, 37.94309], [-5.67436, 37.95408], [-5.6831, 37.95063], [-5.6792, 37.95675], [-5.67087, 37.95656], [-5.66075, 37.96222], [-5.67289, 37.98354], [-5.67067, 37.99433], [-5.66566, 37.99782], [-5.66526, 38.00768], [-5.65892, 38.01162], [-5.63588, 38.00897], [-5.61519, 38.02074], [-5.60272, 38.01441], [-5.59954, 37.98665], [-5.58922, 37.98672], [-5.57638, 37.98121]]]}}, {"type": "Feature", "properties": {"ine_code": "41089", "name": "Santiponce", "province": "Sevilla"}, "geometry": {"type": "Polygon", "coordinates": [[[-6.01439, 37.41295], [-6.03341, 37.42835], [-6.0557, 37.43278], [-6.0631, 37.45411], [-6.05422, 37.45091], [-6.04079, 37.45233], [-6.03865, 37.44265], [-6.02898, 37.42603], [-6.02759, 37.42422], [-6.02319, 37.4275], [-6.01954, 37.41989], [-6.01237, 37.42183], [-6.01407, 37.43964], [-6.01133, 37.44304], [-6.00527, 37.43172], [-5.99088, 37.42437], [-6.01439, 37.41295]]]}}, {"type": "Feature", "properties": {"ine_code": "41090", "name": "El Saucejo", "province": "Sevilla"}, "geometry": {"type": "Polygon", "coordinates": [[[-5.13564, 37.03854], [-5.14573, 37.04887], [-5.14502, 37.05269], [-5.13784, 37.05364], [-5.14056, 37.05887], [-5.14513, 37.05792], [-5.14441, 37.062], [-5.15427, 37.06073], [-5.15619, 37.06322], [-5.15493, 37.06986], [-5.15249, 37.07263], [-5.14914, 37.07142], [-5.1532, 37.07499], [-5.15137, 37.07609], [-5.15984, 37.07949], [-5.16789, 37.07], [-5.17684, 37.07576], [-5.17218, 37.07909], [-5.18421, 37.07843], [-5.18369, 37.08408], [-5.17595, 37.09138], [-5.16917, 37.09308], [-5.16716, 37.08317], [-5.15709, 37.08257], [-5.15286, 37.08834], [-5.13873, 37.0908], [-5.13224, 37.1026], [-5.12158, 37.10556], [-5.11999, 37.11348], [-5.11593, 37.11623], [-5.10639, 37.117], [-5.10534, 37.11151], [-5.09181, 37.11246], [-5.09085, 37.12378], [-5.08019, 37.12466], [-5.07304, 37.13467], [-5.06917, 37.13321], [-5.07159, 37.12291], [-5.06802, 37.12107], [-5.06832, 37.11751], [-5.06178, 37.11914], [-5.05766, 37.11158], [-5.04042, 37.11588], [-5.03701, 37.11209], [-5.05222, 37.10303], [-5.04014, 37.10582], [-5.04954, 37.09625], [-5.0497, 37.0848], [-5.05279, 37.08308], [-5.02038, 37.08814], [-5.02589, 37.08227], [-5.02732, 37.06753], [-5.03465, 37.06184], [-5.02408, 37.04598], [-5.02796, 37.04407], [-5.03358, 37.04893], [-5.04679, 37.03995], [-5.05309, 37.0306], [-5.08339, 37.03142], [-5.10337, 37.02569], [-5.1122, 37.01949], [-5.11358, 37.02533], [-5.11753, 37.02392], [-5.11937, 37.02891], [-5.12284, 37.02769], [-5.12647, 37.04063], [-5.1323, 37.04176], [-5.13564, 37.03854]]]}}, {"type": "Feature", "properties": {"ine_code": "41091", "name": "Sevilla", "province": "Sevilla"}, "geometry": {"type": "MultiPolygon", "coordinates": [[[[-6.01512, 37.3144], [-6.02844, 37.30298], [-6.03276, 37.30045], [-6.03153, 37.30976], [-6.01785, 37.31709], [-6.01512, 37.3144]]], [[[-6.02774, 37.4428], [-6.02365, 37.44615], [-6.00959, 37.44279], [-6.00067, 37.44819], [-5.94926, 37.45294], [-5.91758, 37.44769], [-5.90553, 37.44392], [-5.8867, 37.42703], [-5.86624, 37.40221], [-5.84074, 37.39578], [-5.81841, 37.39871], [-5.81904, 37.39009], [-5.8409, 37.38681], [-5.88748, 37.38646], [-5.90395, 37.37706], [-5.94507, 37.36736], [-5.94807, 37.36569], [-5.9387, 37.36204], [-5.96899, 37.31342], [-6.00126, 37.31973], [-6.01532, 37.32934], [-6.02199, 37.33922], [-6.02254, 37.36431], [-6.01998, 37.37093], [-6.02501, 37.39065], [-6.01556, 37.40055], [-6.01231, 37.41578], [-5.99601, 37.42013], [-5.99088, 37.42437], [-6.00527, 37.43172], [-6.01133, 37.44304], [-6.01407, 37.43964], [-6.01237, 37.42183], [-6.0201, 37.42014], [-6.02826, 37.43765], [-6.02774, 37.4428]]]]}}, {"type": "Feature", "properties": {"ine_code": "41092", "name": "Tocina", "province": "Sevilla"}, "geometry": {"type": "Polygon", "coordinates": [[[-5.75123, 37.61635], [-5.73934, 37.61758], [-5.73043, 37.63112], [-5.71659, 37.63082], [-5.71124, 37.62318], [-5.71407, 37.60311], [-5.70469, 37.59761], [-5.70775, 37.59102], [-5.6995, 37.58603], [-5.73068, 37.58799], [-5.75053, 37.58495], [-5.75579, 37.60533], [-5.75123, 37.61635]]]}}, {"type": "Feature", "properties": {"ine_code": "41093", "name": "Tomares", "province": "Sevilla"}, "geometry": {"type": "Polygon", "coordinates": [[[-6.06278, 37.37668], [-6.05166, 37.38191], [-6.03457, 37.38078], [-6.03128, 37.3768], [-6.02244, 37.37959], [-6.02675, 37.37513], [-6.03558, 37.37301], [-6.0362, 37.36811], [-6.04696, 37.36049], [-6.05587, 37.35796], [-6.06055, 37.3595], [-6.0586, 37.36292], [-6.06278, 37.37668]]]}}, {"type": "Feature", "properties": {"ine_code": "41094", "name": "Umbrete", "province": "Sevilla"}, "geometry": {"type": "MultiPolygon", "coordinates": [[[[-6.21064, 37.28447], [-6.20028, 37.29579], [-6.19093, 37.29136], [-6.18944, 37.28377], [-6.19235, 37.27642], [-6.19983, 37.27225], [-6.20577, 37.27584], [-6.21064, 37.28447]]], [[[-6.17841, 37.34679], [-6.18497, 37.36329], [-6.191, 37.36651], [-6.1857, 37.37787], [-6.17337, 37.38469], [-6.17138, 37.38087], [-6.16443, 37.38125], [-6.15487, 37.37679], [-6.15156, 37.36353], [-6.15448, 37.36175], [-6.15468, 37.36374], [-6.1571, 37.36521], [-6.15865, 37.36458], [-6.15351, 37.35917], [-6.15674, 37.35341], [-6.17841, 37.34679]]]]}}, {"type": "Feature", "properties": {"ine_code": "41095", "name": "Utrera", "province": "Sevilla"}, "geometry": {"type": "Polygon", "coordinates": [[[-5.83179, 36.91565], [-5.83958, 36.92497], [-5.83474, 36.93109], [-5.83487, 36.93757], [-5.80902, 36.94888], [-5.80777, 36.95196], [-5.81255, 36.95672], [-5.8155, 36.96748], [-5.82626, 36.97818], [-5.82736, 36.98559], [-5.84529, 36.99222], [-5.86958, 37.02579], [-5.88208, 37.03247], [-5.89469, 37.03487], [-5.90538, 37.04271], [-5.92076, 37.04322], [-5.92195, 37.04834], [-5.94673, 37.05689], [-6.0298, 37.07445], [-6.03778, 37.07865], [-6.03576, 37.09003], [-6.04224, 37.1084], [-6.02911, 37.11647], [-6.02662, 37.12265], [-6.0312, 37.12725], [-6.04887, 37.13268], [-6.03909, 37.14151], [-6.0397, 37.1504], [-6.03451, 37.15373], [-5.99647, 37.16386], [-5.98663, 37.14413], [-5.94816, 37.10183], [-5.93691, 37.07844], [-5.92998, 37.08174], [-5.92885, 37.09106], [-5.91817, 37.10152], [-5.86009, 37.11575], [-5.8615, 37.11855], [-5.84747, 37.13103], [-5.84217, 37.14015], [-5.87446, 37.16975], [-5.87863, 37.1897], [-5.90401, 37.2035], [-5.90816, 37.20868], [-5.90787, 37.21349], [-5.90609, 37.20868], [-5.90238, 37.2086], [-5.87815, 37.22112], [-5.85057, 37.22531], [-5.84487, 37.23361], [-5.84863, 37.23851], [-5.84292, 37.24301], [-5.83964, 37.23429], [-5.83492, 37.23756], [-5.83336, 37.23444], [-5.82733, 37.23617], [-5.82364, 37.23251], [-5.79606, 37.24037], [-5.78201, 37.25313], [-5.77498, 37.2501], [-5.76261, 37.25085], [-5.75907, 37.24773], [-5.76126, 37.24154], [-5.75397, 37.23179], [-5.73746, 37.23831], [-5.72092, 37.22632], [-5.72035, 37.2218], [-5.72836, 37.20816], [-5.72321, 37.19996], [-5.71393, 37.19415], [-5.69504, 37.19034], [-5.69182, 37.18676], [-5.7263, 37.17397], [-5.726, 37.17114], [-5.73565, 37.16755], [-5.74602, 37.16725], [-5.74995, 37.16043], [-5.75458, 37.16002], [-5.72161, 37.13692], [-5.70432, 37.14442], [-5.67269, 37.1483], [-5.65489, 37.13595], [-5.63451, 37.13281], [-5.61847, 37.12736], [-5.61603, 37.12375], [-5.61178, 37.10941], [-5.65365, 37.11273], [-5.65834, 37.1036], [-5.66368, 37.10446], [-5.67157, 37.09164], [-5.67168, 37.0855], [-5.67852, 37.07962], [-5.67892, 37.04754], [-5.60852, 36.98431], [-5.61242, 36.9815], [-5.61357, 36.97487], [-5.59695, 36.96461], [-5.58815, 36.94689], [-5.59492, 36.94467], [-5.60628, 36.95079], [-5.61025, 36.94142], [-5.61809, 36.94016], [-5.62614, 36.95444], [-5.63283, 36.9506], [-5.64967, 36.95432], [-5.66795, 36.97595], [-5.69461, 36.95678], [-5.69618, 36.93528], [-5.7032, 36.9256], [-5.71324, 36.92058], [-5.72713, 36.9215], [-5.73631, 36.91822], [-5.74402, 36.92294], [-5.763, 36.92572], [-5.80393, 36.92552], [-5.83179, 36.91565]], [[-5.83393, 37.07633], [-5.81148, 37.06679], [-5.81881, 37.06294], [-5.81136, 37.05609], [-5.81389, 37.04971], [-5.82465, 37.04266], [-5.82114, 37.02876], [-5.78896, 37.02015], [-5.78304, 37.0155], [-5.78863, 37.02955], [-5.77417, 37.03395], [-5.77065, 37.02502], [-5.76325, 37.0248], [-5.76508, 37.03384], [-5.75812, 37.03453], [-5.75445, 37.04211], [-5.74519, 37.04913], [-5.74413, 37.0564], [-5.7405, 37.05919], [-5.74349, 37.06004], [-5.75193, 37.04801], [-5.7569, 37.05144], [-5.76328, 37.05073], [-5.76324, 37.05534], [-5.75665, 37.05461], [-5.76249, 37.06067], [-5.75239, 37.05671], [-5.74606, 37.05904], [-5.7488, 37.06412], [-5.75872, 37.06199], [-5.77612, 37.07783], [-5.78411, 37.07509], [-5.78617, 37.08187], [-5.78418, 37.08399], [-5.79432, 37.09357], [-5.81212, 37.07544], [-5.82254, 37.08018], [-5.83393, 37.07633]]]}}, {"type": "Feature", "properties": {"ine_code": "41096", "name": "Valencina de la Concepción", "province": "Sevilla"}, "geometry": {"type": "Polygon", "coordinates": [[[-6.10685, 37.40161], [-6.10111, 37.40562], [-6.09101, 37.42688], [-6.09463, 37.44171], [-6.09128, 37.44501], [-6.09595, 37.45105], [-6.09114, 37.45713], [-6.06319, 37.45651], [-6.0557, 37.43278], [-6.03341, 37.42835], [-6.03025, 37.42384], [-6.04368, 37.41541], [-6.05916, 37.41117], [-6.06233, 37.40579], [-6.06087, 37.39317], [-6.06449, 37.38979], [-6.07488, 37.39582], [-6.07764, 37.39349], [-6.08823, 37.39434], [-6.08906, 37.39973], [-6.10685, 37.40161]]]}}, {"type": "Feature", "properties": {"ine_code": "41097", "name": "Villamanrique de la Condesa", "province": "Sevilla"}, "geometry": {"type": "Polygon", "coordinates": [[[-6.29291, 37.26649], [-6.28553, 37.26118], [-6.26841, 37.26839], [-6.26168, 37.26207], [-6.26978, 37.25518], [-6.26853, 37.24736], [-6.27278, 37.24507], [-6.27089, 37.24147], [-6.27941, 37.24095], [-6.28209, 37.22929], [-6.30498, 37.18705], [-6.33612, 37.16962], [-6.35056, 37.18056], [-6.35243, 37.18973], [-6.35333, 37.19921], [-6.34512, 37.21614], [-6.35976, 37.23759], [-6.35124, 37.24961], [-6.3543, 37.25448], [-6.35313, 37.25875], [-6.34893, 37.26612], [-6.33708, 37.27474], [-6.33179, 37.26914], [-6.33162, 37.26423], [-6.30098, 37.26291], [-6.29291, 37.26649]]]}}, {"type": "Feature", "properties": {"ine_code": "41098", "name": "Villanueva del Ariscal", "province": "Sevilla"}, "geometry": {"type": "Polygon", "coordinates": [[[-6.17058, 37.39363], [-6.16836, 37.40393], [-6.15814, 37.40354], [-6.14549, 37.40911], [-6.1328, 37.40524], [-6.13183, 37.39928], [-6.13619, 37.39659], [-6.13455, 37.39316], [-6.14715, 37.39045], [-6.17058, 37.39363]]]}}, {"type": "Feature", "properties": {"ine_code": "41099", "name": "Villanueva del Río y Minas", "province": "Sevilla"}, "geometry": {"type": "Polygon", "coordinates": [[[-5.79208, 37.68732], [-5.79728, 37.70274], [-5.75881, 37.72679], [-5.73617, 37.73247], [-5.70187, 37.73506], [-5.6998, 37.73257], [-5.70213, 37.72644], [-5.6975, 37.72291], [-5.7011, 37.71391], [-5.69638, 37.71557], [-5.69234, 37.7108], [-5.69727, 37.70399], [-5.67614, 37.70405], [-5.6378, 37.72133], [-5.61588, 37.71983], [-5.61437, 37.71424], [-5.61683, 37.70476], [-5.61495, 37.70045], [-5.63349, 37.68678], [-5.63972, 37.67727], [-5.66701, 37.66505], [-5.67538, 37.65577], [-5.68858, 37.62674], [-5.68798, 37.62361], [-5.67859, 37.62196], [-5.67451, 37.61603], [-5.68334, 37.60787], [-5.68565, 37.59799], [-5.67108, 37.58507], [-5.68572, 37.57526], [-5.71639, 37.57728], [-5.73106, 37.5719], [-5.77256, 37.56495], [-5.77954, 37.57402], [-5.75053, 37.58495], [-5.73068, 37.58799], [-5.6995, 37.58603], [-5.70775, 37.59102], [-5.70469, 37.59761], [-5.71407, 37.60311], [-5.71124, 37.62318], [-5.71659, 37.63082], [-5.73121, 37.63075], [-5.74253, 37.6162], [-5.76741, 37.62187], [-5.77785, 37.62023], [-5.78625, 37.64692], [-5.7848, 37.65281], [-5.77753, 37.65895], [-5.77968, 37.66404], [-5.77745, 37.66986], [-5.79208, 37.68732]]]}}, {"type": "Feature", "properties": {"ine_code": "41100", "name": "Villanueva de San Juan", "province": "Sevilla"}, "geometry": {"type": "Polygon", "coordinates": [[[-5.15455, 37.03026], [-5.18429, 37.04847], [-5.22437, 37.06053], [-5.21614, 37.07067], [-5.22063, 37.09129], [-5.21453, 37.10246], [-5.21724, 37.11594], [-5.2144, 37.12251], [-5.20946, 37.11885], [-5.20591, 37.12275], [-5.20056, 37.11834], [-5.1987, 37.11432], [-5.20374, 37.11179], [-5.20332, 37.10473], [-5.19899, 37.10683], [-5.18769, 37.09837], [-5.16868, 37.0971], [-5.17115, 37.09118], [-5.17595, 37.09138], [-5.18369, 37.08408], [-5.18421, 37.07843], [-5.17218, 37.07909], [-5.17684, 37.07576], [-5.16789, 37.07], [-5.16071, 37.07916], [-5.15178, 37.07637], [-5.14914, 37.07142], [-5.15249, 37.07263], [-5.15493, 37.06986], [-5.15527, 37.06165], [-5.14441, 37.062], [-5.14513, 37.05792], [-5.14056, 37.05887], [-5.13784, 37.05364], [-5.14524, 37.05203], [-5.14086, 37.03891], [-5.15455, 37.03026]]]}}, {"type": "Feature", "properties": {"ine_code": "41101", "name": "Villaverde del Río", "province": "Sevilla"}, "geometry": {"type": "Polygon", "coordinates": [[[-5.9265, 37.63596], [-5.88206, 37.6447], [-5.85178, 37.59228], [-5.86593, 37.57989], [-5.86914, 37.56809], [-5.89036, 37.56191], [-5.89521, 37.57165], [-5.89227, 37.57334], [-5.89955, 37.58612], [-5.90977, 37.57965], [-5.92038, 37.57966], [-5.9312, 37.61072], [-5.9265, 37.63596]]]}}, {"type": "Feature", "properties": {"ine_code": "41102", "name": "El Viso del Alcor", "province": "Sevilla"}, "geometry": {"type": "Polygon", "coordinates": [[[-5.75599, 37.39642], [-5.72093, 37.41054], [-5.69977, 37.40127], [-5.66892, 37.37631], [-5.68307, 37.36781], [-5.68816, 37.36075], [-5.69531, 37.35981], [-5.73322, 37.38522], [-5.75599, 37.39642]]]}}, {"type": "Feature", "properties": {"ine_code": "41901", "name": "Cañada Rosal", "province": "Sevilla"}, "geometry": {"type": "Polygon", "coordinates": [[[-5.27379, 37.62549], [-5.24559, 37.64161], [-5.24003, 37.62954], [-5.2417, 37.62702], [-5.22993, 37.60977], [-5.20957, 37.60187], [-5.19774, 37.6065], [-5.19101, 37.61286], [-5.18193, 37.61325], [-5.18148, 37.60617], [-5.17346, 37.59489], [-5.17462, 37.57749], [-5.18163, 37.58187], [-5.21845, 37.58737], [-5.23148, 37.58661], [-5.23239, 37.5713], [-5.25544, 37.57392], [-5.26307, 37.59385], [-5.24399, 37.59366], [-5.2434, 37.60546], [-5.24826, 37.60536], [-5.25323, 37.62542], [-5.27379, 37.62549]]]}}, {"type": "Feature", "properties": {"ine_code": "41902", "name": "Isla Mayor", "province": "Sevilla"}, "geometry": {"type": "Polygon", "coordinates": [[[-6.20156, 37.03766], [-6.19786, 37.04902], [-6.20115, 37.06162], [-6.22415, 37.06849], [-6.22874, 37.08858], [-6.238, 37.09397], [-6.25549, 37.09645], [-6.25723, 37.10425], [-6.25237, 37.10829], [-6.23744, 37.11062], [-6.22564, 37.1352], [-6.19492, 37.14989], [-6.1938, 37.16683], [-6.19931, 37.17768], [-6.19381, 37.18813], [-6.19577, 37.19208], [-6.18869, 37.19272], [-6.18825, 37.18961], [-6.17697, 37.18755], [-6.17531, 37.18061], [-6.15185, 37.17335], [-6.14465, 37.17663], [-6.13772, 37.17511], [-6.11614, 37.20152], [-6.10914, 37.19863], [-6.10565, 37.18881], [-6.10939, 37.17659], [-6.16309, 37.1269], [-6.14692, 37.10495], [-6.14787, 37.10069], [-6.12617, 37.08247], [-6.12046, 37.07142], [-6.15029, 37.04852], [-6.15443, 37.03723], [-6.20156, 37.03766]]]}}, {"type": "Feature", "properties": {"ine_code": "41903", "name": "El Cuervo de Sevilla", "province": "Sevilla"}, "geometry": {"type": "Polygon", "coordinates": [[[-6.08054, 36.85523], [-6.07639, 36.86182], [-6.06616, 36.86435], [-6.05752, 36.87148], [-6.05217, 36.8711], [-6.04278, 36.87647], [-6.03034, 36.87642], [-6.03357, 36.88391], [-6.02522, 36.8907], [-6.01019, 36.88574], [-5.98089, 36.86779], [-5.97126, 36.86625], [-5.96511, 36.86008], [-5.94838, 36.85935], [-5.94134, 36.85192], [-5.961, 36.85127], [-5.97312, 36.84419], [-6.08054, 36.85523]]]}}, {"type": "Feature", "properties": {"ine_code": "41904", "name": "El Palmar de Troya", "province": "Sevilla"}, "geometry": {"type": "Polygon", "coordinates": [[[-5.78418, 37.08399], [-5.78411, 37.07509], [-5.77612, 37.07783], [-5.75872, 37.06199], [-5.7488, 37.06412], [-5.74606, 37.05904], [-5.75239, 37.05671], [-5.76249, 37.06067], [-5.75665, 37.05461], [-5.76324, 37.05534], [-5.76328, 37.05073], [-5.7569, 37.05144], [-5.75193, 37.04801], [-5.74349, 37.06004], [-5.7405, 37.05919], [-5.74413, 37.0564], [-5.74519, 37.04913], [-5.75445, 37.04211], [-5.75812, 37.03453], [-5.76508, 37.03384], [-5.76325, 37.0248], [-5.77065, 37.02502], [-5.77417, 37.03395], [-5.78863, 37.02955], [-5.78304, 37.0155], [-5.78896, 37.02015], [-5.82114, 37.02876], [-5.82465, 37.04266], [-5.81389, 37.04971], [-5.81136, 37.05609], [-5.81881, 37.06294], [-5.81148, 37.06679], [-5.83393, 37.07633], [-5.82254, 37.08018], [-5.81212, 37.07544], [-5.79432, 37.09357], [-5.78418, 37.08399]]]}}]}