id,canonical_name,developer,technology,status,mw_peak,mw_nominal,hectares,turbines,status_document_id,first_seen,last_seen,municipalities,ine_codes,provinces,document_urls
1,Instalación fotovoltaica Las Quinientas,"Cartuja Solar, S.L.",solar_fv,favorable_condicionada,109.52,90.75,358.61,,1,2019-02-15,2020-11-13,Jerez de la Frontera,11020,Cádiz,https://www.boe.es/diario_boe/xml.php?id=BOE-A-2019-11702 https://www.boe.es/diario_boe/xml.php?id=BOE-A-2020-14181 https://www.boe.es/diario_boe/xml.php?id=BOE-B-2019-6251
3,Parque solar fotovoltaico Guadacano,PFV Guadacano SL,solar_fv,favorable_condicionada,62.0,48.0,145.51,,3,2020-12-22,2022-01-22,Antequera; Archidona,29015;29017,Málaga,https://www.boe.es/diario_boe/xml.php?id=BOE-A-2022-1048 https://www.boe.es/diario_boe/xml.php?id=BOE-B-2020-48702
4,Instalación fotovoltaica Dulcinea,"Enel Green Power España, SL",solar_fv,favorable_condicionada,105.0,,278.4,,6,2021-01-14,2022-05-18,Carmona,41024,Sevilla,https://www.boe.es/diario_boe/xml.php?id=BOE-A-2022-8050 https://www.boe.es/diario_boe/xml.php?id=BOE-A-2022-8173 https://www.boe.es/diario_boe/xml.php?id=BOE-B-2021-1168
5,Planta fotovoltaica Hipódromo,"PROYECTO FOTOVOLTAICO DOS HERMANAS, S.L",solar_fv,favorable_condicionada,169.728,160.0,359.19,,469,2021-03-06,2023-09-16,Dos Hermanas,41038,Sevilla,https://juntadeandalucia.es/eboja/2022/176/BOJA22-176-00001-14070-01_00267354.pdf https://juntadeandalucia.es/eboja/2023/109/BOJA23-109-00001-9586-01_00284612.pdf https://www.boe.es/diario_boe/xml.php?id=BOE-A-2022-8053 https://www.boe.es/diario_boe/xml.php?id=BOE-B-2021-11035 https://www.boe.es/diario_boe/xml.php?id=BOE-B-2021-45577 https://www.boe.es/diario_boe/xml.php?id=BOE-B-2023-24295 https://www.boe.es/diario_boe/xml.php?id=BOE-B-2023-26661
7,Planta Solar Fotovoltaica Aljarafe,"Enel Green Power España, SL",solar_fv,favorable_condicionada,90.5,69.6,212.7,,7,2021-03-08,2022-05-23,Salteras; Valencina de la Concepción,41085;41096,Sevilla,https://www.boe.es/diario_boe/xml.php?id=BOE-A-2022-8441 https://www.boe.es/diario_boe/xml.php?id=BOE-B-2021-11323
8,Parques solares fotovoltaicos Metaway I y Metaway II,Metaway Energías Renovables S.L.; Choose Your Way S.L.,solar_fv,favorable_condicionada,233.0,186.4,501.29,,8,2022-05-26,2022-05-26,Alcalá de Guadaíra; Utrera,41004;41095,Sevilla,https://www.boe.es/diario_boe/xml.php?id=BOE-A-2022-8628
9,Plantas solares fotovoltaicas Albornez Solar y Alisio Solar,"Albornez Solar, S.L.U.",solar_fv,favorable_condicionada,99.86,85.0,195.0,,9,2021-02-15,2023-05-19,Bujalance; Lopera; Marmolejo; Montoro; Villa del Río,14012;23056;23059;14043;14066,Córdoba; Jaén,https://www.boe.es/diario_boe/xml.php?id=BOE-A-2022-8701 https://www.boe.es/diario_boe/xml.php?id=BOE-B-2021-7095 https://www.boe.es/diario_boe/xml.php?id=BOE-B-2023-14662
10,Parque solar fotovoltaico Lirios Solar PV,"Solar Castuera, SL",solar_fv,favorable_condicionada,100.0,,204.0,,10,2021-04-08,2025-09-23,Chucena,21030,Huelva,https://www.boe.es/diario_boe/xml.php?id=BOE-A-2022-11375 https://www.boe.es/diario_boe/xml.php?id=BOE-A-2025-18825 https://www.boe.es/diario_boe/xml.php?id=BOE-B-2021-16881
11,Parque Fotovoltaico Retuerta,"Iberdrola Renovables Andalucía, S.A.U.",solar_fv,favorable_condicionada,45.586,38.0,121.56,,185,2021-09-21,2022-11-24,El Almendro,21003,Huelva,https://juntadeandalucia.es/eboja/2022/226/BOJA22-226-00001-16861-01_00270130.pdf https://www.boe.es/diario_boe/xml.php?id=BOE-A-2022-15703 https://www.boe.es/diario_boe/xml.php?id=BOE-B-2021-39344
12,Parque fotovoltaico Andrea,"Enel Green Power España, S.L.",solar_fv,favorable_condicionada,250.0,250.0,476.13,,12,2021-10-02,2022-10-31,Antas,04016,Almería,https://www.boe.es/diario_boe/xml.php?id=BOE-A-2022-17801 https://www.boe.es/diario_boe/xml.php?id=BOE-B-2021-40679
13,Planta fotovoltaica Carbo,"Enel Green Power España, SL",solar_fv,favorable_condicionada,90.0,69.0,97.0,,13,2021-02-27,2022-11-03,Almodóvar del Río; Fuente Palmera; Guadalcázar,14005;14030;14033,Córdoba,https://www.boe.es/diario_boe/xml.php?id=BOE-A-2022-18089 https://www.boe.es/diario_boe/xml.php?id=BOE-B-2021-9576
14,Planta fotovoltaica Caparacena 220,"Dehesa PV FARM 03, SL",solar_fv,favorable_condicionada,99.0,76.0,185.85,,14,2021-04-19,2022-11-10,Atarfe; Colomera; Moclín,18022;18051;18132,Granada,https://www.boe.es/diario_boe/xml.php?id=BOE-A-2022-18451 https://www.boe.es/diario_boe/xml.php?id=BOE-B-2021-18891
15,Parque fotovoltaico La Dehesilla,"EDP Renovables España, SLU",solar_fv,desfavorable,100.0,,201.18,,15,2021-02-10,2022-11-11,Córdoba; Montemayor,14021;14041,Córdoba,https://www.boe.es/diario_boe/xml.php?id=BOE-A-2022-18545 https://www.boe.es/diario_boe/xml.php?id=BOE-B-2021-6113
16,Planta fotovoltaica Caparacena 400,Dehesa PV Farm 04 SL,solar_fv,favorable_condicionada,230.0,177.0,483.76,,16,2021-04-19,2022-12-23,Albolote; Atarfe; Colomera; Deifontes; Iznalloz; Moclín; Píñar,18003;18022;18051;18066;18105;18132;18159,Granada,https://www.boe.es/diario_boe/xml.php?id=BOE-A-2022-22104 https://www.boe.es/diario_boe/xml.php?id=BOE-B-2021-18892
17,Planta solar fotovoltaica Cabra 0,Nueva Era Solar M&D IV S.L.,solar_fv,favorable_condicionada,250.0,188.0,504.8,,17,2021-04-14,2023-08-02,Cabra; Castro del Río; Espejo; Montemayor,14013;14019;14025;14041,Córdoba,https://juntadeandalucia.es/eboja/2023/63/BOJA23-063-00001-5804-01_00280843.pdf https://juntadeandalucia.es/eboja/2023/77/BOJA23-077-00001-7279-01_00282311.pdf https://www.boe.es/diario_boe/xml.php?id=BOE-A-2022-22444 https://www.boe.es/diario_boe/xml.php?id=BOE-B-2021-17988 https://www.boe.es/diario_boe/xml.php?id=BOE-B-2023-23062
18,Planta fotovoltaica híbrida Majal Alto,"Iberdrola Renovables Andalucía, S.A.U.",hibrida,favorable_condicionada,50.447,43.5,68.46,,340,2021-10-04,2023-04-12,Puebla de Guzmán,21058,Huelva,https://juntadeandalucia.es/eboja/2023/51/BOJA23-051-00001-2101-01_00277253.pdf https://www.boe.es/diario_boe/xml.php?id=BOE-A-2022-24404 https://www.boe.es/diario_boe/xml.php?id=BOE-A-2023-9091 https://www.boe.es/diario_boe/xml.php?id=BOE-B-2021-40835
19,FV Herradura,Sociedad Mitra Alfa SLU,solar_fv,favorable_condicionada,100.0,300.0,99.17,,19,2021-03-13,2023-01-23,Castellar de la Frontera; Jimena de la Frontera,11013;11021,Cádiz,https://www.boe.es/diario_boe/xml.php?id=BOE-A-2023-1929 https://www.boe.es/diario_boe/xml.php?id=BOE-B-2021-12421
20,Parque solar fotovoltaico Caparacena,"IBERDROLA RENOVABLES ANDALUCÍA, S.A.U.",solar_fv,favorable_condicionada,329.79,275.0,403.115,,20,2021-05-31,2023-06-09,Atarfe; Cacín; Chimeneas; Cijuela; Láchar; Pinos Puente; Valderrubio; Ventas de Huelma; Íllora,18022;18034;18061;18048;18115;18158;18914;18185;18102,Granada,https://www.boe.es/diario_boe/xml.php?id=BOE-A-2023-1930 https://www.boe.es/diario_boe/xml.php?id=BOE-B-2021-27541 https://www.boe.es/diario_boe/xml.php?id=BOE-B-2023-17340
21,"Parque solar fotovoltaico ""Zalea""","Sun Capital 2000, S.L.",solar_fv,favorable_condicionada,141.68,121.1,229.1,,21,2021-10-28,2023-06-09,Casarabonela; Cártama; Pizarra; Álora,29040;29038;29080;29012,Málaga,https://www.boe.es/diario_boe/xml.php?id=BOE-A-2023-2283 https://www.boe.es/diario_boe/xml.php?id=BOE-B-2021-43851 https://www.boe.es/diario_boe/xml.php?id=BOE-B-2023-17342
22,Parque eólico Hinojosa,"Green Capital Power, SL",eolica,favorable_condicionada,63.08,63.08,,11,22,2021-04-07,2023-01-30,Alcalá del Valle; Casarabonela; Cañete la Real; El Burgo,11002;29040;29035;29031,Cádiz; Málaga,https://www.boe.es/diario_boe/xml.php?id=BOE-A-2023-2422 https://www.boe.es/diario_boe/xml.php?id=BOE-B-2021-16761
23,Parques solares fotovoltaicos Baluma Solar y Boyante Solar,"Baluma Solar, S.L.",solar_fv,favorable_condicionada,59.0,58.14,123.67,,23,2023-01-30,2023-06-02,Albolote; Atarfe; Moclín,18003;18022;18132,Granada,https://www.boe.es/diario_boe/xml.php?id=BOE-A-2023-2423 https://www.boe.es/diario_boe/xml.php?id=BOE-B-2023-16479
24,Parque Solar Fotovoltaico Rivera,"Iberdrola Renovables Andalucía, S.A.U.",solar_fv,favorable_condicionada,419.95,340.496,1046.0,,250,2021-08-03,2023-04-21,Gibraleón; Moguer; Palos de la Frontera; San Juan del Puerto; Trigueros,21035;21050;21055;21064;21070,Huelva,https://juntadeandalucia.es/eboja/2023/75/BOJA23-075-00001-4033-01_00279108.pdf https://www.boe.es/diario_boe/xml.php?id=BOE-A-2023-2425 https://www.boe.es/diario_boe/xml.php?id=BOE-B-2021-34796 https://www.boe.es/diario_boe/xml.php?id=BOE-B-2022-14852
25,Parques fotovoltaicos Natera Solar,NATERA SOLAR S.L.U.,solar_fv,favorable_condicionada,50.01,50.01,70.55,,25,2021-04-26,2023-06-13,Alozaina; Casarabonela; Coín; Cártama; Pizarra; Álora,29013;29040;29042;29038;29080;29012,Málaga,https://www.boe.es/diario_boe/xml.php?id=BOE-A-2023-2577 https://www.boe.es/diario_boe/xml.php?id=BOE-B-2021-20261 https://www.boe.es/diario_boe/xml.php?id=BOE-B-2021-33084 https://www.boe.es/diario_boe/xml.php?id=BOE-B-2023-17821 https://www.boe.es/diario_boe/xml.php?id=BOE-B-2023-18014
26,Parques solares fotovoltaicos Posets Solar y Faballones Solar,"FABALLONES SOLAR, S.L.",solar_fv,favorable_condicionada,52.019,45.095,63.457,,26,2023-01-31,2023-06-16,Casarabonela; Cártama; Pizarra; Álora,29040;29038;29080;29012,Málaga,https://www.boe.es/diario_boe/xml.php?id=BOE-A-2023-2578 https://www.boe.es/diario_boe/xml.php?id=BOE-B-2023-18275
27,Plantas fotovoltaicas del Nudo Jordana,,solar_fv,desfavorable,801.0,801.0,1326.26,,27,2023-01-31,2023-01-31,Casares; Gaucín; Jimena de la Frontera; San Martín del Tesorillo,29041;29056;11021;11903,Cádiz; Málaga,https://www.boe.es/diario_boe/xml.php?id=BOE-A-2023-2580
28,Instalación fotovoltaica Ququima,"Ququima Energy, SL",solar_fv,favorable_condicionada,250.0,200.0,395.0,,28,2021-03-16,2023-01-31,Baza; Caniles,18023;18039,Granada,https://www.boe.es/diario_boe/xml.php?id=BOE-A-2023-2583 https://www.boe.es/diario_boe/xml.php?id=BOE-B-2021-12986 https://www.boe.es/diario_boe/xml.php?id=BOE-B-2021-19581
29,Parque solar fotovoltaico Archidona Solar,"Wezen Solar, SL",solar_fv,desfavorable,103.8,83.0,123.6,,29,2021-10-15,2023-01-31,Archidona; Loja; Villanueva de Algaidas; Villanueva de Tapia,29017;18122;29095;29098,Granada; Málaga,https://www.boe.es/diario_boe/xml.php?id=BOE-A-2023-2586 https://www.boe.es/diario_boe/xml.php?id=BOE-B-2021-42001
30,"Planta Termosolar, Híbrido con Fotovoltaica, SOLGEST-1","Prosaego Energías Alternativas, SL",hibrida,favorable_condicionada,150.0,98.0,267.8,,30,2021-08-04,2023-01-31,Carmona; Fuentes de Andalucía; La Campana,41024;41042;41022,Sevilla,https://www.boe.es/diario_boe/xml.php?id=BOE-A-2023-2589 https://www.boe.es/diario_boe/xml.php?id=BOE-B-2021-34885
31,"Plantas fotovoltaicas PFV Stopper Solar, PFV Rehala Solar, PFV Reclamo Solar, PFV Volateo Solar","VOLATEO SOLAR, S.L.",solar_fv,favorable_condicionada,149.747,138.23,225.34,,31,2021-02-23,2023-06-13,Antequera; Campillos; Valle de Abdalajís; Álora,29015;29032;29093;29012,Málaga,https://www.boe.es/diario_boe/xml.php?id=BOE-A-2023-2595 https://www.boe.es/diario_boe/xml.php?id=BOE-B-2021-8761 https://www.boe.es/diario_boe/xml.php?id=BOE-B-2023-18015
32,"Parque eólico Filabres, parque eólico Peregiles y parque solar fotovoltaico La Rambla","Green Capital Power, S.L.U.",eolica,favorable_condicionada,103.771,80.0,202.69,52,32,2021-03-11,2023-06-21,Antas; Bédar; Lubrín; Lucainena de las Torres; Níjar; Senés; Sorbas; Tabernas; Tahal,04016;04022;04059;04060;04066;04082;04086;04088;04090,Almería,https://www.boe.es/diario_boe/xml.php?id=BOE-A-2023-2907 https://www.boe.es/diario_boe/xml.php?id=BOE-B-2021-11969 https://www.boe.es/diario_boe/xml.php?id=BOE-B-2023-18978
33,"Planta fotovoltaica ""Crucero Solar""","Crucero Solar, SLU",solar_fv,desfavorable,70.994,56.5,98.47,,33,2021-09-28,2023-02-03,Olivares,41067,Sevilla,https://www.boe.es/diario_boe/xml.php?id=BOE-A-2023-2911 https://www.boe.es/diario_boe/xml.php?id=BOE-B-2021-40191
34,"Parque solar fotovoltaico ""Guadame Solar 5""","Sabik Solar, SL",solar_fv,favorable_condicionada,138.427,130.68,263.36,,34,2021-01-22,2023-02-03,Bujalance; Córdoba; El Carpio; Montoro,14012;14021;14018;14043,Córdoba,https://www.boe.es/diario_boe/xml.php?id=BOE-A-2023-2922 https://www.boe.es/diario_boe/xml.php?id=BOE-B-2021-2374 https://www.boe.es/diario_boe/xml.php?id=BOE-B-2021-46877
35,"Plantas solares fotovoltaicas Rey I Solar PV, Rey II Solar PV, Rey III Solar PV, Rey IV Solar PV","Villablanca Solar 1, SL",solar_fv,favorable_condicionada,480.0,480.0,886.96,,35,2021-05-25,2024-04-08,Carmona,41024,Sevilla,https://www.boe.es/diario_boe/xml.php?id=BOE-A-2023-3088 https://www.boe.es/diario_boe/xml.php?id=BOE-A-2024-6940 https://www.boe.es/diario_boe/xml.php?id=BOE-B-2021-26396 https://www.boe.es/diario_boe/xml.php?id=BOE-B-2021-31693
36,Instalación Solar Fotovoltaica Allives,"Nara ES Solar 7, SL",solar_fv,sin_resolucion,120.0,114.95,184.56,,686,2021-09-13,2023-02-13,Dos Hermanas; Sevilla,41038;41091,Sevilla,https://www.boe.es/diario_boe/xml.php?id=BOE-A-2023-3817 https://www.boe.es/diario_boe/xml.php?id=BOE-B-2021-38295
37,Planta Fotovoltaica Marciaga Solar,"Marciaga Solar, SLU",solar_fv,desfavorable,62.5,62.5,94.75,,37,2021-06-09,2023-02-13,Casarabonela; Álora,29040;29012,Málaga,https://www.boe.es/diario_boe/xml.php?id=BOE-A-2023-3819 https://www.boe.es/diario_boe/xml.php?id=BOE-B-2021-28839
39,"Parques eólicos El Esparragal, Las Milagrosas y El Juncal","Desarrollos Renovables Eólicos y Solares, SL",eolica,desfavorable,216.6,216.6,,38,39,2021-07-05,2023-04-21,Casares; Gaucín; Jimena de la Frontera; San Martín del Tesorillo; San Roque,29041;29056;11021;11903;11033,Cádiz; Málaga,https://www.boe.es/diario_boe/xml.php?id=BOE-A-2023-9754 https://www.boe.es/diario_boe/xml.php?id=BOE-B-2021-32292 https://www.boe.es/diario_boe/xml.php?id=BOE-B-2022-345
40,Campos del Condado VI,"Arena Power Solar 35, S.L.U.",solar_fv,favorable_condicionada,61.2,51.0,160.64,,40,2021-05-25,2024-02-24,Beas; Gibraleón; Trigueros,21011;21035;21070,Huelva,https://juntadeandalucia.es/eboja/2023/74/BOJA23-074-00001-7062-01_00282097.pdf https://www.boe.es/diario_boe/xml.php?id=BOE-A-2023-10535 https://www.boe.es/diario_boe/xml.php?id=BOE-B-2021-26385 https://www.boe.es/diario_boe/xml.php?id=BOE-B-2021-52704 https://www.boe.es/diario_boe/xml.php?id=BOE-B-2022-29924 https://www.boe.es/diario_boe/xml.php?id=BOE-B-2024-6528
41,Campos del Condado IV,"Arena Power Solar 33, S.L.U.",solar_fv,favorable_condicionada,57.798,51.0,97.11,,104,2021-05-25,2023-08-29,Beas; Trigueros,21011;21070,Huelva,https://juntadeandalucia.es/eboja/2023/165/BOJA23-165-00001-12777-01_00287784.pdf https://www.boe.es/diario_boe/xml.php?id=BOE-A-2023-10536 https://www.boe.es/diario_boe/xml.php?id=BOE-B-2021-26386 https://www.boe.es/diario_boe/xml.php?id=BOE-B-2022-801
42,"Parques Solares Fotovoltaicos ""Ciudad de Tartessos I y Ciudad de Tartessos II""","Savanna Power Solar 10, S.L.U.",solar_fv,favorable_condicionada,51.0,102.0,207.78,,103,2023-05-11,2023-08-29,Moguer; Palos de la Frontera; San Juan del Puerto; Trigueros,21050;21055;21064;21070,Huelva,https://juntadeandalucia.es/eboja/2023/165/BOJA23-165-00001-12775-01_00287782.pdf https://www.boe.es/diario_boe/xml.php?id=BOE-A-2023-11166
43,"Planta Fotovoltaica Híbrida ""Tallisca""","Iberdrola Renovables Andalucía, S.A.U.",hibrida,favorable_condicionada,47.968,39.975,73.0324,,224,2021-09-30,2023-09-22,El Almendro,21003,Huelva,https://juntadeandalucia.es/eboja/2023/183/BOJA23-183-00001-13832-01_00288854.pdf https://www.boe.es/diario_boe/xml.php?id=BOE-A-2023-15445 https://www.boe.es/diario_boe/xml.php?id=BOE-B-2021-40346
44,Parque fotovoltaico Valdefuentes,"Iberdrola Renovables Andalucía, S.A.U.",solar_fv,favorable_condicionada,33.388,27.83,64.906,,225,2021-09-24,2023-09-22,El Almendro,21003,Huelva,https://juntadeandalucia.es/eboja/2023/183/BOJA23-183-00001-13834-01_00288856.pdf https://www.boe.es/diario_boe/xml.php?id=BOE-A-2023-16374 https://www.boe.es/diario_boe/xml.php?id=BOE-B-2021-39567
45,Instalación Fotovoltaica Don Rodrigo,"Free Mountain Systems, SL",solar_fv,desconocido,150.0,150.0,,,45,2023-07-31,2023-07-31,Alcalá de Guadaíra; Utrera,41004;41095,Sevilla,https://www.boe.es/diario_boe/xml.php?id=BOE-A-2023-17621
46,Parque fotovoltaico Los Lirios,"Iberdrola Renovables Andalucía, S.A.U.",solar_fv,favorable_condicionada,57.639,48.0,98.2,,171,2021-09-21,2023-09-25,Ayamonte; San Silvestre de Guzmán; Villablanca,21010;21066;21073,Huelva,https://juntadeandalucia.es/eboja/2023/184/BOJA23-184-00001-14260-01_00289264.pdf https://www.boe.es/diario_boe/xml.php?id=BOE-A-2023-17715 https://www.boe.es/diario_boe/xml.php?id=BOE-B-2021-39343
47,"Plantas fotovoltaicas Ronda I, Ronda II y Ronda III","CEPSA Gas y Electricidad, SAU",solar_fv,favorable_condicionada,309.0,279.0,447.23,,47,2023-09-18,2023-10-18,Alcalá del Valle; Montecorto; Ronda; Setenil de las Bodegas; Torre Alháquime,11002;29903;29084;11034;11036,Cádiz; Málaga,https://www.boe.es/diario_boe/xml.php?id=BOE-A-2023-19635 https://www.boe.es/diario_boe/xml.php?id=BOE-A-2023-21519
48,Parque eólico Hinojosa Ampliación,"Green Capital Power, SL",eolica,desfavorable,25.12,25.12,,7,48,2022-11-14,2023-09-18,Alcalá del Valle; Setenil de las Bodegas; Torre Alháquime,11002;11034;11036,Cádiz,https://www.boe.es/diario_boe/xml.php?id=BOE-A-2023-19636 https://www.boe.es/diario_boe/xml.php?id=BOE-B-2022-35373
50,"Planta solar fotovoltaica para autoconsumo en isla y sistemas de mejora de eficiencia energética a través de variadores y otros dispositivos, para el bombeo Balsa Cadimo al sitio, polígono 10 parcela 43 de 23004 Jaén",Confederación Hidrográfica del Guadalquivir,solar_fv,favorable_condicionada,4.019,3.3,6.78,,70,2024-03-07,2026-04-23,Jaén,23050,Jaén,https://www.boe.es/diario_boe/xml.php?id=BOE-A-2024-4475 https://www.boe.es/diario_boe/xml.php?id=BOE-A-2026-8933 https://www.boe.es/diario_boe/xml.php?id=BOE-B-2024-42264
51,Planta fotovoltaica hibridación Alijar,"Eólico Alijar, S.L.",hibrida,desfavorable,26.57,24.0,46.78,,51,2022-01-29,2025-04-03,El Puerto de Santa María; Jerez de la Frontera,11027;11020,Cádiz,https://juntadeandalucia.es/eboja/2025/64/BOJA25-064-00001-4650-01_00318251.pdf https://www.boe.es/diario_boe/xml.php?id=BOE-A-2024-4770 https://www.boe.es/diario_boe/xml.php?id=BOE-B-2022-2654
53,Parque solar fotovoltaico Elvira Solar,"Parrales Solar, SLU",solar_fv,favorable_condicionada,168.0,,360.0,,55,2022-08-02,2024-09-23,Alcalá de Guadaíra; Carmona; Mairena del Alcor,41004;41024;41058,Sevilla,https://www.boe.es/diario_boe/xml.php?id=BOE-A-2024-14069 https://www.boe.es/diario_boe/xml.php?id=BOE-A-2024-19050 https://www.boe.es/diario_boe/xml.php?id=BOE-B-2022-24247
54,Parque fotovoltaico Tabernas 100,"TAXOS LUX, SL",solar_fv,favorable_condicionada,99.85,99.85,203.25,,54,2023-12-22,2024-08-10,Tabernas,04088,Almería,https://www.boe.es/diario_boe/xml.php?id=BOE-A-2024-16661 https://www.boe.es/diario_boe/xml.php?id=BOE-B-2023-38426
56,"Instalación fotovoltaica ""Pagos de Sierra""",Gantry Investments SLU,solar_fv,favorable_condicionada,210.0,180.0,269.0,,56,2024-06-21,2025-05-16,Paymogo; Puebla de Guzmán,21057;21058,Huelva,https://www.boe.es/diario_boe/xml.php?id=BOE-A-2025-9703 https://www.boe.es/diario_boe/xml.php?id=BOE-B-2024-23077
57,"Módulo fotovoltaico ""PV Centenar"" (hibridado con parque eólico ""PE Centenar"")","Iberdrola Renovables Andalucía, SA",hibrida,favorable_condicionada,79.98,39.98,367.14,,57,2024-02-20,2025-06-07,Puebla de Guzmán,21058,Huelva,https://www.boe.es/diario_boe/xml.php?id=BOE-A-2025-11511 https://www.boe.es/diario_boe/xml.php?id=BOE-B-2024-5896
58,"Planta solar fotovoltaica ""Alcudia Solar""","Alcudia Solar, SL",solar_fv,favorable_condicionada,67.39,50.0,221.99,,58,2024-02-05,2025-06-21,Montoro,14043,Córdoba,https://www.boe.es/diario_boe/xml.php?id=BOE-A-2025-12664 https://www.boe.es/diario_boe/xml.php?id=BOE-B-2024-3854
59,"Módulo de almacenamiento por baterías ""Hibridación Zafra""","Planta Solar Andalucía 1, SL",hibrida,favorable_condicionada,24.04,24.04,1.6336,,59,2025-07-07,2025-07-07,Alcalá de Guadaíra,41004,Sevilla,https://www.boe.es/diario_boe/xml.php?id=BOE-A-2025-13976
60,"Parques eólicos ""Ruano""","Blanqueta Wind, SL; Cornicabra Wind, SL",eolica,desfavorable,109.8,109.8,,20,60,2024-10-15,2025-08-30,Chiclana de la Frontera; Jerez de la Frontera; Medina Sidonia; Puerto Real,11015;11020;11023;11028,Cádiz,https://www.boe.es/diario_boe/xml.php?id=BOE-A-2025-17389 https://www.boe.es/diario_boe/xml.php?id=BOE-B-2024-37060
62,"Plantas Fotovoltaicas ""FV La Puebla 1"" y ""FV La Puebla 2""","Jinko Greenfield Spain 3, SL",solar_fv,favorable_condicionada,180.0,139.52,388.75,,62,2025-10-07,2025-10-07,Puebla de Guzmán,21058,Huelva,https://www.boe.es/diario_boe/xml.php?id=BOE-A-2025-19986
63,Parque solar fotovoltaico Ágata,"Castaño Desarrollos España, SLU",solar_fv,favorable_condicionada,65.0,51.0,148.4,,63,2024-10-05,2025-10-07,Cabra,14013,Córdoba,https://www.boe.es/diario_boe/xml.php?id=BOE-A-2025-19987 https://www.boe.es/diario_boe/xml.php?id=BOE-B-2024-35637
64,Parque solar fotovoltaico Zafiro,"Encina Desarrollos Fotovoltaicos, SL",solar_fv,favorable_condicionada,51.0,44.0,115.7,,64,2024-10-05,2025-10-23,Cabra,14013,Córdoba,https://www.boe.es/diario_boe/xml.php?id=BOE-A-2025-21359 https://www.boe.es/diario_boe/xml.php?id=BOE-B-2024-35636
65,Módulo de almacenamiento OPDE Miramundo,"Planta Solar OPDE Extremadura 2, SL",almacenamiento,favorable_condicionada,24.04,24.04,1.24,,65,2025-11-29,2025-11-29,Puerto Real,11028,Cádiz,https://www.boe.es/diario_boe/xml.php?id=BOE-A-2025-24233
66,Instalación híbrida fotovoltaica FV HIB Ferreira II,,hibrida,desfavorable,38.7895,88.24,54.14,,66,2025-12-22,2025-12-22,Dólar; Guadix; Huéneja,18069;18089;18097,Granada,https://www.boe.es/diario_boe/xml.php?id=BOE-A-2025-26328
67,Instalación híbrida Cartuja,"PSFV Cartuja, SL",hibrida,desfavorable,79.99,79.99,,5,67,2023-11-13,2026-02-19,Jerez de la Frontera; Puerto Real,11020;11028,Cádiz,https://www.boe.es/diario_boe/xml.php?id=BOE-A-2026-3880 https://www.boe.es/diario_boe/xml.php?id=BOE-B-2023-33449
68,"Plantas fotovoltaicas ""FV La Puebla 3"" y ""FV La Puebla 4""","Jinko Greenfield Spain 1, SL",solar_fv,favorable_condicionada,209.0,209.0,590.93,,68,2026-04-03,2026-04-03,Alosno; El Cerro de Andévalo,21006;21023,Huelva,https://www.boe.es/diario_boe/xml.php?id=BOE-A-2026-7629
69,"Planta solar fotovoltaica ""Oleo Solar""","Desarrollos Ibéricos Fotovoltaicos 51, SLU",solar_fv,favorable_condicionada,80.3,75.0,366.92,,69,2025-03-08,2026-04-13,Cabra,14013,Córdoba,https://www.boe.es/diario_boe/xml.php?id=BOE-A-2026-8203 https://www.boe.es/diario_boe/xml.php?id=BOE-B-2025-8640
71,Módulo de generación fotovoltaica PSFV Alíjar,Suresa Retama SLU,hibrida,favorable_condicionada,29.0,25.99,42.44,,71,2026-07-31,2026-07-31,El Puerto de Santa María; Jerez de la Frontera,11027;11020,Cádiz,https://www.boe.es/diario_boe/xml.php?id=BOE-A-2026-16732
72,Parque Solar Fotovoltaico «El Chorrillo Solar»,"RP Energía Cuatro, S.L.",solar_fv,favorable_condicionada,6.931,,,,72,2026-03-31,2026-03-31,Carmona; Mairena del Alcor,41024;41058,Sevilla,https://juntadeandalucia.es/eboja/2026/62/BOJA26-062-00001-4142-01_00335364.pdf
73,Instalación Planta Solar Fotovoltaica Marchenilla VIII,"Retiro Energía 6, S.L.U.",solar_fv,favorable_condicionada,,25.0,,,563,2022-12-30,2024-09-03,Jimena de la Frontera; San Martín del Tesorillo,11021;11903,Cádiz,https://juntadeandalucia.es/eboja/2022/249/BOJA22-249-00001-18444-01_00271671.pdf https://juntadeandalucia.es/eboja/2024/171/BOJA24-171-00001-49901-01_00306851.pdf https://juntadeandalucia.es/eboja/2024/52/BOJA24-052-00001-1783-01_00298528.pdf
74,Planta Solar Fotovoltaica Marchenilla,"Liberty Jimena, S.L.",solar_fv,favorable_condicionada,50.0,,,,74,2022-12-30,2022-12-30,Jimena de la Frontera,11021,Cádiz,https://juntadeandalucia.es/eboja/2022/249/BOJA22-249-00001-20769-01_00274003.pdf
75,Planta solar fotovoltaica hibridación «El Saucito»,"Iberdrola Renovables Andalucía, S.A.U.",solar_fv,favorable_condicionada,30.0,30.25,,,75,2022-12-30,2022-12-30,Alosno,21006,Huelva,https://juntadeandalucia.es/eboja/2022/249/BOJA22-249-00001-19700-01_00272939.pdf
76,Planta solar fotovoltaica Patria I,"Iberian Retail Bernesga, S.L.",solar_fv,favorable_condicionada,48.66,48.66,,,365,2022-11-30,2022-12-14,Vejer de la Frontera,11039,Cádiz,https://juntadeandalucia.es/eboja/2022/230/BOJA22-230-00001-19073-01_00272296.pdf https://juntadeandalucia.es/eboja/2022/238/BOJA22-238-00001-20362-01_00273538.pdf
77,P.S.F.V. Santo Domingo I y II,"Luxida Solar, S.L.",solar_fv,favorable_condicionada,,,,,77,2024-09-30,2024-09-30,Jerez de la Frontera,11020,Cádiz,https://juntadeandalucia.es/eboja/2024/190/BOJA24-190-00001-47464-01_00304414.pdf
78,Parque Solar Fotovoltaico Romeral Solar,"PVSS Al Andalus Project, S.L.",solar_fv,favorable_condicionada,,,,,78,2026-07-30,2026-07-30,Carmona,41024,Sevilla,https://juntadeandalucia.es/eboja/2026/146/BOJA26-146-00001-9178-01_00340412.pdf
79,PE HIB Cespedera,"Energias Renovables Cespedera, S.L.",hibrida,favorable_condicionada,,,,,371,2023-03-14,2026-06-30,Alcalá de los Gazules; Medina Sidonia,11001;11023,Cádiz,https://juntadeandalucia.es/eboja/2023/49/BOJA23-049-00001-2458-01_00277560.pdf https://juntadeandalucia.es/eboja/2026/124/BOJA26-124-00001-8704-01_00339936.pdf
80,HSF Cantosal Solar,"PVSS Al Andalus Project, S.L.",solar_fv,favorable_condicionada,,,,,80,2026-06-30,2026-06-30,Carmona; Mairena del Alcor,41024;41058,Sevilla,https://juntadeandalucia.es/eboja/2026/124/BOJA26-124-00001-3790-01_00335011.pdf
81,HSF Viso Solar,"PVSS Al Andalus Project, S.L.",solar_fv,favorable_condicionada,,,,,81,2026-06-30,2026-06-30,Carmona; El Viso del Alcor,41024;41102,Sevilla,https://juntadeandalucia.es/eboja/2026/124/BOJA26-124-00001-4747-01_00335983.pdf
82,Planta solar agrofotovoltaica Chiclana Sol,"Calvitero Solar 11, S.L.",solar_fv,favorable_condicionada,,,,,82,2024-11-08,2026-04-30,Chiclana de la Frontera,11015,Cádiz,https://juntadeandalucia.es/eboja/2024/218/BOJA24-218-00001-51729-01_00308679.pdf https://juntadeandalucia.es/eboja/2026/6/BOJA26-006-00001-72-01_00331299.pdf https://juntadeandalucia.es/eboja/2026/8/BOJA26-008-00001-192-01_00331419.pdf https://juntadeandalucia.es/eboja/2026/82/BOJA26-082-00001-5076-01_00336313.pdf
83,Envatios I,"Envatios Promoción I, S.L.",solar_fv,favorable_condicionada,43.33,,78.26,,83,2023-03-30,2023-03-30,Carmona,41024,Sevilla,https://juntadeandalucia.es/eboja/2023/61/BOJA23-061-00001-2442-01_00277533.pdf
84,Envatios III,"Envatios Promoción III, S.L.",solar_fv,favorable_condicionada,43.33,,99.8737,,84,2023-03-30,2023-03-30,Carmona,41024,Sevilla,https://juntadeandalucia.es/eboja/2023/61/BOJA23-061-00001-2517-01_00277674.pdf
85,Envatios II,"Envatios Promoción II, S.L.",solar_fv,favorable_condicionada,43.33,,115.5711,,85,2023-03-30,2023-03-30,Carmona,41024,Sevilla,https://juntadeandalucia.es/eboja/2023/61/BOJA23-061-00001-2519-01_00277676.pdf
86,Parque Eólico Villanueva,"Villanueva Energy, S.L.",eolica,favorable_condicionada,40.6,40.6,,7,86,2023-03-30,2023-03-30,Algámitas; Pruna; Villanueva de San Juan,41008;41076;41100,Sevilla,https://juntadeandalucia.es/eboja/2023/61/BOJA23-061-00001-2997-01_00278058.pdf
87,Parque Solar Fotovoltaico Alcalá II,"Premier Sol del Sur 3, S.L.",solar_fv,favorable_condicionada,,,,,87,2026-01-30,2026-01-30,Alcalá de Guadaíra,41004,Sevilla,https://juntadeandalucia.es/eboja/2026/20/BOJA26-020-00001-329-01_00331556.pdf
88,Planta solar fotovoltaica Arraez,"Alfa Conexión Energía, S.L.",solar_fv,favorable_condicionada,40.0,,,,88,2023-01-30,2023-01-30,San Roque,11033,Cádiz,https://juntadeandalucia.es/eboja/2023/19/BOJA23-019-00001-1210-01_00276297.pdf
89,Planta solar fotovoltaica Adar Puerto de Santa María,"Adar Energía, S.L.",solar_fv,favorable_condicionada,43.1,,,,89,2023-01-30,2023-01-30,San Martín del Tesorillo,11903,Cádiz,https://juntadeandalucia.es/eboja/2023/19/BOJA23-019-00001-1551-01_00276664.pdf
90,Gelo,"Zumirito, S.L.",solar_fv,favorable_condicionada,45.52,39.6,,,90,2023-01-30,2023-01-30,Bollullos de la Mitación; Huévar del Aljarafe; Pilas,41016;41051;41075,Sevilla,https://juntadeandalucia.es/eboja/2023/19/BOJA23-019-00002-1312-01_00276476.pdf
91,"hsf La Víbora III, línea evacuación y SET La Víbora III","Green Capital Power, S.L.",solar_fv,favorable_condicionada,12.3,10.0,,,91,2023-01-30,2023-01-30,Alcalá del Río; Burguillos,41005;41019,Sevilla,https://juntadeandalucia.es/eboja/2023/19/BOJA23-019-00001-1398-01_00276492.pdf
92,Parque Eólico Las Cabreras,"Cabreras Wind Energy, S.L.",eolica,favorable_condicionada,12.0,12.0,,,92,2023-01-30,2023-01-30,La Puebla de Cazalla; Villanueva de San Juan,41077;41100,Sevilla,https://juntadeandalucia.es/eboja/2023/19/BOJA23-019-00001-1399-01_00276500.pdf
93,Parque Eólico Cortijo Nuevo,"Cortijo Nuevo Energy, S.L.",eolica,favorable_condicionada,12.0,12.0,,,93,2023-01-30,2023-01-30,Villanueva de San Juan,41100,Sevilla,https://juntadeandalucia.es/eboja/2023/19/BOJA23-019-00001-1400-01_00276503.pdf
94,Parque Eólico Las Hazas,"Hazas Energy, S.L.",eolica,favorable_condicionada,46.4,45.0,,,94,2023-01-30,2023-01-30,La Puebla de Cazalla,41077,Sevilla,https://juntadeandalucia.es/eboja/2023/19/BOJA23-019-00001-1403-01_00276496.pdf
95,Parque Eólico «El Buho» y Línea Aéreo-Subterránea de Evacuación,"Generación Eolicosolar 1, S.L.",eolica,desconocido,,,,,95,2023-01-30,2023-01-30,Antequera,29015,Málaga,https://juntadeandalucia.es/eboja/2023/19/BOJA23-019-00001-1445-01_00276561.pdf
96,Parque Solar Fotovoltaico Alcalá V,"Premier Sonnestein 3, S.L.",solar_fv,favorable_condicionada,,,,,96,2025-12-29,2025-12-29,Alcalá de Guadaíra; Dos Hermanas,41004;41038,Sevilla,https://juntadeandalucia.es/eboja/2025/249/BOJA25-249-00001-17092-01_00330690.pdf
97,Planta Solar Fotovoltaica OPDE Gazules I,"Planta Solar OPDE 1, S.L.",solar_fv,favorable_condicionada,47.4,47.4,,,97,2022-12-29,2022-12-29,Alcalá de los Gazules,11001,Cádiz,https://juntadeandalucia.es/eboja/2022/248/BOJA22-248-00001-19647-01_00272926.pdf
98,Planta Solar Fotovoltaica OPDE Gazules II,"Planta Solar OPDE 2, S.L.",solar_fv,favorable_condicionada,47.4,47.4,,,98,2022-12-29,2022-12-29,Alcalá de los Gazules,11001,Cádiz,https://juntadeandalucia.es/eboja/2022/248/BOJA22-248-00001-19650-01_00272927.pdf
99,La Pared 2,,solar_fv,desconocido,49.994,,,,99,2022-11-29,2022-11-29,Tabernas,04088,Almería,https://juntadeandalucia.es/eboja/2022/229/BOJA22-229-00001-18313-01_00271572.pdf
100,CSF El Puerto III,"Gandasolar 5, S.L.",otra,favorable_condicionada,,,,,100,2024-10-29,2024-10-29,Los Barrios,11008,Cádiz,https://juntadeandalucia.es/eboja/2024/211/BOJA24-211-00001-52262-01_00309210.pdf
101,Línea de evacuación 66 kV de la PSF «Alpha Barroso»,"Alpha1 Conexión Solar, S.L.",linea_evacuacion,favorable_condicionada,,,,,101,2024-10-29,2024-10-29,Dos Hermanas; Sevilla,41038;41091,Sevilla,https://juntadeandalucia.es/eboja/2024/211/BOJA24-211-00001-52747-01_00309695.pdf
102,Camino de Indias 102,"Lemon Tree Power Ren 5, S.L.U.",solar_fv,desconocido,4.99,4.99,,,102,2025-09-29,2025-09-29,Montilla,14042,Córdoba,https://juntadeandalucia.es/eboja/2025/187/BOJA25-187-00001-11836-01_00325434.pdf
105,Parque Solar Fotovoltaico Aljarafe 9,"Premier SPV 14, S.L",solar_fv,favorable_condicionada,,,,,105,2026-07-29,2026-07-29,La Rinconada,41081,Sevilla,https://juntadeandalucia.es/eboja/2026/145/BOJA26-145-00001-9913-01_00341144.pdf
106,Proyecto de parque fotovoltaico Tabernas Solar 3,"Propus Solar, S.L.",solar_fv,desconocido,35.0,,,,106,2023-02-16,2025-07-29,Tabernas,04088,Almería,https://juntadeandalucia.es/eboja/2023/32/BOJA23-032-00001-2087-01_00277230.pdf https://juntadeandalucia.es/eboja/2025/144/BOJA25-144-00001-10243-01_00323841.pdf
107,Parque Solar Palillos Energy,"Benbros PV, S.L.",solar_fv,favorable_condicionada,,,,,107,2026-06-29,2026-06-29,Alcalá de Guadaíra; Carmona,41004;41024,Sevilla,https://juntadeandalucia.es/eboja/2026/123/BOJA26-123-00001-7301-01_00338537.pdf
108,Borbollón,"Sistemas Energéticos del Sur, S.A.",eolica,desconocido,,,,,108,2024-04-29,2024-04-29,Antequera,29015,Málaga,https://juntadeandalucia.es/eboja/2024/82/BOJA24-082-00001-18997-01_00294129.pdf
109,parque eólico «Perdices» y subestación eléctrica «Borbollón y Perdices»,"Sistemas Energéticos del Sur, S.A.",eolica,desconocido,,,,,109,2024-04-29,2024-04-29,Antequera,29015,Málaga,https://juntadeandalucia.es/eboja/2024/82/BOJA24-082-00001-18998-01_00294128.pdf
110,Planta Solar Fotovoltaica Mitralex Puerto de Santa María,Mitralex Energía S.L.,solar_fv,favorable_condicionada,49.9,,,,110,2023-03-29,2023-03-29,San Martín del Tesorillo,11903,Cádiz,https://juntadeandalucia.es/eboja/2023/60/BOJA23-060-00001-5578-01_00280622.pdf
111,PSF Tena,"Keio Solar, S.L.",solar_fv,favorable_condicionada,49.98,47.19,,,111,2023-03-29,2023-03-29,Alcalá de Guadaíra,41004,Sevilla,https://juntadeandalucia.es/eboja/2023/60/BOJA23-060-00001-2522-01_00277679.pdf
112,Líneas aéreas/subterráneas de alta tensión 66 kV para la conexión entre las SET Ence Sevilla-SET Santiponce-SET Carambolo y SET Salteras-SET Tomares-SET Centenario (tramo soterrado nudo de La Pañoleta),"Santillán Solar, S.L.U.",linea_evacuacion,favorable_condicionada,,,,,112,2025-01-29,2025-01-29,Camas; Sevilla,41021;41091,Sevilla,https://juntadeandalucia.es/eboja/2025/19/BOJA25-019-00001-819-01_00314429.pdf
113,Cortijo Blanco,"Generación Eolicosolar 4, S.L.",solar_fv,desconocido,,,,,113,2023-03-01,2025-01-29,Armilla; Churriana de la Vega; Granada; Las Gabias; Ogíjares,18021;18062;18087;18905;18145,Granada,https://juntadeandalucia.es/eboja/2023/40/BOJA23-040-00001-3366-01_00278442.pdf https://juntadeandalucia.es/eboja/2025/19/BOJA25-019-00001-823-01_00314433.pdf
114,Modus Solar Tres,"Modus Solar Andalusia, S.L.",solar_fv,favorable_condicionada,49.98,,,,114,2022-12-28,2022-12-28,Alcalá de Guadaíra; Mairena del Alcor,41004;41058,Sevilla,https://juntadeandalucia.es/eboja/2022/247/BOJA22-247-00001-20795-01_00273986.pdf
115,Dama de Baza,Parque Eólico Dama de Baza S.L.,eolica,desconocido,,,,,533,2023-11-28,2024-08-05,Huéneja,18097,Granada,https://juntadeandalucia.es/eboja/2023/228/BOJA23-228-00001-17276-01_00292281.pdf https://juntadeandalucia.es/eboja/2024/151/BOJA24-151-00001-48866-01_00305817.pdf
116,Parque Eólico Virgen de las Angustias,"Planta Fotovoltaica Patria I, S.L.",eolica,desconocido,,,,,116,2023-11-28,2023-11-28,Albuñuelas; El Valle; Padul; Villamena,18007;18902;18150;18908,Granada,https://juntadeandalucia.es/eboja/2023/228/BOJA23-228-00001-17876-01_00292893.pdf
117,Planta Solar Fotovoltaica «Colón V»,"Bogaris PV45, S.L.U.",solar_fv,favorable_condicionada,24.99,,,,117,2022-11-28,2022-11-28,Gibraleón; Trigueros,21035;21070,Huelva,https://juntadeandalucia.es/eboja/2022/228/BOJA22-228-00001-18669-01_00271902.pdf
118,El Descubrimiento 91,"Arena Green Power Ren 87, S.L.U.",solar_fv,favorable_condicionada,,,326.7221,,118,2025-08-28,2025-08-28,Dos Hermanas,41038,Sevilla,https://juntadeandalucia.es/eboja/2025/165/BOJA25-165-00001-11521-01_00325119.pdf
119,Planta solar fotovoltaica el descubrimiento 90,"Arena Green Power Ren 88, S.L.U.",solar_fv,favorable_condicionada,,,,,119,2025-08-28,2025-08-28,Dos Hermanas,41038,Sevilla,https://juntadeandalucia.es/eboja/2025/165/BOJA25-165-00001-11524-01_00325122.pdf
120,ISF Caparacena I,"Energía Claridad, S.L.U.",solar_fv,desconocido,49.99,48.28,,,120,2024-08-28,2024-08-28,Albolote; Colomera; Moclín,18003;18051;18132,Granada,https://juntadeandalucia.es/eboja/2024/167/BOJA24-167-00001-49636-01_00306586.pdf
121,Hidrogenoducto,"Siroco Hydrogen 3, S.L.",otra,en_consulta,,,,,121,2025-07-28,2025-07-28,Arcos de la Frontera; Benalup-Casas Viejas; Bornos; Espera; Jerez de la Frontera; Los Barrios; Medina Sidonia; Paterna de Rivera; Villamartín,11006;11901;11010;11017;11020;11008;11023;11025;11041,Cádiz,https://juntadeandalucia.es/eboja/2025/143/BOJA25-143-00002-10550-01_00324148.pdf
122,Planta solar fotovoltaica Jarico 1,"Jarico Energía 1, S.L.",solar_fv,desfavorable,38.8,,,,122,2023-07-24,2023-07-28,Tarifa,11035,Cádiz,https://juntadeandalucia.es/eboja/2023/140/BOJA23-140-00001-12439-01_00287453.pdf https://juntadeandalucia.es/eboja/2023/144/BOJA23-144-00001-12709-01_00287716.pdf
123,Planta Solar Fotovoltaica Zumajo Solar 2,"Arneb Solar, S.L.",solar_fv,favorable_condicionada,18.009,,,,123,2023-06-28,2023-06-28,Benalup-Casas Viejas; Medina Sidonia,11901;11023,Cádiz,https://juntadeandalucia.es/eboja/2023/122/BOJA23-122-00001-10778-01_00285801.pdf
124,Repotenciación parque eólico Pasada de Tejeda,"Aerogeneradores del Sur, S.A.",eolica,favorable_condicionada,,,,,124,2024-08-01,2026-04-28,Tarifa,11035,Cádiz,https://juntadeandalucia.es/eboja/2024/149/BOJA24-149-00001-48873-01_00305822.pdf https://juntadeandalucia.es/eboja/2024/199/BOJA24-199-00001-51952-01_00308901.pdf https://juntadeandalucia.es/eboja/2026/80/BOJA26-080-00001-5075-01_00336312.pdf
125,Repotenciación P.E. Cortijo de Iruelas,"Corporación Acciona Eólica, S.L.",eolica,favorable_condicionada,13.6,13.6,,,421,2023-04-28,2024-02-12,Tarifa,11035,Cádiz,https://juntadeandalucia.es/eboja/2023/80/BOJA23-080-00001-5576-01_00280619.pdf https://juntadeandalucia.es/eboja/2024/30/BOJA24-030-00001-1004-01_00296459.pdf
126,Repotenciación P.E. El Gallego,"Corporación Acciona Eólica, S.L.",eolica,favorable_condicionada,24.0,24.0,,,165,2023-04-28,2024-03-26,Tarifa,11035,Cádiz,https://juntadeandalucia.es/eboja/2023/80/BOJA23-080-00001-5850-01_00280887.pdf https://juntadeandalucia.es/eboja/2024/60/BOJA24-060-00001-1757-01_00298447.pdf
127,Santa María,"Alcance Fotovoltaico, S.L.",solar_fv,favorable_condicionada,47.186,,,,423,2023-09-22,2026-01-12,Agrón; Albuñuelas; Alhendín; Escúzar; Padul; Ventas de Huelma,18001;18007;18014;18072;18150;18185,Granada,https://juntadeandalucia.es/eboja/2023/183/BOJA23-183-00001-14349-01_00289346.pdf https://juntadeandalucia.es/eboja/2023/220/BOJA23-220-00001-17270-01_00292278.pdf https://juntadeandalucia.es/eboja/2025/60/BOJA25-060-00001-1941-01_00315549.pdf https://juntadeandalucia.es/eboja/2026/6/BOJA26-006-00001-13993-01_00327590.pdf
128,La Carraca Solar PV,"Parque Solar El Carmen PV, S.L.",solar_fv,favorable_condicionada,20.0,,21.5095,,128,2023-03-28,2023-03-28,Huévar del Aljarafe,41051,Sevilla,https://juntadeandalucia.es/eboja/2023/59/BOJA23-059-00001-21367-01_00274688.pdf
129,Repotenciación del Parque Eólico Carrascal I,"Olivento, S.L.",eolica,en_consulta,,,,,192,2026-01-28,2026-07-24,Serón; Tíjola,04083;04092,Almería,https://juntadeandalucia.es/eboja/2026/142/BOJA26-142-00002-9966-01_00341196.pdf https://juntadeandalucia.es/eboja/2026/18/BOJA26-018-00001-956-01_00332180.pdf
130,Planta Fotovoltaica Virgen del Carmen Solar,"Virgen del Carmen Solar, S.L.",solar_fv,sin_resolucion,30.014,22.88,,,130,2019-01-28,2019-01-28,Gibraleón,21035,Huelva,https://juntadeandalucia.es/eboja/2019/18/BOJA19-018-00002-466-01_00148979.pdf
131,Planta solar fotovoltaica Tan Energy 1,"Tayant Investment 12, S.L.",solar_fv,favorable_condicionada,49.8,49.8,,,131,2022-12-27,2022-12-27,Jimena de la Frontera,11021,Cádiz,https://juntadeandalucia.es/eboja/2022/246/BOJA22-246-00001-20147-01_00273642.pdf
132,PVS Chucena,"Chucena FV Cinco, S.L.",solar_fv,favorable_condicionada,20.0,20.0,,,132,2025-11-27,2025-11-27,Chucena,21030,Huelva,https://juntadeandalucia.es/eboja/2025/229/BOJA25-229-00001-15735-01_00329332.pdf
133,Ence Atarfe I,"Granada 133 Solar, S.L.U.",solar_fv,favorable_condicionada,132.89,,,,133,2023-12-11,2024-11-27,Atarfe; Las Gabias; Pinos Puente; Santa Fe; Vegas del Genil,18022;18905;18158;18175;18911,Granada,https://juntadeandalucia.es/eboja/2023/235/BOJA23-235-00001-17869-01_00292888.pdf https://juntadeandalucia.es/eboja/2024/231/BOJA24-231-00001-52695-01_00309645.pdf
134,F.V. Hibridación P.E. El Gallego,"Corporación Acciona Eólica, S.L.U",hibrida,favorable_condicionada,,,,,134,2024-09-27,2024-09-27,Tarifa,11035,Cádiz,https://juntadeandalucia.es/eboja/2024/189/BOJA24-189-00001-50133-01_00307082.pdf
135,F.V. Hibridación P.E. El Ruedo,"Corporación Acciona Eólica, S.L.U.",hibrida,favorable_condicionada,,,,,135,2024-09-27,2024-09-27,Tarifa,11035,Cádiz,https://juntadeandalucia.es/eboja/2024/189/BOJA24-189-00001-50134-01_00307083.pdf
136,F.V. Hibridación P.E. La Manga,"Corporación Acciona Eólica, S.L.U.",hibrida,favorable_condicionada,,,,,136,2024-09-27,2024-09-27,Tarifa,11035,Cádiz,https://juntadeandalucia.es/eboja/2024/189/BOJA24-189-00001-50278-01_00307227.pdf
137,FV Las Encarnaciones,"Encarnaciones Energy, S.L.",solar_fv,favorable_condicionada,46.64,,104.6,,137,2022-09-27,2022-09-27,Carmona,41024,Sevilla,https://juntadeandalucia.es/eboja/2022/186/BOJA22-186-00001-14867-01_00268145.pdf
138,Repotenciación del Parque Eólico Cerradilla II,Olivento S.L.,eolica,en_consulta,,,,,138,2026-07-27,2026-07-27,Serón,04083,Almería,https://juntadeandalucia.es/eboja/2026/143/BOJA26-143-00002-9972-01_00341203.pdf
139,Proyecto de instalación solar fotovoltaica conectada a la Red Peñascal,"La Nave PV, S.L.",solar_fv,favorable_condicionada,4.299,,,,139,2026-07-27,2026-07-27,Olvera; Pruna,11024;41076,Cádiz; Sevilla,https://juntadeandalucia.es/eboja/2026/143/BOJA26-143-00001-8686-01_00339918.pdf
140,Planta Solar Fotovoltaica Cañuelo I,"Delta BB1 Planta Solar, S.L.",solar_fv,favorable_condicionada,36.0,36.0,,,419,2023-07-27,2024-08-12,Los Barrios,11008,Cádiz,https://juntadeandalucia.es/eboja/2023/143/BOJA23-143-00001-12668-01_00287677.pdf https://juntadeandalucia.es/eboja/2023/143/BOJA23-143-00001-12670-01_00287678.pdf https://juntadeandalucia.es/eboja/2024/156/BOJA24-156-00001-48851-01_00305801.pdf
142,PSFV Naranjito 9,"Lemon Tree Power Solar 1, SLU",solar_fv,favorable_condicionada,4.9,4.4,,,142,2023-07-27,2023-07-27,Huévar del Aljarafe; Sanlúcar la Mayor,41051;41087,Sevilla,https://juntadeandalucia.es/eboja/2023/143/BOJA23-143-00001-12155-01_00287179.pdf
143,FV Hibridación PE El Marquesado,"Green Power Wind Marquesado, S.L.U.",hibrida,en_consulta,,,,,143,2025-06-27,2025-06-27,Chiclana de la Frontera; Puerto Real,11015;11028,Cádiz,https://juntadeandalucia.es/eboja/2025/122/BOJA25-122-00001-9109-01_00322708.pdf
144,Campos de Al-Andalus I,"Savanna Power Solar 5, S.L.",solar_fv,favorable_condicionada,49.99,,,,144,2023-03-27,2023-03-27,Gibraleón,21035,Huelva,https://juntadeandalucia.es/eboja/2023/58/BOJA23-058-00001-5017-01_00280067.pdf
145,Campos de Al-Andalus II,"Savanna Power Solar 6, S.L.",solar_fv,favorable_condicionada,49.99,,,,145,2023-03-27,2023-03-27,Gibraleón,21035,Huelva,https://juntadeandalucia.es/eboja/2023/58/BOJA23-058-00001-5328-01_00280384.pdf
146,Repotenciación P.E. El Ruedo,"Corporación Acciona Eólica, S.L.",eolica,favorable_condicionada,16.0,16.0,,,146,2023-06-01,2024-02-27,Tarifa,11035,Cádiz,https://juntadeandalucia.es/eboja/2023/103/BOJA23-103-00001-8555-01_00283588.pdf https://juntadeandalucia.es/eboja/2024/41/BOJA24-041-00001-1447-01_00297428.pdf
147,"Infraestructura común para la Evacuación de las PSFV Almazara Solar, Atlante Solar, Chapitel Solar, Garita Solar y Fortaleza Solar (SET Azora Carmona 30/220kV y LAAT 220kV)",Almazara Solar S.L.,linea_evacuacion,favorable_condicionada,,,,,147,2023-02-27,2023-02-27,Burguillos; Cantillana; Carmona; Castilblanco de los Arroyos; Guillena; Villanueva del Río y Minas; Villaverde del Río,41019;41023;41024;41027;41049;41099;41101,Sevilla,https://juntadeandalucia.es/eboja/2023/39/BOJA23-039-00001-2514-01_00277671.pdf
148,Proyecto de planta fotovoltaica PSFV Tabernas I,"Abei Energy CSPV Eight, S.L.",solar_fv,desconocido,50.0,,,,148,2023-02-27,2023-02-27,Lucainena de las Torres; Tabernas,04060;04088,Almería,https://juntadeandalucia.es/eboja/2023/39/BOJA23-039-00001-2794-01_00277880.pdf
149,Nueva Ronda III,"Vaguadas Renovables 2018, S.L.",solar_fv,favorable_condicionada,7.0,,11.0,,149,2023-02-27,2023-02-27,Ronda,29084,Málaga,https://juntadeandalucia.es/eboja/2023/39/BOJA23-039-00001-2505-01_00277663.pdf
150,Nueva Ronda II,"Vaguadas Renovables 2018, S.L.",solar_fv,favorable_condicionada,7.0,,11.0,,150,2023-02-27,2023-02-27,Ronda,29084,Málaga,https://juntadeandalucia.es/eboja/2023/39/BOJA23-039-00001-2506-01_00277665.pdf
151,Instalación Planta Solar Fotovoltaica Marchenilla VII,"Retiro Energía 5, S.L.U.",solar_fv,favorable_condicionada,41.0,41.0,,,332,2023-01-27,2024-10-16,Jimena de la Frontera; San Martín del Tesorillo,11021;11903,Cádiz,https://juntadeandalucia.es/eboja/2023/18/BOJA23-018-00001-1207-01_00276296.pdf https://juntadeandalucia.es/eboja/2024/202/BOJA24-202-00001-51962-01_00308911.pdf https://juntadeandalucia.es/eboja/2024/91/BOJA24-091-00001-44612-01_00301562.pdf
152,PSF Lucero 1,"SPV Solar Buaya Inversiones, S.L.",solar_fv,favorable_condicionada,49.99,,,,152,2023-01-27,2023-01-27,Carmona,41024,Sevilla,https://juntadeandalucia.es/eboja/2023/18/BOJA23-018-00001-1180-01_00276308.pdf
153,HSF Gerena I,"Inversiones Energy Madrid, S.L.",solar_fv,favorable_condicionada,49.99,,,,153,2023-01-27,2023-01-27,Alcalá del Río; Burguillos; Guillena,41005;41019;41049,Sevilla,https://juntadeandalucia.es/eboja/2023/18/BOJA23-018-00001-1182-01_00276318.pdf
154,HSF Gerena III,"Inversiones Energy Madrid, S.L.",solar_fv,favorable_condicionada,42.01,,,,154,2023-01-27,2023-01-27,Alcalá del Río; Burguillos; Guillena,41005;41019;41049,Sevilla,https://juntadeandalucia.es/eboja/2023/18/BOJA23-018-00001-1183-01_00276305.pdf
155,Salteras 4,"Talar Solar, S.L.U.",solar_fv,favorable_condicionada,22.2,,,,155,2023-01-27,2023-01-27,Salteras,41085,Sevilla,https://juntadeandalucia.es/eboja/2023/18/BOJA23-018-00001-1313-01_00276474.pdf
156,Parque Eólico Villanueva II,"Villanueva Two Energy, S.L.",eolica,favorable_condicionada,18.0,18.0,,,156,2023-01-27,2023-01-27,La Puebla de Cazalla; Pruna; Villanueva de San Juan,41077;41076;41100,Sevilla,https://juntadeandalucia.es/eboja/2023/18/BOJA23-018-00001-1401-01_00276494.pdf
157,Parque eólico Josmanil,"Josmanil Energy, S.L.",eolica,favorable_condicionada,30.0,30.0,,,157,2023-01-27,2023-01-27,La Puebla de Cazalla; Morón de la Frontera,41077;41065,Sevilla,https://juntadeandalucia.es/eboja/2023/18/BOJA23-018-00001-1402-01_00276507.pdf
158,HSF Gerena II,"Inversiones Energy Madrid, S.L.",solar_fv,favorable_condicionada,49.99,,,,158,2023-01-27,2023-01-27,Alcalá del Río; Burguillos; Guillena,41005;41019;41049,Sevilla,https://juntadeandalucia.es/eboja/2023/18/BOJA23-018-00001-1177-01_00276316.pdf
159,HSF PQ1,"Anthophila Energía Renovables, S.L.",solar_fv,favorable_condicionada,16.184,,,,159,2022-09-26,2022-09-26,Carmona; La Rinconada,41024;41081,Sevilla,https://juntadeandalucia.es/eboja/2022/185/BOJA22-185-00001-14767-01_00268041.pdf
160,PSF Camino de Indias 18,"Arena Power Ren 3, S.L.",solar_fv,favorable_condicionada,4.99,,,,160,2024-06-26,2024-06-26,Trigueros,21070,Huelva,https://juntadeandalucia.es/eboja/2024/123/BOJA24-123-00001-46842-01_00303793.pdf
161,Andasol 3,"Marquesado Solar, S.L.",solar_fv,desconocido,,,,,161,2025-05-26,2025-05-26,Aldeire,18010,Granada,https://juntadeandalucia.es/eboja/2025/98/BOJA25-098-00001-2220-01_00315830.pdf
162,Mitralex Tajo de la Encantada,"Mitralex Energía, S.L.",solar_fv,favorable_condicionada,,,,,162,2023-05-26,2023-05-26,Alhaurín de la Torre; Alhaurín el Grande; Cártama,29007;29008;29038,Málaga,https://juntadeandalucia.es/eboja/2023/99/BOJA23-099-00001-8256-01_00283293.pdf
163,Soterramiento de Línea de Evacuación,"Celeno Solar, S.L.",linea_evacuacion,desconocido,43.98,,,,163,2023-02-22,2024-04-26,Teba,29089,Málaga,https://juntadeandalucia.es/eboja/2023/36/BOJA23-036-00001-2504-01_00277662.pdf https://juntadeandalucia.es/eboja/2024/81/BOJA24-081-00001-43589-01_00300539.pdf
164,Guadalquivir 4,"Generadora Eléctrica IV, S.L.",solar_fv,desconocido,,,,,164,2025-03-26,2025-03-26,Bujalance,14012,Córdoba,https://juntadeandalucia.es/eboja/2025/58/BOJA25-058-00001-3393-01_00316998.pdf
166,Ayamonte Solar,"Parque Eólico Ayamonte, S.L.",hibrida,favorable_condicionada,21.3,21.3,,,166,2024-02-26,2024-02-26,Ayamonte; Villablanca,21010;21073,Huelva,https://juntadeandalucia.es/eboja/2024/40/BOJA24-040-00001-1173-01_00296746.pdf
167,Planta solar fotovoltaica TAN Energy 2,"Tayant Investment 13, S.L.",solar_fv,favorable_condicionada,49.8,49.8,,,167,2023-01-26,2023-01-26,Castellar de la Frontera; Jimena de la Frontera; San Roque,11013;11021;11033,Cádiz,https://juntadeandalucia.es/eboja/2023/17/BOJA23-017-00001-910-01_00276032.pdf
168,El Descubrimiento 26,"Arena Green Power Ren 21, S.L.U.",solar_fv,favorable_condicionada,5.0,5.0,,,168,2024-11-25,2024-11-25,San Juan del Puerto; Trigueros,21064;21070,Huelva,https://juntadeandalucia.es/eboja/2024/229/BOJA24-229-00001-54139-01_00311088.pdf
169,SET Danae 220/30 kV y Línea Aérea de Alta Tensión (LASAT) 220 kV SET Danae-SET Ronda Renovables,"Danae Solar, S.L.",linea_evacuacion,caducado,,250.0,,,487,2023-10-25,2024-10-08,Arriate; Ronda; Setenil de las Bodegas,29020;29084;11034,Cádiz; Málaga,https://juntadeandalucia.es/eboja/2023/205/BOJA23-205-00001-16353-01_00291331.pdf https://juntadeandalucia.es/eboja/2024/16/BOJA24-016-00003-612-01_00295751.pdf https://juntadeandalucia.es/eboja/2024/196/BOJA24-196-00001-51738-01_00308687.pdf
170,SET La Reunión y línea aérea de alta tensión 400-220,"Arbotante Solar, S.L.",solar_fv,favorable_condicionada,,,,,170,2022-10-25,2022-10-25,Guillena,41049,Sevilla,https://juntadeandalucia.es/eboja/2022/205/BOJA22-205-00001-16634-01_00269901.pdf
172,Ciudad de Tartessos I,"SAVANNA POWER SOLAR 9, S.L.U.",solar_fv,favorable_condicionada,60.569,51.0,,,172,2021-05-25,2024-02-23,Moguer; Palos de la Frontera; San Juan del Puerto; Trigueros,21050;21055;21064;21070,Huelva,https://juntadeandalucia.es/eboja/2023/163/BOJA23-163-00001-13248-01_00288257.pdf https://www.boe.es/diario_boe/xml.php?id=BOE-B-2021-26387 https://www.boe.es/diario_boe/xml.php?id=BOE-B-2021-52703 https://www.boe.es/diario_boe/xml.php?id=BOE-B-2022-38092 https://www.boe.es/diario_boe/xml.php?id=BOE-B-2024-6179
173,Instalación Solar Fotovoltaica,,otra,desconocido,,,,,173,2024-07-25,2024-07-25,,,,https://juntadeandalucia.es/eboja/2024/144/BOJA24-144-00003-48498-01_00305446.pdf
174,PSFV «HSF Killinton»,"Killington, S.L.",solar_fv,favorable_condicionada,50.022,39.401,,,174,2023-07-25,2023-07-25,Coria del Río; Dos Hermanas,41034;41038,Sevilla,https://juntadeandalucia.es/eboja/2023/141/BOJA23-141-00001-12149-01_00287174.pdf
175,PSFV «HSF Richwood» y LSMT 30 kV,"Richwood Invest, S.L.U.",solar_fv,favorable_condicionada,50.022,39.401,,,175,2023-07-25,2023-07-25,Dos Hermanas,41038,Sevilla,https://juntadeandalucia.es/eboja/2023/141/BOJA23-141-00001-12150-01_00287177.pdf
176,planta solar fotovoltaica (PSFV) y línea subterránea de medio tensión,"LDV Sierra de Arcas, S.L.",solar_fv,favorable_condicionada,,,,,176,2026-05-25,2026-05-25,Antequera; Archidona; Villanueva de Algaidas,29015;29017;29095,Málaga,https://juntadeandalucia.es/eboja/2026/98/BOJA26-098-00001-6096-01_00337333.pdf
177,Proyecto gasoducto para transporte de biometano entre C.M. Miramundo y POS K-07 Gasoducto Tarifa-Córdoba,"Enagas Renovable, S.L.",otra,favorable_condicionada,,,,,243,2023-05-25,2025-01-22,Medina Sidonia,11023,Cádiz,https://juntadeandalucia.es/eboja/2023/98/BOJA23-098-00002-7707-01_00282743.pdf https://juntadeandalucia.es/eboja/2025/14/BOJA25-014-00001-55805-01_00312751.pdf
178,Crisadar Tajo de la Encantada,"Crisadar, S.L.",solar_fv,favorable_condicionada,,,,,178,2023-05-25,2023-05-25,Coín; Cártama,29042;29038,Málaga,https://juntadeandalucia.es/eboja/2023/98/BOJA23-098-00001-8253-01_00283289.pdf
179,Generación de hidrógeno renovable,"Generaciones Eléctricas Andalucía, S.L.",otra,sin_resolucion,,,,,179,2023-04-25,2023-04-25,Los Barrios,11008,Cádiz,https://juntadeandalucia.es/eboja/2023/77/BOJA23-077-00001-6544-01_00281603.pdf
181,PSFV Kurtuba,"Kurtuba Solar, S.L.",solar_fv,favorable_condicionada,13.5675,,,,181,2024-01-25,2024-01-25,Carmona; La Rinconada,41024;41081,Sevilla,https://juntadeandalucia.es/eboja/2024/18/BOJA24-018-00001-431-01_00295494.pdf
182,"Modificación de la línea de evacuación 132 kV de la planta fotovoltaica La Pared 3 y 4, subestación y cambios en módulos fotovoltaicos",GR Solar 2020 S.L.,linea_evacuacion,desconocido,,,,,210,2023-01-25,2024-02-23,Tabernas,04088,Almería,https://juntadeandalucia.es/eboja/2023/16/BOJA23-016-00001-668-01_00275730.pdf https://juntadeandalucia.es/eboja/2024/39/BOJA24-039-00001-911-01_00296228.pdf
183,"Parque Solar Fotovoltaico 49,99 MWP Guadame II","Greenalia Solar Power Guadame II, S.L.U.",solar_fv,favorable_condicionada,49.99,49.99,,,183,2023-01-25,2023-10-09,Marmolejo,23059,Jaén,https://juntadeandalucia.es/eboja/2023/16/BOJA23-016-00001-577-01_00275707.pdf https://juntadeandalucia.es/eboja/2023/194/BOJA23-194-00001-14875-01_00289864.pdf
184,Salteras Solar 1,"Santillán Solar, S.L.U.",solar_fv,favorable_condicionada,49.9,,,,184,2022-11-24,2022-11-24,Salteras,41085,Sevilla,https://juntadeandalucia.es/eboja/2022/226/BOJA22-226-00001-18550-01_00271797.pdf
186,PSF Ronda 2,"Cobra Concesiones, S.L.",solar_fv,favorable_condicionada,,,,,186,2023-02-10,2025-10-24,Cañete la Real; Cuevas del Becerro; Ronda,29035;29048;29084,Málaga,https://juntadeandalucia.es/eboja/2023/28/BOJA23-028-00001-2130-01_00277191.pdf https://juntadeandalucia.es/eboja/2025/205/BOJA25-205-00001-12999-01_00326597.pdf
187,PSFV Hibridación PE Granujales,"Enel Green Power España, S.L.",hibrida,en_consulta,,,,,187,2024-10-24,2024-10-24,Vejer de la Frontera,11039,Cádiz,https://juntadeandalucia.es/eboja/2024/208/BOJA24-208-00001-52749-01_00309697.pdf
188,"Plantas Solares Fotovoltaicas Alambor Solar, Cimera Solar y Coracha Solar y sus infraestructuras comunes de evacuación","Cimera Solar, S.L.",linea_evacuacion,sin_resolucion,,,,,198,2022-10-24,2023-05-24,Atarfe; Pinos Puente,18022;18158,Granada,https://juntadeandalucia.es/eboja/2022/204/BOJA22-204-00001-15950-01_00269219.pdf https://juntadeandalucia.es/eboja/2023/97/BOJA23-097-00001-6837-01_00281877.pdf
189,PSFV El Naranjo 9,Lemon Tree Power Solar 3,solar_fv,favorable_condicionada,4.9,,,,189,2023-08-24,2023-08-24,Alcalá del Río,41005,Sevilla,https://juntadeandalucia.es/eboja/2023/162/BOJA23-162-00001-11843-01_00286866.pdf
190,Repotenciación del Parque Eólico Cerradilla I,"Olivento, S.L.",eolica,en_consulta,,,,,190,2026-07-24,2026-07-24,Serón; Tíjola,04083;04092,Almería,https://juntadeandalucia.es/eboja/2026/142/BOJA26-142-00001-9965-01_00341195.pdf
191,Repotenciación del Parque Eólico Carrascal II,"Olivento, S.L.",eolica,en_consulta,,,,,191,2026-07-24,2026-07-24,Serón,04083,Almería,https://juntadeandalucia.es/eboja/2026/142/BOJA26-142-00001-9967-01_00341197.pdf
193,PSFV Sancho,"Generación Eolicosolar 2, S.L.",solar_fv,desfavorable,19.9,19.9,,,193,2023-07-24,2023-07-24,Gaucín; Jimena de la Frontera,29056;11021,Cádiz; Málaga,https://juntadeandalucia.es/eboja/2023/140/BOJA23-140-00001-12438-01_00287452.pdf
195,Repotenciación P.E. Los Lances,"Sociedad Eólica Los Lances, S.A.",eolica,favorable_condicionada,,,,,355,2023-07-24,2026-07-15,Tarifa,11035,Cádiz,https://juntadeandalucia.es/eboja/2023/140/BOJA23-140-00001-12442-01_00287456.pdf https://juntadeandalucia.es/eboja/2025/67/BOJA25-067-00001-4921-01_00318523.pdf https://juntadeandalucia.es/eboja/2026/135/BOJA26-135-00001-8347-01_00339581.pdf
196,PSFV Bizarrona,"Solarbay Renewable Energy, S.L.",solar_fv,desfavorable,19.98,19.98,,,196,2023-07-24,2023-07-24,El Puerto de Santa María,11027,Cádiz,https://juntadeandalucia.es/eboja/2023/140/BOJA23-140-00001-12444-01_00287458.pdf
197,"Parque Solar Fotovoltaico 49,99 MWp Guadame I","Greenalia Solar Power Guadame I, S.L.U.",solar_fv,desconocido,49.99,,,,197,2023-05-24,2023-05-24,Marmolejo,23059,Jaén,https://juntadeandalucia.es/eboja/2023/97/BOJA23-097-00001-7862-01_00282895.pdf
199,Campos de Al-Andalus III,"Savanna Power Solar 4, S.L.",solar_fv,favorable_condicionada,9.98,,,,199,2023-03-24,2023-03-24,Gibraleón; San Juan del Puerto; Trigueros,21035;21064;21070,Huelva,https://juntadeandalucia.es/eboja/2023/57/BOJA23-057-00001-5019-01_00280071.pdf
200,Planta solar fotovoltaica Puerto de Santa María I,"Puerto de Santa María Energía I, S.L.U.",solar_fv,desfavorable,46.9,46.9,,,200,2025-02-24,2025-02-24,Jerez de la Frontera; Sanlúcar de Barrameda,11020;11032,Cádiz,https://juntadeandalucia.es/eboja/2025/37/BOJA25-037-00001-2462-01_00316071.pdf
201,"Proyecto de planta fotovoltaica ""Benahadux""","Desarrollos Energéticos del Sur, S.L.U.",solar_fv,desconocido,50.0,,,,201,2023-01-24,2023-01-24,Benahadux; Gádor,04024;04047,Almería,https://juntadeandalucia.es/eboja/2023/15/BOJA23-015-00001-672-01_00275737.pdf
202,Ardenis Solar,"Ardenis Solar, S.L.",solar_fv,favorable_condicionada,,,,,202,2023-01-24,2023-01-24,Casarabonela; Pizarra,29040;29080,Málaga,https://juntadeandalucia.es/eboja/2023/15/BOJA23-015-00001-478-01_00275574.pdf
203,FV Santiponce,"Iberdrola Renovables Andalucía, S.A.U.",solar_fv,favorable_condicionada,52.812,45.836,,,203,2022-11-23,2022-11-23,Castilblanco de los Arroyos; Guillena; Salteras; Valencina de la Concepción,41027;41049;41085;41096,Sevilla,https://juntadeandalucia.es/eboja/2022/225/BOJA22-225-00001-15469-01_00268748.pdf
204,Salteras solar 2,"Santillán Solar, S.L.U.",solar_fv,favorable_condicionada,17.0,,,,204,2022-11-23,2022-11-23,Salteras,41085,Sevilla,https://juntadeandalucia.es/eboja/2022/225/BOJA22-225-00001-18556-01_00271815.pdf
205,Planta Solar Fotovoltaica Hibridación Parque Eólico Puerto Real I,Parque Eólico Puerto Real I S.L,hibrida,favorable_condicionada,,,,,205,2023-05-05,2024-09-23,Puerto Real,11028,Cádiz,https://juntadeandalucia.es/eboja/2023/84/BOJA23-084-00001-6941-01_00281978.pdf https://juntadeandalucia.es/eboja/2024/12/BOJA24-012-00001-18541-01_00293614.pdf https://juntadeandalucia.es/eboja/2024/185/BOJA24-185-00001-47443-01_00304393.pdf https://juntadeandalucia.es/eboja/2024/185/BOJA24-185-00001-48509-01_00305457.pdf
207,Planta Solar FV Llanos del Guadalquivir 4,Arena Power Ren 08,solar_fv,favorable_condicionada,4.37,,31.5576,,207,2024-07-23,2024-07-23,La Rinconada,41081,Sevilla,https://juntadeandalucia.es/eboja/2024/142/BOJA24-142-00001-47693-01_00304642.pdf
208,UT1,"Anthophila Energía Renovables, S.L.",solar_fv,favorable_condicionada,52.472,,,,208,2023-03-23,2023-03-23,La Rinconada; Sevilla,41081;41091,Sevilla,https://juntadeandalucia.es/eboja/2023/56/BOJA23-056-00001-1173-01_00276311.pdf
209,Instalación Solar Fotovoltaica Crisadar Gabias,"Crisadar Energía, S.L.",solar_fv,desconocido,,,,,416,2023-03-23,2025-01-13,Las Gabias,18905,Granada,https://juntadeandalucia.es/eboja/2023/56/BOJA23-056-00001-5018-01_00280068.pdf https://juntadeandalucia.es/eboja/2025/7/BOJA25-007-00001-103-01_00313716.pdf
211,La Morera,,eolica,desconocido,,,,,211,2023-02-23,2023-02-23,Casares; Manilva,29041;29068,Málaga,https://juntadeandalucia.es/eboja/2023/37/BOJA23-037-00001-2138-01_00277217.pdf
212,Parque Eólico «La Utrera»,,eolica,desconocido,,,,,212,2023-02-23,2023-02-23,Casares; Manilva,29041;29068,Málaga,https://juntadeandalucia.es/eboja/2023/37/BOJA23-037-00001-2512-01_00277668.pdf
213,Planta Solar Fotovoltaica OPDE Íllora 2,"Planta Solar OPDE 20, S.L.; Planta Solar OPDE 21, S.L.",solar_fv,sin_resolucion,99.98,,,,213,2023-02-23,2023-02-23,Chimeneas; Pinos Puente; Íllora,18061;18158;18102,Granada,https://juntadeandalucia.es/eboja/2023/37/BOJA23-037-00001-1411-01_00276458.pdf
214,"Línea MT, SET Promotores Puerto de Santa María 30/220kV y Línea Aérea-Subterránea","Puerto Solar Energy, S.L.U.",linea_evacuacion,favorable_condicionada,,,,,214,2024-02-01,2025-01-23,Jerez de la Frontera; Sanlúcar de Barrameda,11020;11032,Cádiz,https://juntadeandalucia.es/eboja/2024/23/BOJA24-023-00002-376-01_00295415.pdf https://juntadeandalucia.es/eboja/2025/15/BOJA25-015-00001-55943-01_00312890.pdf
216,Infraestructuras de evacuación del conjunto fotovoltaico PVS Chucena 4 x 5 MW. Subestación eléctrica 66/30 kV «Chucena PV colectora» y LAT 66 KV SET Chucena PV Colectora-SET Chucena-MGE,"Chucena Evacuación, S.L.",linea_evacuacion,favorable_condicionada,,,,,216,2025-12-22,2025-12-22,Chucena,21030,Huelva,https://juntadeandalucia.es/eboja/2025/245/BOJA25-245-00001-16864-01_00330462.pdf
217,Planta solar fotovoltaica Chiclana 3,"Invercapital Solar, S.L.",solar_fv,favorable_condicionada,8.5,8.5,,,217,2022-12-22,2022-12-22,Chiclana de la Frontera,11015,Cádiz,https://juntadeandalucia.es/eboja/2022/244/BOJA22-244-00001-20342-01_00273575.pdf
218,Planta Solar Fotovoltaica «Carmona» 50 MWp,"Vegateseo Solar, S.L.",solar_fv,favorable_condicionada,50.0,,,,218,2022-12-22,2022-12-22,La Rinconada; Santiponce; Sevilla,41081;41089;41091,Sevilla,https://juntadeandalucia.es/eboja/2022/244/BOJA22-244-00001-20297-01_00273495.pdf
219,Hoyas Grandes I,"Solar de la Contraviesa 1, S.L.; Solar de la Contraviesa 2, S.L.",solar_fv,desconocido,,,,,219,2022-12-22,2022-12-22,Ventas de Huelma,18185,Granada,https://juntadeandalucia.es/eboja/2022/244/BOJA22-244-00001-19265-01_00272544.pdf
220,Proyecto de planta fotovoltaica FV Indalo I,Alfanar Energía España S.L.,solar_fv,desconocido,50.0,,,,220,2023-11-22,2023-11-22,Balanegra; Berja; Dalías,04904;04029;04038,Almería,https://juntadeandalucia.es/eboja/2023/224/BOJA23-224-00001-2791-01_00277879.pdf
221,Planta solar fotovoltaica Señora de la Paz,"EDP Renovables España, S.L.",solar_fv,favorable_condicionada,,,,,221,2022-11-22,2022-11-22,Medina Sidonia,11023,Cádiz,https://juntadeandalucia.es/eboja/2022/224/BOJA22-224-00001-17803-01_00271049.pdf
222,PSFV Jerez,"Urbasolar España Planta FV 3, S.L.",solar_fv,favorable_condicionada,,,,,222,2024-10-22,2024-10-22,Puerto Real,11028,Cádiz,https://juntadeandalucia.es/eboja/2024/206/BOJA24-206-00001-52261-01_00309209.pdf
226,Planta Fotovoltaica López Sancho II,"Geolisol B, S.L.",solar_fv,favorable_condicionada,23.0,23.0,,,448,2022-09-22,2023-03-10,Casares; Manilva; San Martín del Tesorillo; San Roque,29041;29068;11903;11033,Cádiz; Málaga,https://juntadeandalucia.es/eboja/2022/183/BOJA22-183-00003-14809-01_00268084.pdf https://juntadeandalucia.es/eboja/2023/47/BOJA23-047-00001-4219-01_00279298.pdf
227,Planta Solar FV Llanos del Guadalquivir 2,Arena Power Ren 06,solar_fv,favorable_condicionada,4.99,4.99,33.6171,,227,2024-07-22,2024-07-22,La Rinconada,41081,Sevilla,https://juntadeandalucia.es/eboja/2024/141/BOJA24-141-00001-47691-01_00304640.pdf
228,Planta Solar FV Llanos del Guadalquivir 3,Arena Power Ren 07,solar_fv,desconocido,4.37,,40.6335,,228,2024-07-22,2024-07-22,La Rinconada,41081,Sevilla,https://juntadeandalucia.es/eboja/2024/141/BOJA24-141-00001-47692-01_00304641.pdf
229,Planta Solar Fotovoltaica Loma de los Pinos,Parque Eólico Loma de los Pinos,solar_fv,favorable_condicionada,12.48,8.5,,,229,2023-12-01,2024-07-22,Lebrija,41053,Sevilla,https://juntadeandalucia.es/eboja/2023/231/BOJA23-231-00002-17143-01_00292142.pdf https://juntadeandalucia.es/eboja/2024/141/BOJA24-141-00001-47740-01_00304689.pdf
230,Planta Solar FV Llanos del Guadalquivir 6,Arena Power Ren 09,solar_fv,favorable_condicionada,4.37,4.37,40.6335,,230,2024-07-22,2024-07-22,La Rinconada,41081,Sevilla,https://juntadeandalucia.es/eboja/2024/141/BOJA24-141-00001-47688-01_00304637.pdf
231,Planta Solar FV Llanos del Guadalquivir 1,Arena Power Ren 05,solar_fv,favorable_condicionada,4.99,4.99,45.7061,,231,2024-07-22,2024-07-22,La Rinconada,41081,Sevilla,https://juntadeandalucia.es/eboja/2024/141/BOJA24-141-00001-47756-01_00304706.pdf
232,Línea aéreo-subterránea 15 kV de evacuación de las plantas solares fotovoltaicas El Naranjo 8 y PSFV El Naranjo 9,"Lemon Tree Power Solar 3, S.L.U.",linea_evacuacion,favorable_condicionada,,,,,232,2024-07-22,2024-07-22,Alcalá del Río,41005,Sevilla,https://juntadeandalucia.es/eboja/2024/141/BOJA24-141-00001-48114-01_00305063.pdf
233,Planta Solar FV Llanos del Guadalquivir 5,Arena Power Ren 09,solar_fv,favorable_condicionada,4.37,4.37,33.6171,,233,2024-07-22,2024-07-22,La Rinconada,41081,Sevilla,https://juntadeandalucia.es/eboja/2024/141/BOJA24-141-00001-47689-01_00304639.pdf
234,Parque Solar Fotovoltaico La Zarza-Arcos 2,"Premier Tartessos I, S.L.",solar_fv,sin_resolucion,,,,,234,2024-04-22,2024-04-22,Puerto Real; San Fernando,11028;11031,Cádiz,https://juntadeandalucia.es/eboja/2024/77/BOJA24-077-00001-43429-01_00300377.pdf
235,PSF Solar Airport PV,"Solar Airport PV, S.L.U.",solar_fv,favorable_condicionada,56.99,,,,564,2023-01-12,2024-06-03,La Rinconada,41081,Sevilla,https://juntadeandalucia.es/eboja/2023/7/BOJA23-007-00001-21688-01_00275278.pdf https://juntadeandalucia.es/eboja/2024/106/BOJA24-106-00001-45467-01_00302417.pdf https://juntadeandalucia.es/eboja/2024/38/BOJA24-038-00002-1456-01_00297444.pdf
236,Planta solar fotovoltaica Santo Domingo Solar,"Solar AF 2018 Uno, S.L.",solar_fv,favorable_condicionada,34.5,,,,236,2023-02-22,2023-02-22,San Roque,11033,Cádiz,https://juntadeandalucia.es/eboja/2023/36/BOJA23-036-00001-919-01_00276016.pdf
237,PSF Campanilla Solar,"Loina Investments, S.L.U",solar_fv,favorable_condicionada,5.6,,,,237,2023-02-22,2023-02-22,Benacazón; Huévar del Aljarafe,41015;41051,Sevilla,https://juntadeandalucia.es/eboja/2023/36/BOJA23-036-00001-2951-01_00278053.pdf
238,Agatha,"Agatha Energía, S.L.",solar_fv,favorable_condicionada,50.0,,,,238,2023-02-22,2023-02-22,Alcalá de Guadaíra,41004,Sevilla,https://juntadeandalucia.es/eboja/2023/36/BOJA23-036-00001-2953-01_00278061.pdf
239,Planta Solar Fotovoltaica «Heracles»,"Heracles Solar, S.L.",solar_fv,favorable_condicionada,50.0,,,,239,2023-02-22,2023-02-22,Alcalá de Guadaíra,41004,Sevilla,https://juntadeandalucia.es/eboja/2023/36/BOJA23-036-00001-2954-01_00278056.pdf
241,"Parque Solar Fotovoltaico 49,99 MWP Guadame IV","Greenalia Solar PowerGuadame IV, S.L.U.",solar_fv,favorable_condicionada,49.99,,,,241,2023-02-22,2023-10-09,Marmolejo,23059,Jaén,https://juntadeandalucia.es/eboja/2023/194/BOJA23-194-00001-14873-01_00289874.pdf https://juntadeandalucia.es/eboja/2023/36/BOJA23-036-00001-2608-01_00277799.pdf
242,Parque Solar Fotovoltaico Alcalá I,"Premier Sol del Sur 3, S.L.",solar_fv,favorable_condicionada,,,,,242,2026-01-22,2026-01-22,Alcalá de Guadaíra; Dos Hermanas,41004;41038,Sevilla,https://juntadeandalucia.es/eboja/2026/14/BOJA26-014-00001-327-01_00331554.pdf
244,PSFV Beato,"Luxida Solar, S.L.",solar_fv,favorable_condicionada,,,,,244,2025-01-22,2025-01-22,Chiclana de la Frontera; Puerto Real,11015;11028,Cádiz,https://juntadeandalucia.es/eboja/2025/14/BOJA25-014-00001-502-01_00314112.pdf
245,Marmolejo Solar,"FRV Arroyadas 1, S.L.U.",solar_fv,desconocido,35.0,,,,245,2025-11-21,2025-11-21,Lopera,23056,Jaén,https://juntadeandalucia.es/eboja/2025/225/BOJA25-225-00001-14973-01_00328570.pdf
246,Planta Solar Fotovoltaica «CA1»,"Anthophila Energía Renovables, S.L.",solar_fv,favorable_condicionada,11.0,11.0,,,246,2022-09-21,2022-09-21,La Rinconada; Sevilla,41081;41091,Sevilla,https://juntadeandalucia.es/eboja/2022/182/BOJA22-182-00001-14765-01_00268044.pdf
247,PSFV Mesa Roldán 5,"Turgallium Solar 1, S.L.",solar_fv,favorable_condicionada,2.5,2.5,,,247,2026-08-21,2026-08-21,Vejer de la Frontera,11039,Cádiz,https://juntadeandalucia.es/eboja/2026/162/BOJA26-162-00001-8343-01_00339577.pdf
248,PSFV «HSF Granville»,"Granville Invest, S.L.U.",solar_fv,favorable_condicionada,50.022,39.401,,,248,2023-07-21,2023-07-21,Coria del Río; Dos Hermanas,41034;41038,Sevilla,https://juntadeandalucia.es/eboja/2023/139/BOJA23-139-00001-12152-01_00287178.pdf
249,PSFV «HSF Plumlee»,"Plumlee, S.L.U.",solar_fv,favorable_condicionada,50.115,46.7,,,249,2023-07-21,2023-07-21,Dos Hermanas,41038,Sevilla,https://juntadeandalucia.es/eboja/2023/139/BOJA23-139-00001-12209-01_00287235.pdf
251,Infraestructura de evacuación del Proyecto eólico La Granada y Zufre,"Bogaris PV22, S.L.U.",linea_evacuacion,favorable_condicionada,46.6,46.6,,,251,2023-06-02,2025-03-21,La Granada de Río-Tinto; Nerva; Zufre,21036;21052;21079,Huelva,https://juntadeandalucia.es/eboja/2023/104/BOJA23-104-00001-9349-01_00284381.pdf https://juntadeandalucia.es/eboja/2025/55/BOJA25-055-00001-3684-01_00317289.pdf
252,Repotenciación P.E. Tahivilla,"EDP Renovables España, S.L.",hibrida,en_consulta,,,,,559,2024-03-21,2025-02-04,Tarifa,11035,Cádiz,https://juntadeandalucia.es/eboja/2024/57/BOJA24-057-00001-1372-01_00297212.pdf https://juntadeandalucia.es/eboja/2025/23/BOJA25-023-00001-1312-01_00314922.pdf
253,Planta solar fotovoltaica Doha Jaén 2,"Doha Jaén 2, S.L.",solar_fv,favorable_condicionada,49.9,,,,253,2023-02-21,2023-02-21,Castellar de la Frontera; Los Barrios; San Roque,11013;11008;11033,Cádiz,https://juntadeandalucia.es/eboja/2023/35/BOJA23-035-00001-914-01_00276034.pdf
254,PSF Esparragal II,"FRV Corchitos II Solar, S.L.",solar_fv,favorable_condicionada,,,,,254,2023-02-21,2023-02-21,Guillena,41049,Sevilla,https://juntadeandalucia.es/eboja/2023/35/BOJA23-035-00001-2515-01_00277672.pdf
255,Proyecto de planta fotovoltaica Benahadux Solar 59,"Desarrollos Fotovoltaicos Ibéricos 25, S.L.",solar_fv,desconocido,49.9,,,,255,2023-02-21,2023-02-21,Benahadux; Gádor; Huércal de Almería,04024;04047;04052,Almería,https://juntadeandalucia.es/eboja/2023/35/BOJA23-035-00001-2090-01_00277236.pdf
256,Deneb Solar,"Deneb Solar, S.L.",solar_fv,desconocido,43.98,,,,256,2023-02-21,2023-02-21,Teba,29089,Málaga,https://juntadeandalucia.es/eboja/2023/35/BOJA23-035-00001-2051-01_00277153.pdf
257,Parque solar fotovoltaico 30 MWP Marmolejo Solar I,"Greenalia Solar Power San Julián I, S.L.U.",solar_fv,favorable_condicionada,30.0,30.0,,,257,2023-02-21,2023-10-09,Lopera; Marmolejo,23056;23059,Jaén,https://juntadeandalucia.es/eboja/2023/194/BOJA23-194-00001-14865-01_00289857.pdf https://juntadeandalucia.es/eboja/2023/35/BOJA23-035-00001-2610-01_00277804.pdf
258,"Parque Solar Fotovoltaico 49,99 MWp Guadame III","Greenalia Solar PowerGuadame III, S.L.U.",solar_fv,favorable_condicionada,49.99,,,,258,2023-02-21,2023-10-10,Arjona; Lopera; Marmolejo,23006;23056;23059,Jaén,https://juntadeandalucia.es/eboja/2023/195/BOJA23-195-00001-14869-01_00289860.pdf https://juntadeandalucia.es/eboja/2023/35/BOJA23-035-00001-2619-01_00277808.pdf
259,Parque solar fotovoltaico 30 MWp Marmolejo Solar II,"Greenalia Solar Power San Julián II, S.L.U.",solar_fv,favorable_condicionada,30.0,30.0,,,259,2023-02-21,2023-09-15,Marmolejo,23059,Jaén,https://juntadeandalucia.es/eboja/2023/178/BOJA23-178-00001-13867-01_00288870.pdf https://juntadeandalucia.es/eboja/2023/35/BOJA23-035-00001-2622-01_00277810.pdf
260,Parque solar fotovoltaico Zumajo I,"Greenalia Solar Power Zumajo I, S.L.U.",solar_fv,favorable_condicionada,49.99,,,,260,2023-02-21,2023-10-09,Marmolejo,23059,Jaén,https://juntadeandalucia.es/eboja/2023/194/BOJA23-194-00001-14864-01_00289856.pdf https://juntadeandalucia.es/eboja/2023/35/BOJA23-035-00001-2627-01_00277811.pdf
261,"Parque Solar Fotovoltaico 49,99 MWP Zumajo II","Greenalia Solar Power Zumajo II, S.L.U.",solar_fv,favorable_condicionada,49.99,49.99,,,261,2023-02-21,2023-10-09,Arjona; Lopera; Marmolejo,23006;23056;23059,Jaén,https://juntadeandalucia.es/eboja/2023/194/BOJA23-194-00001-14868-01_00289859.pdf https://juntadeandalucia.es/eboja/2023/35/BOJA23-035-00001-2628-01_00277812.pdf
262,Parque Eólico Parapanda,"Dalton Gestión de Activos, S.L.",eolica,desconocido,,,,,262,2023-12-20,2023-12-20,Montefrío; Íllora,18135;18102,Granada,https://juntadeandalucia.es/eboja/2023/242/BOJA23-242-00001-18793-01_00293898.pdf
263,Rotasol Energy III,"Rotasol Energy III, S.L.",solar_fv,favorable_condicionada,21.861,,,,263,2022-12-20,2022-12-20,Dos Hermanas,41038,Sevilla,https://juntadeandalucia.es/eboja/2022/242/BOJA22-242-00001-20288-01_00273515.pdf
264,Planta Solar Fotovoltaica Mesa Roldán 3,"Turgallium Solar 1, S.L.",solar_fv,favorable_condicionada,,,,,264,2024-11-20,2024-11-20,Conil de la Frontera; Vejer de la Frontera,11014;11039,Cádiz,https://juntadeandalucia.es/eboja/2024/226/BOJA24-226-00001-52263-01_00309213.pdf
265,Camino de Indias 21,"Arena Green Power Ren 9, S.L.U.",solar_fv,favorable_condicionada,4.99,,,,265,2024-11-20,2024-11-20,San Juan del Puerto,21064,Huelva,https://juntadeandalucia.es/eboja/2024/226/BOJA24-226-00001-52566-01_00309515.pdf
266,Subestación Eléctrica Villegas y línea subterránea de alta tensión,"Energía, Innovación y Desarrollo Fotovoltaico, S.A.",linea_evacuacion,desfavorable,,,,,266,2023-10-20,2023-10-20,Los Barrios,11008,Cádiz,https://juntadeandalucia.es/eboja/2023/202/BOJA23-202-00001-16091-01_00291071.pdf
267,PSFV Benacazón,"Green Stone Renewable VI, S.L.",solar_fv,favorable_condicionada,25.99,20.0,,,267,2022-09-20,2022-09-20,Huévar del Aljarafe,41051,Sevilla,https://juntadeandalucia.es/eboja/2022/181/BOJA22-181-00001-14483-01_00267769.pdf
269,Beliche Amate,"Beliche Solar, S.L.",almacenamiento,favorable_condicionada,,,,,269,2026-02-20,2026-02-20,Sevilla,41091,Sevilla,https://juntadeandalucia.es/eboja/2026/35/BOJA26-035-00001-1780-01_00333005.pdf
270,"Planta Solar Fotovoltaica Los Romanos, Planta Solar Fotovoltaica El Puente, Planta Solar Fotovoltaica La Caracola","Macrina Solar 15, S.L.U.",solar_fv,desfavorable,14.85,14.85,,,270,2026-02-20,2026-02-20,Atarfe; Pinos Puente; Santa Fe,18022;18158;18175,Granada,https://juntadeandalucia.es/eboja/2026/35/BOJA26-035-00001-2264-01_00333489.pdf
271,Ingrina Amate,"Ingrina Solar, S.L.",almacenamiento,favorable_condicionada,,,,,271,2026-02-20,2026-02-20,Sevilla,41091,Sevilla,https://juntadeandalucia.es/eboja/2026/35/BOJA26-035-00001-1782-01_00333007.pdf
272,Fregenal Amate,"Fregenal Solar, S.L.",almacenamiento,favorable_condicionada,,,,,272,2026-02-20,2026-02-20,Sevilla,41091,Sevilla,https://juntadeandalucia.es/eboja/2026/35/BOJA26-035-00001-1781-01_00333006.pdf
273,Planta solar fotovoltaica Puerto de Santa María II,"Puerto de Santa María Energía II, S.L.U.",solar_fv,desfavorable,46.9,46.9,,,273,2025-02-20,2025-02-20,Jerez de la Frontera; Sanlúcar de Barrameda,11020;11032,Cádiz,https://juntadeandalucia.es/eboja/2025/35/BOJA25-035-00001-2359-01_00315968.pdf
274,Guadame Solar 4,"Gacrux Solar, S.L.",solar_fv,favorable_condicionada,35.496,,,,274,2023-02-20,2023-02-20,Bujalance; Córdoba; El Carpio,14012;14021;14018,Córdoba,https://juntadeandalucia.es/eboja/2023/34/BOJA23-034-00001-1835-01_00276934.pdf
275,PSF Garita Solar e Infraestructura Evacuación (Líneas 30 kV),"Garita Solar, S.L.",solar_fv,favorable_condicionada,46.0,36.3,,,275,2023-01-20,2023-01-20,Carmona,41024,Sevilla,https://juntadeandalucia.es/eboja/2023/13/BOJA23-013-00001-21047-01_00274555.pdf
276,PSF Chapitel Solar,"Chapitel Solar, S.L.",solar_fv,favorable_condicionada,46.0,36.3,,,276,2023-01-20,2023-01-20,Carmona,41024,Sevilla,https://juntadeandalucia.es/eboja/2023/13/BOJA23-013-00001-21048-01_00274554.pdf
277,Proyecto de instalación solar fotovoltaica Pulpí II,"Energía, Innovación y Desarrollo Fotovoltaico, S.A.",solar_fv,desconocido,1.098,0.998,,,277,2023-01-20,2023-01-20,Cuevas del Almanzora; Pulpí,04035;04075,Almería,https://juntadeandalucia.es/eboja/2023/13/BOJA23-013-00001-684-01_00275735.pdf
278,Proyecto de Planta Solar Fotovoltaica Cacín Solar I,"Fotovoltaica Puerto Cruz II, S.L.",solar_fv,desconocido,25.0,,,,278,2023-01-20,2023-01-20,Almócita,04014,Almería,https://juntadeandalucia.es/eboja/2023/13/BOJA23-013-00001-678-01_00275731.pdf
279,Hinojos B,"Energías Renovables de Titania, S.L.",solar_fv,desconocido,49.49,44.0,,,279,2023-01-20,2023-01-20,Huelva,21041,Huelva,https://juntadeandalucia.es/eboja/2023/13/BOJA23-013-00001-411-01_00275512.pdf
280,Planta Solar Fotovoltaica «Hinojos A»,"Energías Renovables de Prometeo, S.L.",solar_fv,favorable_condicionada,49.49,44.0,,,280,2023-01-20,2023-01-20,Huelva; Palos de la Frontera,21041;21055,Huelva,https://juntadeandalucia.es/eboja/2023/13/BOJA23-013-00001-414-01_00275513.pdf
281,PSF Fortaleza Solar,"Fortaleza Solar, S.L.",solar_fv,favorable_condicionada,46.0,36.3,,,281,2023-01-20,2023-01-20,Carmona,41024,Sevilla,https://juntadeandalucia.es/eboja/2023/13/BOJA23-013-00001-21046-01_00274804.pdf
282,Ermita de Alcolea I,Serrata de Tabernas S.L.,solar_fv,desconocido,4.0,4.0,,,282,2023-01-20,2023-01-20,Alcolea; Laujar de Andarax,04007;04057,Almería,https://juntadeandalucia.es/eboja/2023/13/BOJA23-013-00001-682-01_00275732.pdf
283,PSF Atlante Solar e Infraestructura Evacuación (Líneas 30 kV),"Atlante Solar, S.L.",solar_fv,favorable_condicionada,46.0,36.3,,,283,2023-01-20,2023-01-20,Carmona,41024,Sevilla,https://juntadeandalucia.es/eboja/2023/13/BOJA23-013-00001-21037-01_00274532.pdf
284,PSF Greencar 1,"Green Ric Energy, S.L.U.",solar_fv,favorable_condicionada,39.566,30.0,,,284,2023-01-20,2023-01-20,Carmona,41024,Sevilla,https://juntadeandalucia.es/eboja/2023/13/BOJA23-013-00001-21041-01_00274690.pdf
285,PSF Greencar 3,"Green Ric Energy, S.L.U.",solar_fv,favorable_condicionada,26.5437,23.66,,,285,2023-01-20,2023-01-20,Carmona,41024,Sevilla,https://juntadeandalucia.es/eboja/2023/13/BOJA23-013-00001-21687-01_00275269.pdf
286,FV Los Mangos,"Mangos Energy, S.L.",solar_fv,favorable_condicionada,46.64,,100.6,,292,2022-10-19,2023-05-19,Alcalá de Guadaíra,41004,Sevilla,https://juntadeandalucia.es/eboja/2022/201/BOJA22-201-00001-15686-01_00268967.pdf https://juntadeandalucia.es/eboja/2023/94/BOJA23-094-00001-5314-01_00280368.pdf
287,"Plantas Solares Fotovoltaicas Andújar I, Andújar II y Andújar III, S.E. Colectora Ence Andújar 220 kV y Línea Eléctrica Aérea 220 kV simple circuito desde S.E. Colector a Ence Andújar 220 kV a Subestación de Andújar 220 kV REE","Ence Energía, S.L.U.",solar_fv,favorable_condicionada,,,,,287,2022-10-19,2022-10-19,Andújar,23005,Jaén,https://juntadeandalucia.es/eboja/2022/201/BOJA22-201-00001-15968-01_00269295.pdf
288,HSF Arbotante Solar,"Arbotante Solar, S.L.",solar_fv,favorable_condicionada,45.0,,,,288,2022-09-19,2022-09-19,Guillena,41049,Sevilla,https://juntadeandalucia.es/eboja/2022/180/BOJA22-180-00001-14069-01_00267353.pdf
289,PSFV INTI Costa de la Luz,"INTI Energias Renovables, S.L.",solar_fv,desfavorable,,,,,289,2023-07-19,2023-07-19,Los Barrios,11008,Cádiz,https://juntadeandalucia.es/eboja/2023/137/BOJA23-137-00001-12128-01_00287149.pdf
290,Instalación Solar Fotovoltaica Castilla,"GCL Castilla Fotovoltaica Energía, S.L.",solar_fv,desfavorable,10.0,10.0,,,414,2023-07-19,2025-01-13,Los Barrios,11008,Cádiz,https://juntadeandalucia.es/eboja/2023/137/BOJA23-137-00001-12145-01_00287165.pdf https://juntadeandalucia.es/eboja/2025/7/BOJA25-007-00001-132-01_00313745.pdf
291,PSFV Global 2,"Global Solar Energy Dos, S.L.U.",solar_fv,desfavorable,49.99,,,,291,2023-07-19,2023-07-19,Tarifa,11035,Cádiz,https://juntadeandalucia.es/eboja/2023/137/BOJA23-137-00001-12154-01_00287173.pdf
293,Planta fotovoltaica Salomé,"Enel Green Power España, S.L.",solar_fv,favorable_condicionada,30.75,30.75,,,293,2025-02-19,2025-02-19,Baza; Zújar,18023;18194,Granada,https://juntadeandalucia.es/eboja/2025/34/BOJA25-034-00001-1873-01_00315483.pdf
294,PSF Almazara Solar,"Almazara Solar, S.L.",solar_fv,favorable_condicionada,46.0,36.3,,,294,2023-01-19,2023-01-19,Carmona,41024,Sevilla,https://juntadeandalucia.es/eboja/2023/12/BOJA23-012-00001-21045-01_00274803.pdf
295,PSFV «Carmo 3»,"Argon Sostenible, S.L.",solar_fv,favorable_condicionada,50.0,36.665,,,295,2023-01-19,2023-01-19,Carmona,41024,Sevilla,https://juntadeandalucia.es/eboja/2023/12/BOJA23-012-00001-21683-01_00275280.pdf
296,Venta Angulo,"Generación Fotovoltaica Meridional, S.L.U.",solar_fv,desfavorable,,37.2,,,296,2023-12-18,2023-12-18,Caniles,18039,Granada,https://juntadeandalucia.es/eboja/2023/240/BOJA23-240-00001-18934-01_00294055.pdf
297,Planta solar fotovoltaica Tan Energy 4,"Tayant Investment 15, S.L.",solar_fv,favorable_condicionada,49.8,,,,297,2022-11-18,2022-11-18,Jimena de la Frontera,11021,Cádiz,https://juntadeandalucia.es/eboja/2022/222/BOJA22-222-00001-17840-01_00271110.pdf
298,F.V. Hibridación P.E. La Torre,"Corporación Acciona Eólica, S.L.U.",hibrida,favorable_condicionada,,,,,298,2024-10-18,2024-10-18,Tarifa,11035,Cádiz,https://juntadeandalucia.es/eboja/2024/204/BOJA24-204-00001-51683-01_00308632.pdf
299,Planta Solar Fotovoltaica «Salteras 5»,"Salteras 5 Solar, S.L.",solar_fv,favorable_condicionada,15.0,12.0,,,299,2024-10-18,2024-10-18,Salteras,41085,Sevilla,https://juntadeandalucia.es/eboja/2024/204/BOJA24-204-00001-52087-01_00309036.pdf
300,"planta solar fotovoltaica ""Turia""",Desarrollos Energéticos del Turia S.L.,solar_fv,desconocido,49.97,,,,300,2024-09-18,2024-09-18,Lucainena de las Torres; Tabernas,04060;04088,Almería,https://juntadeandalucia.es/eboja/2024/182/BOJA24-182-00001-49855-01_00306805.pdf
301,El Cortijo,"Amapola Desarrollos España, S.L.; Roble Desarrollos Fotovoltaicos España, S.L.",solar_fv,favorable_condicionada,,89.745,,,301,2025-05-13,2025-08-18,Huéneja,18097,Granada,https://juntadeandalucia.es/eboja/2025/157/BOJA25-157-00001-9916-01_00323515.pdf https://juntadeandalucia.es/eboja/2025/89/BOJA25-089-00001-5255-01_00318856.pdf
302,LAT 220 KV Burguillos-Ice Guillena (Tramo AP. 117 - AP.34),Inversiones Energy Madrid S.L.,linea_evacuacion,favorable_condicionada,,,,,302,2024-07-18,2024-07-18,Guillena,41049,Sevilla,https://juntadeandalucia.es/eboja/2024/139/BOJA24-139-00001-47819-01_00304769.pdf
303,Planta Solar Fotovoltaica «Maenuba Solar,"Caparra Solar 1, S.L.",solar_fv,favorable_condicionada,,,,,303,2025-06-18,2025-06-18,Benacazón; Huévar del Aljarafe,41015;41051,Sevilla,https://juntadeandalucia.es/eboja/2025/115/BOJA25-115-00001-8162-01_00321761.pdf
304,Parque Eolico Híbrido Jerez,"Generadora Eléctrica V, S.L.",hibrida,en_consulta,85.0,85.0,84.17,,304,2024-09-20,2025-03-18,Jerez de la Frontera,11020,Cádiz,https://juntadeandalucia.es/eboja/2025/52/BOJA25-052-00001-3751-01_00317356.pdf https://www.boe.es/diario_boe/xml.php?id=BOE-B-2024-33067
305,Aprovechamiento de aguas regeneradas para riego,Comunidad de Regantes de Alcalá la Real,solar_fv,sin_resolucion,0.343,0.3,399.71,,305,2023-01-18,2023-01-18,,,,https://juntadeandalucia.es/eboja/2023/11/BOJA23-011-00003-575-01_00275641.pdf
306,"Proyecto de mejora ambiental, generación eléctrica con energías renovables y extractora de aceite de orujo de planta de tratamiento de orujo","Bioland Energy, S.L.",otra,sin_resolucion,,,,,522,2023-07-06,2024-12-17,La Carolina; Linares,23024;23055,Jaén,https://juntadeandalucia.es/eboja/2023/128/BOJA23-128-00001-11375-01_00286401.pdf https://juntadeandalucia.es/eboja/2024/243/BOJA24-243-00001-55206-01_00312153.pdf
307,Vico,"Villar Mir Energía, S.L.",eolica,desconocido,,,,,307,2023-11-17,2023-11-17,Albuñuelas; Dúrcal; El Pinar; El Valle; Los Guájares; Villamena; Vélez de Benaudalla,18007;18071;18910;18902;18906;18908;18184,Granada,https://juntadeandalucia.es/eboja/2023/221/BOJA23-221-00001-17029-01_00292031.pdf
308,El Montecillo,"Onatrium Solar 3, S.L.",solar_fv,desconocido,49.97,38.0,,,308,2022-11-17,2022-11-17,Montemayor; Montilla,14041;14042,Córdoba,https://juntadeandalucia.es/eboja/2022/221/BOJA22-221-00001-16789-01_00270061.pdf
309,Planta Fotovoltaica «Vitas»,"Unión de Plantas Fotovoltaicas, S.L.U.",solar_fv,desconocido,22.0,22.0,,,309,2022-11-17,2022-11-17,Íllora,18102,Granada,https://juntadeandalucia.es/eboja/2022/221/BOJA22-221-00001-17725-01_00270994.pdf
310,La Herrera,"EDP Renovables España, S.L.U.",solar_fv,favorable_condicionada,,,,,373,2022-10-17,2024-02-14,Antequera,29015,Málaga,https://juntadeandalucia.es/eboja/2022/199/BOJA22-199-00001-15258-01_00268534.pdf https://juntadeandalucia.es/eboja/2024/32/BOJA24-032-00001-794-01_00296016.pdf
311,"planta solar fotovoltaica ""Salvatierra""",Salvatierra Equilibrio Medioambiental S.L.U.,solar_fv,desconocido,49.97,,,,311,2024-09-17,2024-09-17,Tabernas,04088,Almería,https://juntadeandalucia.es/eboja/2024/181/BOJA24-181-00001-49909-01_00306859.pdf
312,Subestación Dust 400/132/30 kV,"Dust Solar, S.L.",linea_evacuacion,favorable_condicionada,,,,,312,2024-09-17,2024-09-17,Tabernas,04088,Almería,https://juntadeandalucia.es/eboja/2024/181/BOJA24-181-00001-49916-01_00306866.pdf
313,"Planta Solar Fotovoltaica ""Improving""","Improving Energys, S.L.",solar_fv,desconocido,45.0,,,,313,2024-09-17,2024-09-17,Tabernas; Turrillas,04088;04094,Almería,https://juntadeandalucia.es/eboja/2024/181/BOJA24-181-00001-50157-01_00307106.pdf
314,"Planta Solar Fotovoltaica ""Travenza""","Energías Renovables Travenza, S.L.",solar_fv,desconocido,49.97,,,,314,2024-09-17,2024-09-17,Tabernas; Turrillas,04088;04094,Almería,https://juntadeandalucia.es/eboja/2024/181/BOJA24-181-00001-50122-01_00307071.pdf
315,Planta solar fotovoltaica «Strom»,"Strom Solar, S.L.",solar_fv,desconocido,49.97,,,,315,2024-09-17,2024-09-17,Tabernas,04088,Almería,https://juntadeandalucia.es/eboja/2024/181/BOJA24-181-00001-50117-01_00307066.pdf
316,Parque Eólico Alcornoques 1,Energías Renovables de Crono S.L,eolica,desfavorable,,,,,316,2023-08-17,2023-08-17,Alcalá de los Gazules,11001,Cádiz,https://juntadeandalucia.es/eboja/2023/157/BOJA23-157-00001-13369-01_00288375.pdf
317,Planta solar fotovoltaica Puntalejo,Prowind XXI S.L.,solar_fv,favorable_condicionada,35.22,,,,317,2023-04-17,2023-04-17,Conil de la Frontera; Vejer de la Frontera,11014;11039,Cádiz,https://juntadeandalucia.es/eboja/2023/71/BOJA23-071-00001-6548-01_00281606.pdf
318,"Instalación planta solar fotovoltaica ""Mares 36""","Arena Green Power Ren 33, S.L.U.",solar_fv,favorable_condicionada,5.0,5.0,,,318,2025-03-17,2025-03-17,Beas,21011,Huelva,https://juntadeandalucia.es/eboja/2025/51/BOJA25-051-00001-1762-01_00315371.pdf
319,PSF El Descubrimiento 40,"Arena Green Power Ren 29, S.L.U.",solar_fv,favorable_condicionada,5.0,,,,319,2025-02-17,2025-02-17,Beas; Trigueros,21011;21070,Huelva,https://juntadeandalucia.es/eboja/2025/32/BOJA25-032-00001-1756-01_00315365.pdf
320,"Instalación Planta Solar Fotovoltaica ""El Descubrimiento 25""","Arena Green Power Ren 31, S.L.U.",solar_fv,favorable_condicionada,5.0,,,,320,2025-02-17,2025-02-17,Beas,21011,Huelva,https://juntadeandalucia.es/eboja/2025/32/BOJA25-032-00001-1768-01_00315377.pdf
321,Guadame Solar 1,"Mirzán Solar, S.L.",solar_fv,desconocido,35.475,,,,321,2023-02-17,2023-02-17,Bujalance; Córdoba,14012;14021,Córdoba,https://juntadeandalucia.es/eboja/2023/33/BOJA23-033-00001-1824-01_00276917.pdf
322,Guadame Solar 3,"Alpha Centuri Solar, S.L.",solar_fv,desconocido,35.475,,,,322,2023-02-17,2023-02-17,Bujalance; Córdoba,14012;14021,Córdoba,https://juntadeandalucia.es/eboja/2023/33/BOJA23-033-00001-1830-01_00276925.pdf
323,Guadame Solar 2,"Nunki Solar, S.L.",solar_fv,favorable_condicionada,35.496,,,,323,2023-02-17,2023-02-17,Bujalance; Córdoba,14012;14021,Córdoba,https://juntadeandalucia.es/eboja/2023/33/BOJA23-033-00001-1833-01_00276930.pdf
324,Tabernas Solar 2,,solar_fv,desconocido,50.0,,,,324,2023-02-17,2023-02-17,Tabernas,04088,Almería,https://juntadeandalucia.es/eboja/2023/33/BOJA23-033-00001-2088-01_00277235.pdf
325,parque eólico y Set «La Chata»,,eolica,desconocido,,,,,325,2023-02-17,2023-02-17,Casares; Manilva,29041;29068,Málaga,https://juntadeandalucia.es/eboja/2023/33/BOJA23-033-00001-2137-01_00277193.pdf
326,Gibralgalia II,"Renovalia Alora, S.L.U.",solar_fv,desconocido,50.0,,,,326,2023-02-17,2023-02-17,Casarabonela,29040,Málaga,https://juntadeandalucia.es/eboja/2023/33/BOJA23-033-00001-2339-01_00277434.pdf
328,Proyecto de planta solar fotovoltaica «Colón IV»,"Bogaris PV 44, S.L.",solar_fv,favorable_condicionada,24.99,,,,328,2023-01-17,2023-01-17,Gibraleón; San Juan del Puerto; Trigueros,21035;21064;21070,Huelva,https://juntadeandalucia.es/eboja/2023/10/BOJA23-010-00001-20904-01_00274177.pdf
329,PSF Guillena II,"Castellana Power, S.L.",linea_evacuacion,favorable_condicionada,,49.99,,,329,2022-12-16,2022-12-16,Alcalá del Río; Burguillos; Guillena,41005;41019;41049,Sevilla,https://juntadeandalucia.es/eboja/2022/240/BOJA22-240-00001-19877-01_00273140.pdf
331,Parque solar fotovoltaico Alcalá IV,"Premier Sol del Sur 3, S.L.",solar_fv,favorable_condicionada,,,,,331,2025-10-16,2025-10-16,Alcalá de Guadaíra; Dos Hermanas,41004;41038,Sevilla,https://juntadeandalucia.es/eboja/2025/199/BOJA25-199-00001-13643-01_00327238.pdf
333,Proyecto del Parque Eólico Loma del Perro,,eolica,desconocido,,,,,333,2023-06-16,2023-06-16,Níjar; Turrillas,04066;04094,Almería,https://juntadeandalucia.es/eboja/2023/114/BOJA23-114-00001-19598-01_00285450.pdf
334,Proyecto de instalación de planta solar fotovoltaica Arjona V,"Mes Solar XII, S.L.",solar_fv,desconocido,,,,,334,2023-06-16,2023-06-16,Fuerte del Rey; Jaén,23035;23050,Jaén,https://juntadeandalucia.es/eboja/2023/114/BOJA23-114-00001-10298-01_00285324.pdf
335,Casares Solar I,"Solar Capital 2000, S.L.",linea_evacuacion,desconocido,27.0,27.0,,,335,2023-02-10,2024-05-16,Casares,29041,Málaga,https://juntadeandalucia.es/eboja/2023/28/BOJA23-028-00001-2052-01_00277154.pdf https://juntadeandalucia.es/eboja/2024/94/BOJA24-094-00001-44120-01_00301069.pdf
336,planta solar fotovoltaica «Cortijo Nuevo»,"planta fotovoltaica Cortijo Nuevo, S.L.",solar_fv,desconocido,,,,,398,2023-05-16,2025-05-13,Málaga,29067,Málaga,https://juntadeandalucia.es/eboja/2023/91/BOJA23-091-00001-7214-01_00282251.pdf https://juntadeandalucia.es/eboja/2025/89/BOJA25-089-00001-5391-01_00318993.pdf
337,Proyecto de Planta Fotovoltaica El Capricho,"Ñerisa XXI, S.L.",solar_fv,desconocido,49.89,,,,337,2023-03-16,2023-03-16,Benahadux,04024,Almería,https://juntadeandalucia.es/eboja/2023/51/BOJA23-051-00001-2092-01_00277241.pdf
338,"Proyecto de Planta Solar Fotovoltaica Jerjes, Subestación Eléctrica","Solarbay Renewable Energy, S.L.",solar_fv,desconocido,,,,,338,2023-03-16,2023-03-16,Sorbas,04086,Almería,https://juntadeandalucia.es/eboja/2023/51/BOJA23-051-00001-2792-01_00277877.pdf
339,El Bujeo,"Solarbay Renewable Energy, S.L.",solar_fv,desconocido,,,,,339,2023-03-16,2023-03-16,Albolote; Calicasas; Güevéjar; Peligros,18003;18037;18095;18153,Granada,https://juntadeandalucia.es/eboja/2023/51/BOJA23-051-00001-3784-01_00278900.pdf
341,parque eólico La Cámara,"Sistemas Energéticos La Cámara, S.L.",eolica,desconocido,,,,,341,2026-02-16,2026-02-16,Ardales; Teba,29018;29089,Málaga,https://juntadeandalucia.es/eboja/2026/31/BOJA26-031-00001-1725-01_00332950.pdf
342,Teleiro Amate,"Teleiro Solar, S.L.",almacenamiento,favorable_condicionada,,,,,342,2026-02-16,2026-02-16,Sevilla,41091,Sevilla,https://juntadeandalucia.es/eboja/2026/31/BOJA26-031-00001-1708-01_00332933.pdf
343,Menaute,"Baylio Solar, S.L.U.",solar_fv,desconocido,,,,,343,2023-02-16,2023-02-16,Almargen,29010,Málaga,https://juntadeandalucia.es/eboja/2023/32/BOJA23-032-00001-1610-01_00276772.pdf
344,PSFV «Carmo 1»,"Elsa Energía, S.L.",solar_fv,favorable_condicionada,50.0,,,,344,2023-02-16,2023-02-16,Carmona,41024,Sevilla,https://juntadeandalucia.es/eboja/2023/32/BOJA23-032-00001-2513-01_00277669.pdf
346,PSF Ronda 3,"Cobra Concesiones, S.L.",solar_fv,favorable_condicionada,,,,,346,2023-02-16,2023-02-16,Cañete la Real,29035,Málaga,https://juntadeandalucia.es/eboja/2023/32/BOJA23-032-00001-2516-01_00277673.pdf
347,La Cerca,"Enel Green Power España, S.L.",solar_fv,desconocido,49.94,,,,347,2023-02-16,2023-02-16,Almargen,29010,Málaga,https://juntadeandalucia.es/eboja/2023/32/BOJA23-032-00001-1608-01_00276751.pdf
348,Planta Solar Fotovoltaica Cañuelo II,"AND 2 Desarrollos Solar, S.L.",solar_fv,favorable_condicionada,24.78,24.78,,,348,2023-01-16,2023-01-16,Los Barrios,11008,Cádiz,https://juntadeandalucia.es/eboja/2023/9/BOJA23-009-00001-20343-01_00273662.pdf
349,PSF Guillena III,"Castellana Power, S.L.",solar_fv,favorable_condicionada,99.98,,,,349,2022-12-15,2022-12-15,Gerena,41045,Sevilla,https://juntadeandalucia.es/eboja/2022/239/BOJA22-239-00001-19874-01_00273091.pdf
350,PSF Guillena I,"Castellana Power, S.L.",solar_fv,favorable_condicionada,49.99,,,,350,2022-12-15,2022-12-15,Burguillos,41019,Sevilla,https://juntadeandalucia.es/eboja/2022/239/BOJA22-239-00001-19875-01_00273092.pdf
351,"Proyecto de Planta fotovoltaica ""Polopos""",,solar_fv,desconocido,49.99,,,,351,2022-12-15,2022-12-15,Benahadux; Gádor; Huércal de Almería,04024;04047;04052,Almería,https://juntadeandalucia.es/eboja/2022/239/BOJA22-239-00001-19599-01_00272818.pdf
352,El Salobral,"Onatrium Solar 4, S.L.",solar_fv,desconocido,49.97,38.0,,,352,2022-11-15,2022-11-15,Montemayor,14041,Córdoba,https://juntadeandalucia.es/eboja/2022/219/BOJA22-219-00001-16356-01_00269623.pdf
353,Parque Solar Fotovoltaico Alcalá III,"Premier Sol del Sur 3, S.L.",solar_fv,favorable_condicionada,,,,,353,2025-10-15,2025-10-15,Alcalá de Guadaíra; Dos Hermanas,41004;41038,Sevilla,https://juntadeandalucia.es/eboja/2025/198/BOJA25-198-00001-13496-01_00327093.pdf
356,PSFV El Colmenar II,"Al-Andalus Wind Power, S.L.",solar_fv,en_consulta,20.0,20.0,,,356,2026-05-15,2026-05-15,Abrucena; Fiñana,04002;04045,Almería,https://juntadeandalucia.es/eboja/2026/92/BOJA26-092-00001-6416-01_00337652.pdf
357,Modificación del proyecto de la línea evacuación de las plantas fotovoltaicas FV Coto y FV Río,"FV La Cañada de Tabernas, S.L.; FV Turrillas Matanegra, S.L.",linea_evacuacion,desconocido,,,,,357,2025-05-15,2025-05-15,Benahadux; Gádor,04024;04047,Almería,https://juntadeandalucia.es/eboja/2025/91/BOJA25-091-00001-6096-01_00319697.pdf
358,Marismas I,"Energías Renovables de Gladiateur 49, S.L.",solar_fv,favorable_condicionada,24.99,16.14,,,358,2023-02-15,2023-02-15,Gibraleón,21035,Huelva,https://juntadeandalucia.es/eboja/2023/31/BOJA23-031-00001-1732-01_00276818.pdf
359,Las Viñas,"EDP Renovables España, S.L.U.",solar_fv,desconocido,,,,,359,2023-02-15,2023-02-15,Almargen; Cañete la Real,29010;29035,Málaga,https://juntadeandalucia.es/eboja/2023/31/BOJA23-031-00001-1450-01_00276575.pdf
360,PSF Bajo Guadalquivir II,"ES Planta Solar 2, S.L.",solar_fv,favorable_condicionada,49.99,43.2,70.55,,360,2023-02-15,2023-02-15,Dos Hermanas,41038,Sevilla,https://juntadeandalucia.es/eboja/2023/31/BOJA23-031-00001-2523-01_00277680.pdf
361,Casares Solar II,,solar_fv,desconocido,,,,,361,2023-02-15,2023-02-15,Casares,29041,Málaga,https://juntadeandalucia.es/eboja/2023/31/BOJA23-031-00001-2340-01_00277436.pdf
362,Marismas II,"Energías Renovables de Gladiateur 50, S.L.",solar_fv,favorable_condicionada,24.99,16.14,,,362,2023-02-15,2023-02-15,Gibraleón,21035,Huelva,https://juntadeandalucia.es/eboja/2023/31/BOJA23-031-00001-1729-01_00276817.pdf
363,Mirabal I y Mirabal II,"Mirabras Solar, S.L.",linea_evacuacion,desconocido,,,,,363,2024-01-15,2024-01-15,Cabra; Lucena,14013;14038,Córdoba,https://juntadeandalucia.es/eboja/2024/10/BOJA24-010-00001-7677-01_00282720.pdf
364,Almonte II,"Ventaja Solar 10, S.L.",solar_fv,favorable_condicionada,5.0,5.0,,,364,2024-01-15,2024-01-15,Almonte,21005,Huelva,https://juntadeandalucia.es/eboja/2024/10/BOJA24-010-00001-19334-01_00294523.pdf
366,Línea aérea 30 kV D/C desde Parque Eólico «San Cristóbal» a SET «El Puntal II»,"Eólica San Cristóbal, S.L.",linea_evacuacion,favorable_condicionada,,,,,366,2024-08-14,2024-08-14,Estepa; La Roda de Andalucía; Pedrera; Sierra de Yeguas,41041;41082;41072;29088,Málaga; Sevilla,https://juntadeandalucia.es/eboja/2024/158/BOJA24-158-00001-49259-01_00306209.pdf
367,"parque eólico ""El Garrido""","Crater Batteries I, S.L.",eolica,desfavorable,36.6,36.6,,,367,2026-07-14,2026-07-14,Berja; Dalías; El Ejido,04029;04038;04902,Almería,https://juntadeandalucia.es/eboja/2026/134/BOJA26-134-00001-9419-01_00340651.pdf
368,Proyecto básico del Parque Eólico El Poniente,"Crater Batteries II, S.L.",eolica,desfavorable,37.0,37.0,,,368,2026-07-14,2026-07-14,Dalías; El Ejido,04038;04902,Almería,https://juntadeandalucia.es/eboja/2026/134/BOJA26-134-00001-9420-01_00340652.pdf
369,PSFV Sanlúcar Sirio y PSFV Sanlúcar Sol,"Pizarro Fotovoltaica, S.L.; Pitaya Fotovoltaica, S.L.",solar_fv,desfavorable,,,,,369,2025-04-14,2025-04-14,Sanlúcar de Barrameda,11032,Cádiz,https://juntadeandalucia.es/eboja/2025/71/BOJA25-071-00001-5295-01_00318896.pdf
372,Línea aérea MT 20 kV de los Reinosos a Loma de los Arévalos,"Generación Fotovoltaica Meridional, S.L.U.",linea_evacuacion,favorable_condicionada,,,,,372,2025-02-14,2025-02-14,Cádiar; Ugíjar,18035;18182,Granada,https://juntadeandalucia.es/eboja/2025/31/BOJA25-031-00001-1547-01_00315156.pdf
374,Planta solar fotovoltaica Alcione,"Alcione Solar, S.L.",solar_fv,favorable_condicionada,49.98,,,,374,2023-02-14,2023-02-14,Setenil de las Bodegas,11034,Cádiz,https://juntadeandalucia.es/eboja/2023/30/BOJA23-030-00001-2283-01_00277381.pdf
375,Planta Solar Fotovoltaica Táctica,"Táctica Solar, S.L.",solar_fv,favorable_condicionada,26.0,,,,375,2023-02-14,2023-02-14,Setenil de las Bodegas,11034,Cádiz,https://juntadeandalucia.es/eboja/2023/30/BOJA23-030-00001-2285-01_00277382.pdf
376,"Planta fotovoltaica La Florida Hive 30,05 MWp, subestación La Florida Hive 20/132","La Florida Hive, S.L.",solar_fv,favorable_condicionada,30.05,22.96,47.6,,376,2023-02-14,2023-02-14,Dos Hermanas,41038,Sevilla,https://juntadeandalucia.es/eboja/2023/30/BOJA23-030-00001-1102-01_00276166.pdf
377,PSF Quintos Grinalia,"Greenalia Power Quintos, S.L.U.",solar_fv,favorable_condicionada,50.0,42.6,,,377,2023-02-14,2023-02-14,Alcalá de Guadaíra,41004,Sevilla,https://juntadeandalucia.es/eboja/2023/30/BOJA23-030-00001-2406-01_00277483.pdf
378,PSF Bajo Guadalquivir I,"ES Planta Solar 1, S.L.",solar_fv,favorable_condicionada,49.9554,43.2,73.7183,,378,2023-02-14,2023-02-14,Dos Hermanas,41038,Sevilla,https://juntadeandalucia.es/eboja/2023/30/BOJA23-030-00001-2521-01_00277678.pdf
379,PSF Alpha Barroso,"Alpha 1 Conexión Solar, S.L.",solar_fv,favorable_condicionada,39.9,,,,379,2023-02-14,2023-02-14,Dos Hermanas; Sevilla,41038;41091,Sevilla,https://juntadeandalucia.es/eboja/2023/30/BOJA23-030-00001-2443-01_00277534.pdf
380,Proyecto de planta fotovoltaica El Tranco,"Greenalia Solar Power El Tranco, S.L.",solar_fv,desconocido,50.0,,,,380,2023-02-14,2023-02-14,Lubrín,04059,Almería,https://juntadeandalucia.es/eboja/2023/30/BOJA23-030-00001-2086-01_00277228.pdf
382,"Proyecto de instalación de planta solar fotovoltaica ""Vicente Yáñez Pinzón""","Arena Green Power Ren 17, S.L.U.",solar_fv,favorable_condicionada,4.99,4.99,,,382,2024-11-13,2024-11-13,San Juan del Puerto,21064,Huelva,https://juntadeandalucia.es/eboja/2024/221/BOJA24-221-00001-52206-01_00309154.pdf
383,Las Tres Carabelas 4,"Arena Green Power Ren 15, S.L.U.",solar_fv,favorable_condicionada,4.99,,,,383,2024-11-13,2024-11-13,San Juan del Puerto,21064,Huelva,https://juntadeandalucia.es/eboja/2024/221/BOJA24-221-00001-52211-01_00309159.pdf
384,El Descubrimiento 027,"Arena Green Power REN 11, S.L.U.",solar_fv,favorable_condicionada,5.0,,,,384,2024-11-13,2024-11-13,Dos Hermanas,41038,Sevilla,https://juntadeandalucia.es/eboja/2024/221/BOJA24-221-00001-53361-01_00310309.pdf
385,Planta Solar Fotovoltaica «El Descubrimiento 029»,"Arena Green Power Ren 13, S.L.",solar_fv,favorable_condicionada,5.0,,,,385,2024-11-13,2024-11-13,Dos Hermanas,41038,Sevilla,https://juntadeandalucia.es/eboja/2024/221/BOJA24-221-00001-53360-01_00310308.pdf
386,Planta Solar Fotovoltaica «El Descubrimiento 028»,"Arena Green Power Ren 12, S.L.",solar_fv,favorable_condicionada,5.0,,,,386,2024-11-13,2024-11-13,Dos Hermanas,41038,Sevilla,https://juntadeandalucia.es/eboja/2024/221/BOJA24-221-00001-53362-01_00310310.pdf
387,"Proyecto de instalación de planta solar fotovoltaica ""Camino de Indias 20""","Arena Green Power Ren 8, S.L.",solar_fv,favorable_condicionada,4.99,4.99,,,387,2024-11-13,2024-11-13,San Juan del Puerto,21064,Huelva,https://juntadeandalucia.es/eboja/2024/221/BOJA24-221-00001-52207-01_00309155.pdf
388,Planta Solar Fotovoltaica «El Descubrimiento 48»,"Arena Green Power Ren 19, S.L.U.",solar_fv,favorable_condicionada,5.0,,,,388,2024-11-13,2024-11-13,San Juan del Puerto,21064,Huelva,https://juntadeandalucia.es/eboja/2024/221/BOJA24-221-00001-52643-01_00309592.pdf
389,Instalación de la planta solar fotovoltaica «Martín Alonso Pinzón»,"Arena Green Power Ren 16, S.L.U.",solar_fv,favorable_condicionada,4.99,4.99,,,389,2024-11-13,2024-11-13,San Juan del Puerto,21064,Huelva,https://juntadeandalucia.es/eboja/2024/221/BOJA24-221-00001-52172-01_00309121.pdf
390,PSF Guadiamar,"Grupo Industrial Anghiari, S.L.",solar_fv,favorable_condicionada,11.764,9.0,,,390,2023-11-13,2023-11-13,Benacazón; Huévar del Aljarafe,41015;41051,Sevilla,https://juntadeandalucia.es/eboja/2023/217/BOJA23-217-00001-17140-01_00292139.pdf
391,FV Sol Morón,"Sol Morón Energy, S.L.",solar_fv,favorable_condicionada,49.43,,,,391,2022-10-13,2022-10-13,Carmona,41024,Sevilla,https://juntadeandalucia.es/eboja/2022/197/BOJA22-197-00001-15687-01_00268969.pdf
393,Parque Eólico El Arenoso,"Parque Eólico El Arenoso, S.L.",eolica,desfavorable,,,,,393,2023-07-13,2023-07-13,Los Barrios,11008,Cádiz,https://juntadeandalucia.es/eboja/2023/133/BOJA23-133-00001-11853-01_00286873.pdf
394,PSF Camino de Indias 15,"Arena Power Ren 1, S.L.",solar_fv,favorable_condicionada,4.99,,,,394,2024-06-13,2024-06-13,Trigueros,21070,Huelva,https://juntadeandalucia.es/eboja/2024/114/BOJA24-114-00001-45845-01_00302795.pdf
395,PSF Camino de Indias 16,"Arena Power Ren 2, S.L.",solar_fv,favorable_condicionada,4.99,,,,395,2024-06-13,2024-06-13,Trigueros,21070,Huelva,https://juntadeandalucia.es/eboja/2024/114/BOJA24-114-00001-46148-01_00303097.pdf
396,Proyecto de Parque Eólico Tornajos,,eolica,desconocido,40.0,40.0,,,396,2023-06-13,2023-06-13,Níjar,04066,Almería,https://juntadeandalucia.es/eboja/2023/111/BOJA23-111-00001-19604-01_00272830.pdf
400,PSFV Los Isletes Híbrido,"Al-Andalus Wind Power, S.L.U.",hibrida,en_consulta,,,,,400,2025-03-13,2025-03-13,Alcalá de los Gazules; Jerez de la Frontera; Paterna de Rivera,11001;11020;11025,Cádiz,https://juntadeandalucia.es/eboja/2025/49/BOJA25-049-00001-3360-01_00317102.pdf
401,Planta solar fotovoltaica «El Descubrimiento 7»,"Arena Green Power Ren 22, S.L.",solar_fv,favorable_condicionada,,,,,401,2025-03-13,2025-03-13,Alcalá de Guadaíra,41004,Sevilla,https://juntadeandalucia.es/eboja/2025/49/BOJA25-049-00001-2421-01_00316030.pdf
402,Planta solar fotovoltaica «El Descubrimiento 8»,"Arena Green Power Ren 24, S.L.U.",solar_fv,favorable_condicionada,,,,,402,2025-03-13,2025-03-13,Alcalá de Guadaíra,41004,Sevilla,https://juntadeandalucia.es/eboja/2025/49/BOJA25-049-00001-2424-01_00316033.pdf
403,"Instalación Planta Solar Fotovoltaica con conexión a la red ""Almadraba 3""","Arena Green Power Ren 2, S.L.U.",solar_fv,favorable_condicionada,4.99,,,,403,2025-03-13,2025-03-13,Villablanca,21073,Huelva,https://juntadeandalucia.es/eboja/2025/49/BOJA25-049-00001-1763-01_00315372.pdf
404,Instalación planta solar fotovoltaica con conexión a la red «PSF El Descubrimiento 9»,"Arena Green Power Ren 3, S.L.U.",solar_fv,favorable_condicionada,4.99,,,,404,2025-03-13,2025-03-13,Villablanca,21073,Huelva,https://juntadeandalucia.es/eboja/2025/49/BOJA25-049-00001-1769-01_00315378.pdf
405,Ronda 4,"Cobra Concesiones, S.L.",solar_fv,favorable_condicionada,,,,,551,2023-03-13,2025-07-04,Cañete la Real; Teba,29035;29089,Málaga,https://juntadeandalucia.es/eboja/2023/48/BOJA23-048-00001-2133-01_00277194.pdf https://juntadeandalucia.es/eboja/2025/127/BOJA25-127-00001-9215-01_00322814.pdf
406,Proyecto de subestación colectora 132/400 kV para evacuación de energía eléctrica a la red de transporte (subestación gestionada por R.E.E. Tabernas 400 kV),"Tabernas 400 Renovables, A.I.E.",linea_evacuacion,desconocido,,,,,406,2024-02-13,2024-02-13,Tabernas,04088,Almería,https://juntadeandalucia.es/eboja/2024/31/BOJA24-031-00001-18376-01_00293429.pdf
407,Planta solar fotovoltaica Puerto de Santa María y línea subterránea de evacuación,"PSFV Puerto Two, S.L.",solar_fv,favorable_condicionada,,,,,407,2023-02-13,2023-02-13,El Puerto de Santa María,11027,Cádiz,https://juntadeandalucia.es/eboja/2023/29/BOJA23-029-00001-1998-01_00277111.pdf
408,Planta Solar Fotovoltaica Puerto de Santa María 2 y línea subterránea de evacuación,"PSFV Puerto One, S.L.",solar_fv,favorable_condicionada,,,,,408,2023-02-13,2023-02-13,El Puerto de Santa María,11027,Cádiz,https://juntadeandalucia.es/eboja/2023/29/BOJA23-029-00001-2282-01_00277386.pdf
409,"Planta Solar Fotovoltaica ""Arcos de la Frontera 1""","Abei Energy CSPV Two, S.L.",solar_fv,favorable_condicionada,33.48,,,,409,2023-02-13,2023-02-13,Medina Sidonia,11023,Cádiz,https://juntadeandalucia.es/eboja/2023/29/BOJA23-029-00001-2284-01_00277383.pdf
410,Villalobillos,"Fotowatio Renewable Ventures Servicios España, S.L.",solar_fv,favorable_condicionada,49.99,,,,410,2023-02-13,2023-02-13,Almodóvar del Río,14005,Córdoba,https://juntadeandalucia.es/eboja/2023/29/BOJA23-029-00001-1831-01_00276927.pdf
411,PSF Santa María,"Enel Green Power España, S.L.",solar_fv,favorable_condicionada,,8.0,,,411,2023-02-13,2023-02-13,Sanlúcar la Mayor,41087,Sevilla,https://juntadeandalucia.es/eboja/2023/29/BOJA23-029-00001-1267-01_00276506.pdf
412,Parque Solar Fotovoltaico Boceto Solar,"Boceto Solar, S.L.; Ladronera Solar, S.L.",solar_fv,sin_resolucion,50.0,50.0,,,412,2023-02-13,2023-02-13,Chimeneas; Ventas de Huelma,18061;18185,Granada,https://juntadeandalucia.es/eboja/2023/29/BOJA23-029-00001-1444-01_00276557.pdf
413,PSFV El Limbo 4.99MW y Vistahermosa 4.99MW,"Urbasolar España Planta FV 20, S.L.; Urbasolar España Planta FV 12, S.L.",solar_fv,favorable_condicionada,9.98,9.98,,,413,2025-01-13,2025-01-13,El Puerto de Santa María,11027,Cádiz,https://juntadeandalucia.es/eboja/2025/7/BOJA25-007-00001-55476-01_00312423.pdf
415,Instalación Solar Fotovoltaica Toledo,"GCL Toledo Energy, S.L.",solar_fv,desfavorable,,,,,415,2025-01-13,2025-01-13,Los Barrios,11008,Cádiz,https://juntadeandalucia.es/eboja/2025/7/BOJA25-007-00001-133-01_00313746.pdf
417,HSF Dominion Dos Hermanas II y Línea Aéreo-Subterránea de Evacuación,"Dominion Renewables 6, S.L.",solar_fv,favorable_condicionada,49.94,,,,417,2022-12-12,2022-12-12,Alcalá de Guadaíra; Dos Hermanas; La Rinconada,41004;41038;41081,Sevilla,https://juntadeandalucia.es/eboja/2022/236/BOJA22-236-00001-19677-01_00272911.pdf
418,Guadix II,"Modus Solar Spain, S.L.",solar_fv,desconocido,,,,,418,2022-12-12,2022-12-12,Guadix,18089,Granada,https://juntadeandalucia.es/eboja/2022/236/BOJA22-236-00001-18541-01_00271794.pdf
420,PSFV Los Llanos I 5 MW,"Pedrola Solar, S.L.; El Blanquillo Solar, S.L.",solar_fv,favorable_condicionada,10.0,10.0,,,420,2025-05-12,2025-05-12,Arcos de la Frontera,11006,Cádiz,https://juntadeandalucia.es/eboja/2025/88/BOJA25-088-00001-5618-01_00319219.pdf
425,Parque Eólico Cerro Cabello,"Parque Eólico Cerro Cabello, S.L.",eolica,favorable_condicionada,12.0,12.0,,,425,2023-01-12,2023-01-12,Los Barrios,11008,Cádiz,https://juntadeandalucia.es/eboja/2023/7/BOJA23-007-00001-21851-01_00275259.pdf
426,Parque Eólico El Patrón,"Parque Eólico La Curtidora, S.L.",eolica,favorable_condicionada,,24.0,,,426,2023-01-12,2023-01-12,Los Barrios,11008,Cádiz,https://juntadeandalucia.es/eboja/2023/7/BOJA23-007-00001-21853-01_00275276.pdf
427,PSF Greencar 2,"Green Ric Energy, S.L.U.",solar_fv,favorable_condicionada,39.566,30.0,,,427,2023-01-12,2023-01-12,Carmona,41024,Sevilla,https://juntadeandalucia.es/eboja/2023/7/BOJA23-007-00001-21050-01_00274553.pdf
428,La Juncosa,"La Gloria Solar PV, S.L.",solar_fv,favorable_condicionada,4.6,4.6,,,428,2024-12-11,2024-12-11,Isla Cristina; Villablanca,21042;21073,Huelva,https://juntadeandalucia.es/eboja/2024/239/BOJA24-239-00001-54309-01_00311258.pdf
429,Infraestructura de evacuación PSF Huévar I y II,"Palintere, S.L.",linea_evacuacion,favorable_condicionada,,,,,429,2023-12-11,2023-12-11,Chucena; Huévar del Aljarafe,21030;41051,Huelva; Sevilla,https://juntadeandalucia.es/eboja/2023/235/BOJA23-235-00001-18196-01_00293236.pdf
431,Modificación de AAU por construcción de planta solar para autoconsumo,Comunidad de Regantes Doñana,solar_fv,favorable_condicionada,,,,,431,2024-11-11,2024-11-11,Aznalcázar,41012,Sevilla,https://juntadeandalucia.es/eboja/2024/219/BOJA24-219-00001-51860-01_00308809.pdf
432,El Descubrimiento 37,"Arena Green Power Ren 20, S.L.U.",solar_fv,favorable_condicionada,4.99,,,,432,2024-11-11,2024-11-11,San Juan del Puerto,21064,Huelva,https://juntadeandalucia.es/eboja/2024/219/BOJA24-219-00001-53124-01_00310074.pdf
434,Proyecto instalación solar fotovoltaica de autoconsumo,Comunidad de Regantes Santa María Magdalena,solar_fv,sin_resolucion,2.0,2.0,,,434,2023-10-11,2023-10-11,Mengíbar,23061,Jaén,https://juntadeandalucia.es/eboja/2023/196/BOJA23-196-00001-15362-01_00290356.pdf
435,Proyecto de planta fotovoltaica Zurgena 201,"Sanmad Sonne 3 Madroño, S.L.",solar_fv,desconocido,22.4,,,,435,2023-10-11,2023-10-11,Antas; Huércal-Overa; Lubrín; Zurgena,04016;04053;04059;04103,Almería,https://juntadeandalucia.es/eboja/2023/196/BOJA23-196-00001-13140-01_00288150.pdf
436,Mamut,"Energía Eólica Mamut, S.L.",hibrida,favorable_condicionada,0.875,0.875,,,436,2023-06-05,2025-09-11,Padul,18150,Granada,https://juntadeandalucia.es/eboja/2023/105/BOJA23-105-00001-9564-01_00284589.pdf https://juntadeandalucia.es/eboja/2025/175/BOJA25-175-00001-11578-01_00325176.pdf https://juntadeandalucia.es/eboja/2025/22/BOJA25-022-00001-941-01_00314551.pdf
437,"Parque Solar Fotovoltaico 49,99 Mwp Guadame V","Greenalia Solar Power Guadame V, S.L.U.",solar_fv,favorable_condicionada,49.99,,,,437,2023-04-04,2023-05-11,Marmolejo,23059,Jaén,https://juntadeandalucia.es/eboja/2023/64/BOJA23-064-00001-2612-01_00277806.pdf https://juntadeandalucia.es/eboja/2023/88/BOJA23-088-00001-8328-01_00283361.pdf
438,Hibridación de PE Cantalejos con planta fotovoltaica,"EDP Renovables España, S.L.",hibrida,sin_resolucion,,,,,438,2024-04-11,2024-04-11,Osuna,41068,Sevilla,https://juntadeandalucia.es/eboja/2024/70/BOJA24-070-00002-42854-01_00299806.pdf
439,Parque solar fotovoltaico Puerto Real,"Fénix Renovable, S.L.",solar_fv,favorable_condicionada,110.0,,,,439,2019-03-11,2019-03-11,Jerez de la Frontera; Puerto Real,11020;11028,Cádiz,https://juntadeandalucia.es/eboja/2019/47/BOJA19-047-00001-18098-01_00145435.pdf
440,Proyecto e instalación solar fotovoltaica PSFV Serón II,"Al-Andalus Wind Power, S. L.",solar_fv,en_consulta,8.4,8.4,,,440,2025-12-10,2025-12-10,Serón,04083,Almería,https://juntadeandalucia.es/eboja/2025/237/BOJA25-237-00001-16473-01_00330071.pdf
441,Proyecto de planta fotovoltaica ISF Berja,"Sabiñares Dos Ibérica, S.L.",solar_fv,desconocido,27.3,,,,441,2023-11-10,2023-11-10,Alcolea; Berja,04007;04029,Almería,https://juntadeandalucia.es/eboja/2023/216/BOJA23-216-00001-665-01_00275739.pdf
442,Proyecto de la planta solar fotovoltaica,"Arena Power Solar 12, S.L.",solar_fv,favorable_condicionada,33.5,,,,442,2022-11-10,2022-11-10,Beas; La Palma del Condado; Moguer; Niebla; Palos de la Frontera; San Juan del Puerto; Trigueros; Villarrasa,21011;21054;21050;21053;21055;21064;21070;21077,Huelva,https://juntadeandalucia.es/eboja/2022/216/BOJA22-216-00001-17166-01_00270434.pdf
444,Parque Eólico Las Cabezas (hibridación con planta solar fotovoltaica «FV Las Cabezas»),"Iberdrola Renovables Andalucía, S.A.U.",hibrida,favorable_condicionada,,17.25,,,444,2024-06-10,2024-06-10,Puebla de Guzmán,21058,Huelva,https://juntadeandalucia.es/eboja/2024/111/BOJA24-111-00001-45390-01_00302340.pdf
445,Planta valorización paneles solares de silicio,"Abalados Recycling, S.L.",solar_fv,sin_resolucion,,,,,561,2024-10-03,2025-04-10,El Viso del Alcor; Sevilla,41102;41091,Sevilla,https://juntadeandalucia.es/eboja/2024/193/BOJA24-193-00002-51445-01_00308394.pdf https://juntadeandalucia.es/eboja/2025/69/BOJA25-069-00001-3851-01_00317455.pdf
446,Planta Solar Fotovoltaica «Arco 6» Nueva,"Arco 6, S.L.",solar_fv,favorable_condicionada,,,,,446,2023-02-10,2025-04-10,Alozaina; Coín; Guaro; Marbella; Monda; Ojén,29013;29042;29058;29069;29073;29076,Málaga,https://juntadeandalucia.es/eboja/2023/28/BOJA23-028-00001-2136-01_00277220.pdf https://juntadeandalucia.es/eboja/2025/69/BOJA25-069-00001-5161-01_00318763.pdf
447,Repotenciación Parque Eólico La Herrería,"Aerogeneradores del Sur, S.A.",eolica,en_consulta,,,,,447,2026-03-10,2026-03-10,Tarifa,11035,Cádiz,https://juntadeandalucia.es/eboja/2026/47/BOJA26-047-00001-3194-01_00334415.pdf
449,"Infraestructura para evacuación varias plantas (Chucena Solar, Casaquemada Solar, Aznalcóllar Solar)","La Campana Solar, S.L.",linea_evacuacion,favorable_condicionada,,,,,449,2023-02-10,2023-02-10,Sanlúcar la Mayor,41087,Sevilla,https://juntadeandalucia.es/eboja/2023/28/BOJA23-028-00001-15650-01_00268941.pdf
450,Casares Solar III,,solar_fv,desconocido,,,,,450,2023-02-10,2023-02-10,Casares,29041,Málaga,https://juntadeandalucia.es/eboja/2023/28/BOJA23-028-00001-2135-01_00277208.pdf
451,Campos de Córdoba XVIII,"Arena Power Solar 30, S.L.",solar_fv,desconocido,4.99,,,,451,2023-02-10,2023-02-10,Palma del Río,14049,Córdoba,https://juntadeandalucia.es/eboja/2023/28/BOJA23-028-00001-1825-01_00276918.pdf
452,Planta Solar Fotovoltaica Chucena II,"La Campana Solar, S.L.",solar_fv,favorable_condicionada,35.6,,,,452,2023-02-10,2023-02-10,Sanlúcar la Mayor,41087,Sevilla,https://juntadeandalucia.es/eboja/2023/28/BOJA23-028-00001-15649-01_00268939.pdf
453,Parque Solar Aznalcóllar,"Parque Solar Aznalcóllar, S.L.",solar_fv,favorable_condicionada,49.9,,,,453,2023-02-10,2023-02-10,Sanlúcar la Mayor,41087,Sevilla,https://juntadeandalucia.es/eboja/2023/28/BOJA23-028-00001-15691-01_00268972.pdf
454,Málaga I,"Renovalia Solano, S.L.U.",solar_fv,favorable_condicionada,37.51,,,,454,2023-02-10,2023-02-10,Antequera; Campillos,29015;29032,Málaga,https://juntadeandalucia.es/eboja/2023/28/BOJA23-028-00001-2131-01_00277231.pdf
458,PSFV Gallardo 1 y Gallardo 2,"Urbasolar España Planta FV 8, S.L.; Urbasolar España Planta FV 18, S.L.",solar_fv,favorable_condicionada,,,,,458,2025-01-10,2025-01-10,Puerto Real,11028,Cádiz,https://juntadeandalucia.es/eboja/2025/6/BOJA25-006-00001-56277-01_00313220.pdf
459,Planta solar fotovoltaica La Higuerita,"Planta solar Opde Andalucía 56, S.L.",solar_fv,favorable_condicionada,43.988,,,,459,2023-01-10,2023-01-10,Olivares,41067,Sevilla,https://juntadeandalucia.es/eboja/2023/5/BOJA23-005-00001-19231-01_00272450.pdf
460,HSF Tres Encinas,"Planta Solar OPDE Andalucía 2, S.L.",solar_fv,favorable_condicionada,43.988,,,,460,2023-01-10,2023-01-10,Olivares,41067,Sevilla,https://juntadeandalucia.es/eboja/2023/5/BOJA23-005-00001-19233-01_00272520.pdf
461,Proyecto de las infraestructuras de evacuación de las instalaciones fotovoltaicas «Balazos Solar» y «Colina Solar» hasta SET «Límite» 220/30 kV,"Parque Eólico Balazos, S.L.",linea_evacuacion,en_consulta,,,,,461,2025-10-09,2025-10-09,Caniles; Serón,18039;04083,Almería; Granada,https://juntadeandalucia.es/eboja/2025/195/BOJA25-195-00003-13356-01_00326952.pdf
462,CSF El Puerto I,"Gandasolar 5, S.L.",otra,favorable_condicionada,,,,,462,2024-10-09,2024-10-09,Castellar de la Frontera; Los Barrios; San Roque,11013;11008;11033,Cádiz,https://juntadeandalucia.es/eboja/2024/197/BOJA24-197-00001-51044-01_00307993.pdf
468,"Parque Eólico Las Américas 40, 36, 35, 37","Arena Power Ren 38, S.L.; Arena Power Ren 33, S.L.; Arena Power Ren 32, S.L.; Arena Power Ren 34, S.L.",eolica,caducado,,,,,468,2024-09-09,2024-09-09,Jerez de la Frontera; Medina Sidonia; Puerto Real,11020;11023;11028,Cádiz,https://juntadeandalucia.es/eboja/2024/175/BOJA24-175-00001-50149-01_00307098.pdf
470,Línea de Evacuación en 66 kV de «PSFV Benacazón»,"Green Stone Renewable VI, S.L.",linea_evacuacion,favorable_condicionada,25.99,20.0,,,470,2023-05-09,2023-05-09,Benacazón; Huévar del Aljarafe,41015;41051,Sevilla,https://juntadeandalucia.es/eboja/2023/86/BOJA23-086-00001-7408-01_00282448.pdf
471,FV Guadalcázar,"Almodóvar Solar, S.L.",solar_fv,desconocido,48.494,,,,471,2023-02-09,2023-02-09,Guadalcázar,14033,Córdoba,https://juntadeandalucia.es/eboja/2023/27/BOJA23-027-00001-1836-01_00276952.pdf
472,Campos de Córdoba XVI,"Arena Power Solar 29, S.L.",solar_fv,desconocido,4.99,,,,472,2023-02-09,2023-02-09,Palma del Río,14049,Córdoba,https://juntadeandalucia.es/eboja/2023/27/BOJA23-027-00001-2001-01_00277112.pdf
473,"Infraestructura común para la Evacuación de las PSFV Arcadia Carmona 1, 2 y 3 y Carmo 1, 2 y 3 (SET El Canto 30/220 kV y LAAT 220 kV)","Elsa Energía, S.L.",linea_evacuacion,favorable_condicionada,,,,,473,2023-02-09,2023-02-09,Carmona,41024,Sevilla,https://juntadeandalucia.es/eboja/2023/27/BOJA23-027-00001-1982-01_00277107.pdf
474,PSF Ronda 5,"Cobra Concesiones, S.L.",solar_fv,desconocido,,,,,474,2023-02-09,2023-02-09,Cañete la Real; Teba,29035;29089,Málaga,https://juntadeandalucia.es/eboja/2023/27/BOJA23-027-00001-2132-01_00277218.pdf
475,Proyecto de Planta Fotovoltaica «Los Naranjos»,"Acegas Desarrollos Fotovoltaicos, S.L.",solar_fv,desconocido,9.9,,,,475,2023-02-09,2023-02-09,Benahadux; Gádor,04024;04047,Almería,https://juntadeandalucia.es/eboja/2023/27/BOJA23-027-00001-376-01_00275460.pdf
476,FV Almodóvar,"La Redonda Solar, S.L.",solar_fv,desconocido,18.996,,,,476,2023-02-09,2023-02-09,Almodóvar del Río,14005,Córdoba,https://juntadeandalucia.es/eboja/2023/27/BOJA23-027-00001-1837-01_00276954.pdf
477,ISF Almodóvar del Río I,"Energía Diodos, S.L.U.",solar_fv,desconocido,24.996,,,,477,2023-02-09,2023-02-09,Guadalcázar,14033,Córdoba,https://juntadeandalucia.es/eboja/2023/27/BOJA23-027-00001-1838-01_00276957.pdf
478,FV Silverio 1,"Silver Ric Energy, S.L.",solar_fv,desconocido,20.0,27.993,,,478,2023-02-09,2023-02-09,Almodóvar del Río; Guadalcázar,14005;14033,Córdoba,https://juntadeandalucia.es/eboja/2023/27/BOJA23-027-00001-1840-01_00276962.pdf
479,PSF Alcalá 6,"Dinamedia Energías Renovables, S.L.",solar_fv,favorable_condicionada,13.13,13.13,,,479,2023-02-09,2023-02-09,Alcalá de Guadaíra,41004,Sevilla,https://juntadeandalucia.es/eboja/2023/27/BOJA23-027-00001-1112-01_00276202.pdf
480,Planta solar fotovoltaica «La Víbora»,"Parque Eólico La Víbora, S.L.U.",solar_fv,favorable_condicionada,46.0,36.25,,,480,2023-02-09,2023-02-09,Gerena; Guillena,41045;41049,Sevilla,https://juntadeandalucia.es/eboja/2023/27/BOJA23-027-00001-1404-01_00276499.pdf
481,PSFV «Carmo 2»,"Cripton Solar, S.L.",solar_fv,favorable_condicionada,50.0,36.665,,,481,2023-02-09,2023-02-09,Carmona,41024,Sevilla,https://juntadeandalucia.es/eboja/2023/27/BOJA23-027-00001-1816-01_00277045.pdf
482,Planta Solar Fotovoltaica «Artemisa»,Artemisa Energía S.L.,solar_fv,favorable_condicionada,50.0,,,,482,2023-02-09,2023-02-09,Alcalá de Guadaíra,41004,Sevilla,https://juntadeandalucia.es/eboja/2023/27/BOJA23-027-00001-1929-01_00277048.pdf
483,PSF Ronda 1,"Cobra Concesiones, S.L.",solar_fv,desconocido,,,,,483,2023-02-09,2023-02-09,Cañete la Real,29035,Málaga,https://juntadeandalucia.es/eboja/2023/27/BOJA23-027-00001-2134-01_00277215.pdf
484,planta solar fotovoltaica «Puerto»,"Parque Eólico Puerto Calera I, S.L.U.",solar_fv,favorable_condicionada,,,,,591,2023-03-02,2024-11-08,Teba,29089,Málaga,https://juntadeandalucia.es/eboja/2023/41/BOJA23-041-00001-2508-01_00277667.pdf https://juntadeandalucia.es/eboja/2024/218/BOJA24-218-00001-53256-01_00310205.pdf
486,Guzmán I,"Global Solar Energy Cuarenta, S.L.U.",solar_fv,favorable_condicionada,,37.5,,,486,2023-11-08,2023-11-08,Gibraleón,21035,Huelva,https://juntadeandalucia.es/eboja/2023/214/BOJA23-214-00001-16756-01_00291753.pdf
488,Parque solar fotovoltaico Cerro Gordo con almacenamiento bess,"Sustainable PV1, S.L.",solar_fv,favorable_condicionada,,,,,488,2026-09-08,2026-09-08,Carmona,41024,Sevilla,https://juntadeandalucia.es/eboja/2026/174/BOJA26-174-00001-11135-01_00342365.pdf
489,"Plantas solares fotovoltáicas «PSFV Adelfas 1, PSFV Adelfas 2, PSFV Adelfas 3 y PSFV El Soldado»","Sustainable PV1, S.L.",solar_fv,favorable_condicionada,22.91,20.0,,,489,2026-09-08,2026-09-08,Carmona; El Viso del Alcor,41024;41102,Sevilla,https://juntadeandalucia.es/eboja/2026/174/BOJA26-174-00001-11105-01_00342335.pdf
490,Parque fotovoltaico Isla 1 Solar,"PVSS Madrid I, S.L.",solar_fv,favorable_condicionada,,,,,490,2026-05-08,2026-05-08,Isla Mayor,41902,Sevilla,https://juntadeandalucia.es/eboja/2026/87/BOJA26-087-00001-324-01_00331551.pdf
491,Parque Fotovoltaico Isla 2 Solar,"PVSS Madrid I, S.L.",solar_fv,favorable_condicionada,,,,,491,2026-05-08,2026-05-08,Isla Mayor,41902,Sevilla,https://juntadeandalucia.es/eboja/2026/87/BOJA26-087-00001-400-01_00331627.pdf
493,Planta solar fotovoltaica Patria II,"Generación Eólico Solar 10, S.L.",solar_fv,favorable_condicionada,29.98,,,,493,2023-02-08,2023-02-08,Algeciras,11004,Cádiz,https://juntadeandalucia.es/eboja/2023/26/BOJA23-026-00001-1553-01_00276666.pdf
494,FV El Caballo 1,"Caletona Servicios y Gestiones, S.L.",solar_fv,desconocido,,,,,494,2023-02-08,2023-02-08,Bujalance; Montoro,14012;14043,Córdoba,https://juntadeandalucia.es/eboja/2023/26/BOJA23-026-00001-1845-01_00277019.pdf
495,FV El Caballo 2,"Caletona Servicios y Gestiones, S.L.",solar_fv,desconocido,38.0,,,,495,2023-02-08,2023-02-08,Bujalance,14012,Córdoba,https://juntadeandalucia.es/eboja/2023/26/BOJA23-026-00001-1841-01_00276964.pdf
496,FV El Caballo 3,"Caletona Servicios y Gestiones, S.L.",solar_fv,desconocido,38.0,,,,496,2023-02-08,2023-02-08,Bujalance,14012,Córdoba,https://juntadeandalucia.es/eboja/2023/26/BOJA23-026-00001-1844-01_00276981.pdf
497,PSF «FV Guillena»,"Renovalia Solar Andalucía, S.L.U.",solar_fv,favorable_condicionada,50.0,,,,497,2023-02-08,2023-02-08,Guillena; La Algaba; Salteras; Santiponce,41049;41007;41085;41089,Sevilla,https://juntadeandalucia.es/eboja/2023/26/BOJA23-026-00001-1110-01_00276190.pdf
498,PSF Alcalá 1,"Dinamedia Energías Renovables, S.L.",solar_fv,favorable_condicionada,18.9,18.9,,,498,2023-02-08,2023-02-08,Alcalá de Guadaíra,41004,Sevilla,https://juntadeandalucia.es/eboja/2023/26/BOJA23-026-00001-1176-01_00276310.pdf
499,PSF Alcalá 3,"Dinamedia Energías Renovables, S.L.",solar_fv,favorable_condicionada,14.84,14.84,,,499,2023-02-08,2023-02-08,Alcalá de Guadaíra,41004,Sevilla,https://juntadeandalucia.es/eboja/2023/26/BOJA23-026-00001-1179-01_00276317.pdf
500,FV Dos Hermanas,"Renovalia Guadalsolar, S.L.U.",solar_fv,favorable_condicionada,50.0,,,,500,2023-02-08,2023-02-08,Alcalá de Guadaíra; La Rinconada; Mairena del Alcor; Santiponce; Sevilla,41004;41081;41058;41089;41091,Sevilla,https://juntadeandalucia.es/eboja/2023/26/BOJA23-026-00001-1494-01_00276578.pdf
501,Gibralgalia,"Renovalia Los Nogales, S.L.U.",solar_fv,desconocido,50.0,,90.0,,501,2023-02-08,2023-02-08,Casarabonela; Coín; Cártama; Málaga,29040;29042;29038;29067,Málaga,https://juntadeandalucia.es/eboja/2023/26/BOJA23-026-00001-1606-01_00276747.pdf
502,planta solar fotovoltaica La Cabrita 50 MW,,solar_fv,desconocido,50.0,50.0,,,502,2019-02-08,2019-02-08,Tabernas,04088,Almería,https://juntadeandalucia.es/eboja/2019/27/BOJA19-027-00001-921-01_00149454.pdf
503,Planta Fotovoltaica «Las Canteras»,"Generación Fotovoltaica Meridional, S.L.U.",solar_fv,favorable_condicionada,,,,,503,2024-10-07,2024-10-07,Baza; Caniles,18023;18039,Granada,https://juntadeandalucia.es/eboja/2024/195/BOJA24-195-00001-51454-01_00308403.pdf
504,Planta de Almacenamiento Ingrina Los Barrios,"Ingrina Solar, S.L.",almacenamiento,favorable_condicionada,5.0,5.0,,,504,2026-07-07,2026-07-07,Los Barrios,11008,Cádiz,https://juntadeandalucia.es/eboja/2026/129/BOJA26-129-00001-8705-01_00339937.pdf
505,TAIFA 10,"Arena Power Ren 11, S.L.",solar_fv,desconocido,4.99,,,,505,2025-07-07,2025-07-07,Córdoba,14021,Córdoba,https://juntadeandalucia.es/eboja/2025/128/BOJA25-128-00001-8415-01_00322013.pdf
506,Camino de Indias 122,"Lemon Tree Power Ren 4, S.L.",solar_fv,desconocido,4.99,,,,506,2025-07-07,2025-07-07,Córdoba,14021,Córdoba,https://juntadeandalucia.es/eboja/2025/128/BOJA25-128-00001-8201-01_00321800.pdf
507,PSF Camino de Indias 19,"Arena Power Ren 4, S.L.",solar_fv,favorable_condicionada,4.99,,,,507,2024-06-07,2024-06-07,Trigueros,21070,Huelva,https://juntadeandalucia.es/eboja/2024/110/BOJA24-110-00001-45844-01_00302794.pdf
508,"Instalación planta solar fotovoltaica ""Mares 37""","Arena Green Power Ren 37, S.L.U.",solar_fv,favorable_condicionada,3.82,3.82,,,508,2025-04-07,2025-04-07,Beas,21011,Huelva,https://juntadeandalucia.es/eboja/2025/66/BOJA25-066-00001-1771-01_00315380.pdf
509,Mirabal Solar II,"Global Solar Energy Quince, S.L.U.",solar_fv,desconocido,49.97,,,,509,2023-03-07,2023-03-07,Montoro,14043,Córdoba,https://juntadeandalucia.es/eboja/2023/44/BOJA23-044-00001-2430-01_00277539.pdf
510,Mirabal Solar III,"Global Solar Energy Dieciséis, S.L.U.",solar_fv,desconocido,49.99,,,,510,2023-03-07,2023-03-07,Marmolejo; Montoro,23059;14043,Córdoba; Jaén,https://juntadeandalucia.es/eboja/2023/44/BOJA23-044-00001-2431-01_00277542.pdf
511,Mirabal Solar I,"Global Solar Energy Nueve, S.L.U.",solar_fv,desconocido,49.987,,,,511,2023-03-07,2023-03-07,Montoro,14043,Córdoba,https://juntadeandalucia.es/eboja/2023/44/BOJA23-044-00001-2434-01_00277547.pdf
512,Cascamorras I,"Cervino Solar, S.L.",solar_fv,desconocido,,,,,512,2023-03-07,2023-03-07,Dúrcal; Villamena,18071;18908,Granada,https://juntadeandalucia.es/eboja/2023/44/BOJA23-044-00001-3377-01_00278454.pdf
513,Pozo Ancho,"Bogaris PV51, S.L.U.",solar_fv,desconocido,,,,,513,2024-02-07,2024-02-07,Antequera,29015,Málaga,https://juntadeandalucia.es/eboja/2024/27/BOJA24-027-00001-1076-01_00296564.pdf
514,HSF Jade,"Jade Sostenible, S.L.",solar_fv,favorable_condicionada,50.0,,,,514,2023-02-07,2023-02-07,Alcalá de Guadaíra,41004,Sevilla,https://juntadeandalucia.es/eboja/2023/25/BOJA23-025-00001-1911-01_00277016.pdf
515,HSF Esmeralda,"Esmeralda Solar, S.L.",solar_fv,favorable_condicionada,50.0,50.0,,,515,2023-02-07,2023-02-07,Alcalá de Guadaíra,41004,Sevilla,https://juntadeandalucia.es/eboja/2023/25/BOJA23-025-00001-1912-01_00277035.pdf
516,Magasquilla Hive,"Magasquilla Hive, S.L.",solar_fv,desconocido,,,,,516,2023-02-07,2023-02-07,Humilladero,29059,Málaga,https://juntadeandalucia.es/eboja/2023/25/BOJA23-025-00001-1451-01_00276579.pdf
517,El Cortijo,,eolica,desconocido,,,,,517,2023-02-07,2023-02-07,Casares; Manilva,29041;29068,Málaga,https://juntadeandalucia.es/eboja/2023/25/BOJA23-025-00001-1607-01_00276748.pdf
518,El Cortijo Fase II,Enerfin Sociedad de Energía S.l.U.,eolica,desconocido,,,,,518,2023-02-07,2023-02-07,Manilva; San Roque,29068;11033,Cádiz; Málaga,https://juntadeandalucia.es/eboja/2023/25/BOJA23-025-00001-2128-01_00277198.pdf
519,Virgen del Rosario,"Virgen del Rosario, S.L.U.",solar_fv,desconocido,,,,,519,2023-02-07,2023-02-07,Motril,18140,Granada,https://juntadeandalucia.es/eboja/2023/25/BOJA23-025-00001-1577-01_00276680.pdf
520,Instalación Solar Fotovoltaica Cubillas,"Gandasolar 8, S.L.U.",solar_fv,favorable_condicionada,,,,,555,2022-09-06,2026-05-04,Albolote; Atarfe; Moclín,18003;18022;18132,Granada,https://juntadeandalucia.es/eboja/2022/171/BOJA22-171-00001-13957-01_00267237.pdf https://juntadeandalucia.es/eboja/2026/83/BOJA26-083-00001-3566-01_00334787.pdf
521,"PVS Almonte solar 10 x 4,5 MW y subestación eléctrica 66/30 kV «Set Rociana PV colectora»","Sunny Rociana 11, S.L.",linea_evacuacion,favorable_condicionada,90.0,90.0,,,521,2026-08-06,2026-08-06,Almonte; Bollullos Par del Condado; Rociana del Condado,21005;21013;21061,Huelva,https://juntadeandalucia.es/eboja/2026/151/BOJA26-151-00001-10346-01_00341580.pdf
523,PSFV Lobatón II-Coloada III,"Benbros Solar Fotovoltaica 2, S.L.",solar_fv,favorable_condicionada,47.7,47.7,,,523,2026-05-06,2026-05-06,Arcos de la Frontera; Jerez de la Frontera,11006;11020,Cádiz,https://juntadeandalucia.es/eboja/2026/85/BOJA26-085-00001-5074-01_00336311.pdf
524,PSFV Hibridación P.E. El Barroso Solar Fase I,"Parque Eólico El Barroso, S.L.",hibrida,caducado,,,,,524,2024-05-06,2024-05-06,Jerez de la Frontera,11020,Cádiz,https://juntadeandalucia.es/eboja/2024/86/BOJA24-086-00001-44161-01_00301111.pdf
525,"Proyecto de planta fotovoltaica ""Alhamilla Solar""","Muscari Solar, S.L.",solar_fv,desconocido,36.0,,,,525,2023-03-06,2023-03-06,Lucainena de las Torres; Tabernas,04060;04088,Almería,https://juntadeandalucia.es/eboja/2023/43/BOJA23-043-00001-380-01_00275463.pdf
526,Proyecto de planta solar fotovoltaica Marchal Solar y línea subterranea de evacuación de media tension a 30 kV,"Grupotec SPV 7, S.L.",solar_fv,desconocido,,,,,526,2023-03-06,2023-03-06,Lucainena de las Torres; Tabernas,04060;04088,Almería,https://juntadeandalucia.es/eboja/2023/43/BOJA23-043-00001-2083-01_00277216.pdf
527,proyecto de planta fotovoltaica Ventura Solar,"Grupotec SPV 17, S.L.",solar_fv,desconocido,50.0,,,,527,2023-03-06,2023-03-06,Tabernas,04088,Almería,https://juntadeandalucia.es/eboja/2023/43/BOJA23-043-00001-2091-01_00277239.pdf
528,Planta Fotovoltaica Terrera Solar,"Grupotec SPV 16, S.L.",solar_fv,desconocido,50.0,,,,528,2023-03-06,2023-03-06,Lucainena de las Torres; Tabernas,04060;04088,Almería,https://juntadeandalucia.es/eboja/2023/43/BOJA23-043-00001-2098-01_00277242.pdf
529,Proyecto de Planta fotovoltaica Hornosol,,solar_fv,desconocido,50.0,,,,529,2023-03-06,2023-03-06,Lucainena de las Torres; Tabernas,04060;04088,Almería,https://juntadeandalucia.es/eboja/2023/43/BOJA23-043-00001-2099-01_00277251.pdf
530,Parque Eólico «Los Tramposos»,"Generación Eolicosolar 1, S.L.",eolica,desconocido,6.0,6.0,,,530,2023-03-06,2023-03-06,Baza; Zújar,18023;18194,Granada,https://juntadeandalucia.es/eboja/2023/43/BOJA23-043-00001-3698-01_00278768.pdf
531,Humilladero Hive,"Humilladero Hive, S.L.",solar_fv,desconocido,3.5,3.5,,,531,2023-02-06,2023-02-06,Humilladero; Mollina,29059;29072,Málaga,https://juntadeandalucia.es/eboja/2023/24/BOJA23-024-00001-1453-01_00276568.pdf
532,Campos de Granada IV,"Arena Power Solar 2, S.L.U.; Arena Power Solar 8, S.L.U.",solar_fv,desconocido,9.98,,,,532,2023-02-06,2023-02-06,Villa de Otura,18149,Granada,https://juntadeandalucia.es/eboja/2023/24/BOJA23-024-00001-1576-01_00276681.pdf
534,Archo II,"Matilde Solar, S.L.",solar_fv,favorable_condicionada,,,,,534,2024-06-05,2024-06-05,Antequera,29015,Málaga,https://juntadeandalucia.es/eboja/2024/108/BOJA24-108-00001-18667-01_00293755.pdf
535,Archo I,"Irineo Energía, S.L.",solar_fv,favorable_condicionada,,,,,535,2024-06-05,2024-06-05,Antequera,29015,Málaga,https://juntadeandalucia.es/eboja/2024/108/BOJA24-108-00001-18726-01_00293820.pdf
537,Planta Solar Fotovoltaica «Camino de Indias 48»,"Arena Power REN 22, S.L.",solar_fv,favorable_condicionada,,,,,537,2025-05-05,2025-05-05,Carmona,41024,Sevilla,https://juntadeandalucia.es/eboja/2025/83/BOJA25-083-00001-2428-01_00316038.pdf
538,Planta Solar Fotovoltaica «Camino de Indias 51»,"Arena Power Ren 26, S.L.",solar_fv,favorable_condicionada,,,,,538,2025-05-05,2025-05-05,Carmona,41024,Sevilla,https://juntadeandalucia.es/eboja/2025/83/BOJA25-083-00001-2420-01_00316029.pdf
539,Planta solar fotovoltaica «Camino de Indias 50»,"Arena Power Ren 24, S.L.",solar_fv,favorable_condicionada,,,,,539,2025-05-05,2025-05-05,Carmona,41024,Sevilla,https://juntadeandalucia.es/eboja/2025/83/BOJA25-083-00001-2423-01_00316032.pdf
540,Planta Solar Fotovoltaica «Camino de Indias 66»,"Arena Power REN 28, S.L.",solar_fv,favorable_condicionada,,,,,540,2025-05-05,2025-05-05,Carmona,41024,Sevilla,https://juntadeandalucia.es/eboja/2025/83/BOJA25-083-00001-2425-01_00316034.pdf
542,Repotenciación P.E. La Manga,"Corporación Acciona Eólica, S.L.",eolica,favorable_condicionada,,12.0,,,542,2024-04-05,2024-04-05,Tarifa,11035,Cádiz,https://juntadeandalucia.es/eboja/2024/66/BOJA24-066-00001-1758-01_00298446.pdf
543,Planta Solar Fotovoltaica Las Gabias 1,"Liberty Infraestructuras, S.L.",solar_fv,desconocido,,,,,543,2025-03-05,2025-03-05,Las Gabias,18905,Granada,https://juntadeandalucia.es/eboja/2025/43/BOJA25-043-00001-1655-01_00315263.pdf
544,Repotenciación P.E. Río Almodóvar,"Corporación Acciona Eólica, S.L.",eolica,favorable_condicionada,12.8,12.8,,,544,2023-05-02,2024-03-05,Tarifa,11035,Cádiz,https://juntadeandalucia.es/eboja/2023/81/BOJA23-081-00001-5595-01_00280639.pdf https://juntadeandalucia.es/eboja/2024/45/BOJA24-045-00001-1446-01_00297427.pdf
545,Hibridación FV San Patricio II,"Iberian Retail Bernesga 5, S.L.U.",hibrida,favorable_condicionada,,,,,545,2025-02-05,2025-02-05,Puerto Real,11028,Cádiz,https://juntadeandalucia.es/eboja/2025/24/BOJA25-024-00001-1309-01_00314919.pdf
546,Granada solar 165,"Desarrollos Fotovoltaicos Ibéricos, 28, S.L.; Desarrollos Fotovoltaicos Ibéricos, 26, S.L.; Desarrollos Fotovoltaicos Ibéricos, 27, S.L.",solar_fv,sin_resolucion,,78.0,,,600,2023-02-02,2025-02-05,Alhama de Granada; Atarfe; Cacín; Chimeneas; Moraleda de Zafayona; Pinos Puente; Íllora,18013;18022;18034;18061;18138;18158;18102,Granada,https://juntadeandalucia.es/eboja/2023/22/BOJA23-022-00001-1136-01_00276285.pdf https://juntadeandalucia.es/eboja/2025/24/BOJA25-024-00001-54978-01_00311924.pdf
547,"Plantas Solares Fotovoltaicas Olivares I y II, subestación eléctrica transformadora y línea aérea de alta tensión","Real Energy Power, S.L.U.",solar_fv,favorable_condicionada,,,,,547,2022-11-04,2022-11-04,Andújar; Arjona; Fuerte del Rey; Lahiguera; Torredelcampo,23005;23006;23035;23040;23086,Jaén,https://juntadeandalucia.es/eboja/2022/212/BOJA22-212-00001-17106-01_00270375.pdf
548,PSFV Pinar del Rey I,"Energía, Innovación y Desarrollo Fotovoltaico, S.A.",solar_fv,desfavorable,,,,,548,2023-09-04,2023-09-04,Los Barrios,11008,Cádiz,https://juntadeandalucia.es/eboja/2023/169/BOJA23-169-00001-13879-01_00288882.pdf
549,PSFV Pinar del Rey II,"Energía, Innovación y Desarrollo Fotovoltaico, S.A.",solar_fv,desfavorable,,,,,549,2023-09-04,2023-09-04,Los Barrios,11008,Cádiz,https://juntadeandalucia.es/eboja/2023/169/BOJA23-169-00001-13883-01_00288885.pdf
550,Parque Solar Fotovoltaico Viso Energy,"Benbros PV, S.L",solar_fv,favorable_condicionada,5.906,,,,550,2026-08-04,2026-08-04,Carmona; El Viso del Alcor,41024;41102,Sevilla,https://juntadeandalucia.es/eboja/2026/149/BOJA26-149-00001-9921-01_00341152.pdf
552,Planta solar fotovoltaica Zumajo Solar 1,"Markeb Solar, S.L.",solar_fv,favorable_condicionada,18.009,,,,552,2023-07-04,2023-07-04,Benalup-Casas Viejas; Medina Sidonia,11901;11023,Cádiz,https://juntadeandalucia.es/eboja/2023/126/BOJA23-126-00001-10775-01_00285800.pdf
553,PSFV Huerto Solar Correa,"Fotovoltaica Mairena, S.L.",solar_fv,favorable_condicionada,46.2,46.2,,,553,2025-06-04,2025-06-04,Jerez de la Frontera,11020,Cádiz,https://juntadeandalucia.es/eboja/2025/105/BOJA25-105-00001-6615-01_00320216.pdf
554,Infraestructura común de varias plantas fotovoltaicas para Evacuación a SET Guillena 220-400,"Almazara Solar, S.L.",linea_evacuacion,favorable_condicionada,,,,,554,2024-06-04,2024-06-04,Alcalá del Río; Burguillos; Castilblanco de los Arroyos,41005;41019;41027,Sevilla,https://juntadeandalucia.es/eboja/2024/107/BOJA24-107-00001-45466-01_00302416.pdf
556,"planta solar fotovoltaica ""Gazules 1""","Abei Energy Cspv One, S.L.",solar_fv,favorable_condicionada,36.4,,,,556,2023-05-04,2023-05-04,Alcalá de los Gazules,11001,Cádiz,https://juntadeandalucia.es/eboja/2023/83/BOJA23-083-00001-20770-01_00274074.pdf
558,Parque eólico Los Morales,"Iberian Retail Bernesga 6, S.L.U.",eolica,caducado,,,,,584,2025-02-04,2025-04-02,El Puerto de Santa María; Jerez de la Frontera; Sanlúcar de Barrameda,11027;11020;11032,Cádiz,https://juntadeandalucia.es/eboja/2025/23/BOJA25-023-00001-1311-01_00314921.pdf https://juntadeandalucia.es/eboja/2025/63/BOJA25-063-00001-4091-01_00317694.pdf
560,Caparacena 1,"Liberty Caparacena, S.L.",solar_fv,sin_resolucion,27.5,,,,560,2022-11-03,2022-11-03,Atarfe; Moclín,18022;18132,Granada,https://juntadeandalucia.es/eboja/2022/211/BOJA22-211-00001-16851-01_00270127.pdf
562,Bermejales Solar,"Desarrollos Fotovoltaicos Ibéricos 35, S.L.",solar_fv,desfavorable,42.0,42.0,,,562,2024-09-03,2024-09-03,Albuñuelas; Alhendín; La Malahá; Padul; Villamena,18007;18014;18126;18150;18908,Granada,https://juntadeandalucia.es/eboja/2024/171/BOJA24-171-00001-49964-01_00306914.pdf
566,Línea de evacuación 132 kV de la FV El Esparragal II,"FRV Corchitos II Solar, S.L.U.",linea_evacuacion,favorable_condicionada,49.89,43.2,,,566,2025-04-03,2025-04-03,Gerena; Guillena; Olivares; Salteras; Valencina de la Concepción,41045;41049;41067;41085;41096,Sevilla,https://juntadeandalucia.es/eboja/2025/64/BOJA25-064-00001-3643-01_00317248.pdf
569,PSFV Campim y Sistema de Evacuacion y PSFV Peñuelas y Sistema de Evacuacion,"Planta Fotovoltaica Campim, S.L.; Planta Fotovoltaica Peñuelas, S.L.",solar_fv,favorable_condicionada,,,,,569,2024-12-02,2024-12-02,Sanlúcar de Barrameda,11032,Cádiz,https://juntadeandalucia.es/eboja/2024/234/BOJA24-234-00001-54685-01_00311632.pdf
570,planta solar fotovoltaica Tan Energy 3,"Tayant Investment 14, S.L.",solar_fv,favorable_condicionada,49.8,,,,570,2022-12-02,2022-12-02,Jimena de la Frontera,11021,Cádiz,https://juntadeandalucia.es/eboja/2022/232/BOJA22-232-00001-19122-01_00272314.pdf
571,FV Cabra Rotonda 3,"Renta Cero 3 SPV, S.L.U.",solar_fv,desconocido,,,,,571,2022-11-02,2022-11-02,Montemayor,14041,Córdoba,https://juntadeandalucia.es/eboja/2022/210/BOJA22-210-00001-16790-01_00270060.pdf
572,Planta Solar Fotovoltaica «Demeter»,"Demeter Energía, S.L.",solar_fv,favorable_condicionada,50.0,,,,572,2022-11-02,2022-11-02,Los Molares,41063,Sevilla,https://juntadeandalucia.es/eboja/2022/210/BOJA22-210-00001-16413-01_00269677.pdf
573,Afrodita,"Afrodita Solar, S.L.",solar_fv,favorable_condicionada,50.0,,,,573,2022-11-02,2022-11-02,Los Molares,41063,Sevilla,https://juntadeandalucia.es/eboja/2022/210/BOJA22-210-00001-16412-01_00269675.pdf
574,Planta Solar Fotovoltaica «Anubis»,"Anubis Energía, S.L.",solar_fv,favorable_condicionada,50.0,,,,574,2022-11-02,2022-11-02,Los Molares,41063,Sevilla,https://juntadeandalucia.es/eboja/2022/210/BOJA22-210-00001-16411-01_00269696.pdf
575,PSFV «Puerto sostenible II»,"Alter Enersun, S.A.",solar_fv,favorable_condicionada,,,,,575,2025-10-02,2025-10-02,Huelva,21041,Huelva,https://juntadeandalucia.es/eboja/2025/190/BOJA25-190-00001-12720-01_00326317.pdf
576,PSFV «Puerto Sostenible I»,"Alter Enersun, S.A.",solar_fv,favorable_condicionada,,,,,576,2025-10-02,2025-10-02,Huelva,21041,Huelva,https://juntadeandalucia.es/eboja/2025/190/BOJA25-190-00001-12721-01_00326318.pdf
577,PSFV «Puerto Sostenible III»,"Alter Enersun, S.A.",solar_fv,favorable_condicionada,,,,,577,2025-10-02,2025-10-02,Huelva,21041,Huelva,https://juntadeandalucia.es/eboja/2025/190/BOJA25-190-00001-12722-01_00326319.pdf
580,Metaway I,"Choose Your Way, S.L.",solar_fv,favorable_condicionada,233.0,186.4,489.16,,580,2021-01-26,2023-05-02,Alcalá de Guadaíra; Sevilla; Utrera,41004;41091;41095,Sevilla,https://juntadeandalucia.es/eboja/2023/81/BOJA23-081-00001-6920-01_00281959.pdf https://www.boe.es/diario_boe/xml.php?id=BOE-B-2021-24853 https://www.boe.es/diario_boe/xml.php?id=BOE-B-2021-3300
581,Proyecto de planta fotovoltaica La Pared 5,"GR Solar 2020, S.L.",solar_fv,desconocido,149.919,,,,581,2023-05-02,2023-05-02,Lucainena de las Torres,04060,Almería,https://juntadeandalucia.es/eboja/2023/81/BOJA23-081-00001-4980-01_00280053.pdf
582,SAT 220 kV «Guadame Solar-Guadame (REE)»,"Green Stone Renewable VIII, S.L.",linea_evacuacion,desconocido,,,,,582,2023-05-02,2023-05-02,Bujalance; Lopera; Marmolejo; Montoro; Villa del Río,14012;23056;23059;14043;14066,Córdoba; Jaén,https://juntadeandalucia.es/eboja/2023/81/BOJA23-081-00001-7104-01_00282154.pdf
583,"Instalaciones híbridas renovables PE-PSFV Cactus, Cumbre Abad y Clavel","Bogaris PV47, S.L.; Bogaris PV33, S.L.; Iberian Retail Bernesga 13, S.L.U.",hibrida,desfavorable,,,,,583,2025-04-02,2025-04-02,El Puerto de Santa María; Jerez de la Frontera,11027;11020,Cádiz,https://juntadeandalucia.es/eboja/2025/63/BOJA25-063-00001-4092-01_00317695.pdf
585,Parque Fotovoltaico Dalías II,AND 1 Desarrollos Solar S.L.,solar_fv,desconocido,30.0,,,,585,2024-04-02,2024-04-02,Balanegra; Berja; Dalías; El Ejido; La Mojonera,04904;04029;04038;04902;04903,Almería,https://juntadeandalucia.es/eboja/2024/63/BOJA24-063-00001-1333-01_00297121.pdf
586,instalación fotovoltaica de autoconsumo,"Anzur-Yegüeriza, S.L.",solar_fv,sin_resolucion,0.2474,0.2,,,586,2023-03-02,2023-03-02,Puente Genil,14056,Córdoba,https://juntadeandalucia.es/eboja/2023/41/BOJA23-041-00001-3449-01_00278567.pdf
587,Planta Solar Fotovoltaica «CAR3»,"Zerinthia Energia Renovables, S.L.",solar_fv,favorable_condicionada,10.78,,,,587,2023-03-02,2023-03-02,Carmona,41024,Sevilla,https://juntadeandalucia.es/eboja/2023/41/BOJA23-041-00001-1181-01_00276312.pdf
588,HSF SAN 2,"Zerinthia Energía Renovables, S.L.",solar_fv,favorable_condicionada,11.2,11.2,,,588,2023-03-02,2023-03-02,Valencina de la Concepción,41096,Sevilla,https://juntadeandalucia.es/eboja/2023/41/BOJA23-041-00001-2409-01_00277487.pdf
589,Evacuación Común Guillena 400 kV (SET Colectora y tramo LAAT 400 kV),"Almazara Solar, S.L.",linea_evacuacion,favorable_condicionada,,,,,589,2023-03-02,2023-03-02,Guillena,41049,Sevilla,https://juntadeandalucia.es/eboja/2023/41/BOJA23-041-00001-2975-01_00278107.pdf
590,Proyecto de Planta Fotovoltaica Tabernas II,"Abei Energy Nine, S.L.",solar_fv,desconocido,50.0,,,,590,2023-03-02,2023-03-02,Lucainena de las Torres,04060,Almería,https://juntadeandalucia.es/eboja/2023/41/BOJA23-041-00001-2081-01_00277207.pdf
592,FV Casares I,"Ventaja Solar 7, S.L.",solar_fv,desconocido,,42.34,,,592,2024-02-02,2024-02-02,Casares,29041,Málaga,https://juntadeandalucia.es/eboja/2024/24/BOJA24-024-00001-799-01_00296017.pdf
593,planta solar fotovoltaica «September»,"September Solar, S.L.",solar_fv,favorable_condicionada,49.98,45.0,,,593,2023-02-02,2023-02-02,Setenil de las Bodegas,11034,Cádiz,https://juntadeandalucia.es/eboja/2023/22/BOJA23-022-00001-913-01_00276021.pdf
594,Planta solar fotovoltaica Isturgi,"Isturgi Solar, S.L.",solar_fv,favorable_condicionada,49.98,,,,594,2023-02-02,2023-02-02,Setenil de las Bodegas,11034,Cádiz,https://juntadeandalucia.es/eboja/2023/22/BOJA23-022-00001-920-01_00276030.pdf
595,planta solar fotovoltaica Taino,"Taino Solar, S.L.",solar_fv,favorable_condicionada,49.98,45.0,,,595,2023-02-02,2023-02-02,Setenil de las Bodegas,11034,Cádiz,https://juntadeandalucia.es/eboja/2023/22/BOJA23-022-00001-921-01_00276019.pdf
596,Alcalá 2,"Dinamedia Energías Renovables, S.L.",solar_fv,favorable_condicionada,18.21,16.1,34.0476,,596,2023-02-02,2023-02-02,Dos Hermanas; Sevilla,41038;41091,Sevilla,https://juntadeandalucia.es/eboja/2023/22/BOJA23-022-00001-1103-01_00276165.pdf
597,Salteras 3,"Talar Solar, S.L.U.",solar_fv,favorable_condicionada,49.9,41.5,,,597,2023-02-02,2023-02-02,Salteras,41085,Sevilla,https://juntadeandalucia.es/eboja/2023/22/BOJA23-022-00001-1269-01_00276505.pdf
598,Huévar 1,"Mirasol Renovables, S.L.",solar_fv,favorable_condicionada,9.9,8.0,,,598,2023-02-02,2023-02-02,Benacazón; Huévar del Aljarafe; Pilas,41015;41051;41075,Sevilla,https://juntadeandalucia.es/eboja/2023/22/BOJA23-022-00001-1396-01_00276502.pdf
599,Huévar 2,"Mirasol Renovables, S.L.",solar_fv,favorable_condicionada,15.0,,,,599,2023-02-02,2023-02-02,Benacazón; Bollullos de la Mitación; Huévar del Aljarafe; Pilas,41015;41016;41051;41075,Sevilla,https://juntadeandalucia.es/eboja/2023/22/BOJA23-022-00001-1397-01_00276509.pdf
601,Instalación de Set promotores Guadame 132/400,"Greenalia Solar Power Zumajo II, S.L.U.",linea_evacuacion,favorable_condicionada,,,,,601,2023-02-02,2023-02-02,Marmolejo,23059,Jaén,https://juntadeandalucia.es/eboja/2023/22/BOJA23-022-00001-1187-01_00276298.pdf
603,Planta Solar Fotovoltaica «Soberbina»,"Soberbina Energía, S.L.",solar_fv,favorable_condicionada,,,,,603,2025-09-01,2025-09-01,Almensilla; Coria del Río; Isla Mayor; La Puebla del Río; Palomares del Río,41010;41034;41902;41079;41070,Sevilla,https://juntadeandalucia.es/eboja/2025/167/BOJA25-167-00001-9459-01_00323058.pdf
605,Planta de Almacenamiento Teleiro Los Barrios,"Teleiro Solar, S.L.",almacenamiento,favorable_condicionada,5.0,5.0,,,605,2026-07-01,2026-07-01,Los Barrios,11008,Cádiz,https://juntadeandalucia.es/eboja/2026/125/BOJA26-125-00001-8346-01_00339579.pdf
606,Planta de Almacenamiento Beliche Los Barrios,"Beliche Solar, S.L.",almacenamiento,favorable_condicionada,5.0,5.0,,,606,2026-07-01,2026-07-01,Los Barrios,11008,Cádiz,https://juntadeandalucia.es/eboja/2026/125/BOJA26-125-00001-8345-01_00339580.pdf
608,Planta Solar Fotovoltaica Cartujano I,"Energías Renovables de Gladiateur 45, S.L.",solar_fv,favorable_condicionada,49.99,,,,608,2023-06-01,2023-06-01,Jerez de la Frontera,11020,Cádiz,https://juntadeandalucia.es/eboja/2023/103/BOJA23-103-00001-20768-01_00274010.pdf
609,PSFV Garrapilos,"Rodrigo Solar, S.L.",solar_fv,desfavorable,,,,,609,2024-04-01,2024-04-01,Jerez de la Frontera,11020,Cádiz,https://juntadeandalucia.es/eboja/2024/62/BOJA24-062-00001-42424-01_00299331.pdf
611,"planta fotovoltaica Saleres 1, 2 (y línea de evacuación 30kV), 3 y 4, SET Saleres Solar 30/220 línea eléctrica aérea a 220","Almach Solar, S.L.; Canopus Solar, S.L.; Alpha Canis, S.L.; Becrux Solar, S.L.",solar_fv,sin_resolucion,,,,,611,2023-03-01,2023-03-01,Albuñuelas; Alhendín; Padul; Villa de Otura; Villamena,18007;18014;18150;18149;18908,Granada,https://juntadeandalucia.es/eboja/2023/40/BOJA23-040-00001-3804-01_00278880.pdf
613,Proyecto de instalación solar fotovoltaica FV AG1,"Anthophila Energías Renovables, S.L.",solar_fv,favorable_condicionada,17.02,15.0,,,613,2023-02-01,2023-02-01,Dos Hermanas; Sevilla,41038;41091,Sevilla,https://juntadeandalucia.es/eboja/2023/21/BOJA23-021-00001-1043-01_00276183.pdf
614,Antequera II,"Mes Solar 1, S.L.",solar_fv,desconocido,,,,,614,2023-02-01,2023-02-01,Casabermeja,29039,Málaga,https://juntadeandalucia.es/eboja/2023/21/BOJA23-021-00001-1446-01_00276560.pdf
615,Planta solar fotovoltaica e hidrógeno verde Villamartín H2,"Galena Renovables 6, S.L.",hibrida,en_consulta,604.83,523.0,672.62,,615,2025-06-30,2025-06-30,Villamartín,11041,Cádiz,https://juntadeandalucia.es/eboja/2025/123/BOJA25-123-00002-9159-01_00322758.pdf
616,Planta de electrólisis producción hidrógeno verde y almacenamiento. Instalación solar fotovoltaica para autoconsumo sin excedentes de instalación «Power To Gas»,"Bragi Solar, S.L.",hibrida,sin_resolucion,,,,,616,2024-09-27,2024-09-27,La Luisiana; Écija,41056;41039,Sevilla,https://juntadeandalucia.es/eboja/2024/189/BOJA24-189-00002-51110-01_00308059.pdf
617,"Ocupación de monte público La Chaparrita y otras (t.m. Nerva. Huelva), por LAMT 20 kV de evacuación de parques solares fotovoltáicos en el t.m. de El Campillo (Huelva)","Brownie Combustibles, S.L.",linea_evacuacion,en_consulta,,,,,617,2025-06-26,2025-06-26,El Campillo; Nerva,21018;21052,Huelva,https://juntadeandalucia.es/eboja/2025/121/BOJA25-121-00001-9001-01_00322600.pdf
618,Parque Solar Fotovoltaico (PSF),"Telmo Solar, S.L.",solar_fv,en_consulta,25.0,25.0,,,618,2025-02-26,2025-02-26,Antequera,29015,Málaga,https://juntadeandalucia.es/eboja/2025/39/BOJA25-039-00001-2567-01_00316176.pdf
619,"Proyecto de planta solar fotovoltaica 96,3,1MW y planta de hidrógeno verde San José del Valle H2 70MW","Siroco Hydrogen, 1 S.L.",hibrida,en_consulta,114.94,166.3,191.4,,619,2025-01-10,2025-06-25,Jerez de la Frontera; San José del Valle,11020;11902,Cádiz,https://juntadeandalucia.es/eboja/2025/120/BOJA25-120-00002-8914-01_00322513.pdf https://juntadeandalucia.es/eboja/2025/6/BOJA25-006-00002-55-01_00313669.pdf
620,Proyecto de planta solar fotovoltaica 52.20 MWn y planta de hidrógeno verde Zorrilla H2 35MW 93.78HA,"Siroco Hydrogene 4, S.L.",hibrida,en_consulta,98.92,87.2,93.78,,620,2025-07-24,2025-07-24,Arcos de la Frontera; Bornos; Espera,11006;11010;11017,Cádiz,https://juntadeandalucia.es/eboja/2025/141/BOJA25-141-00002-10441-01_00324039.pdf
621,"Planta de H2 100 MW Jerez Este Planta Solar 138,3 MWn 278,12 ha","Siroco Hydrogen 6, S.L.",hibrida,en_consulta,168.69,138.3,278.12,,621,2025-07-24,2025-07-24,Jerez de la Frontera; Paterna de Rivera; San José del Valle,11020;11025;11902,Cádiz,https://juntadeandalucia.es/eboja/2025/141/BOJA25-141-00002-10440-01_00324038.pdf
622,Proyecto de construcción de planta fotovoltaica y planta de electrolisis para la producción de hidrógeno renovable,"H2Green La Isla, S.L.",hibrida,sin_resolucion,,,,,622,2022-11-23,2022-11-23,Dos Hermanas,41038,Sevilla,https://juntadeandalucia.es/eboja/2022/225/BOJA22-225-00002-18399-01_00271686.pdf
623,"planta solar fotovoltaica 78,6MWn y planta de hidrógeno verde El Mojito H2 65MW","Siroco Hydrogen 5, S.L.",hibrida,en_consulta,158.97,143.6,175.57,,623,2025-01-17,2025-07-22,Jerez de la Frontera; Puerto Real,11020;11028,Cádiz,https://juntadeandalucia.es/eboja/2025/11/BOJA25-011-00002-426-01_00314038.pdf https://juntadeandalucia.es/eboja/2025/139/BOJA25-139-00002-10234-01_00323832.pdf
624,Cascabarra Almonte,"Cascabarra Solar, S.L.",linea_evacuacion,sin_resolucion,,,,,624,2024-02-22,2024-02-22,Almonte,21005,Huelva,https://juntadeandalucia.es/eboja/2024/38/BOJA24-038-00001-1375-01_00297223.pdf
625,Planta fotovoltaica y planta de electrolisis para la producción de hidrógeno verde,"Gedisol Energía, S.L.",hibrida,sin_resolucion,,,,,625,2023-02-22,2023-02-22,Alcalá la Real,23002,Jaén,https://juntadeandalucia.es/eboja/2023/36/BOJA23-036-00002-2634-01_00277778.pdf
626,Proyecto de Generación de Metanol Verde Solwinhy Cádiz,"Viridi Energías Renovables, S.L.",hibrida,sin_resolucion,165.0,54.0,463.0,,626,2023-11-21,2023-11-21,Arcos de la Frontera,11006,Cádiz,https://juntadeandalucia.es/eboja/2023/223/BOJA23-223-00002-17562-01_00292571.pdf
627,Planta de Hidrógeno Verde Abadín,"Apis Solar, S.L.",hibrida,en_consulta,25.2,15.0,51.0,,627,2026-04-14,2026-04-20,Arcos de la Frontera,11006,Cádiz,https://juntadeandalucia.es/eboja/2026/70/BOJA26-070-00002-4796-01_00336032.pdf https://juntadeandalucia.es/eboja/2026/74/BOJA26-074-00002-5078-01_00336315.pdf
630,Proyecto de ejecución de línea eléctrica de evacuación de la instalación planta solar fotovoltaica,"Soberbina Energía, S.L.",linea_evacuacion,en_consulta,,,,,630,2025-05-13,2025-05-13,Isla Mayor; La Puebla del Río,41902;41079,Sevilla,https://juntadeandalucia.es/eboja/2025/89/BOJA25-089-00001-4548-01_00318151.pdf
631,Cerro del Andévalo I,"Narmer Solar, S.L.",solar_fv,sin_resolucion,50.0,,,,631,2024-03-13,2024-03-13,El Cerro de Andévalo,21023,Huelva,https://juntadeandalucia.es/eboja/2024/51/BOJA24-051-00002-41729-01_00298427.pdf
632,Cerro del Andévalo II,"Hiperión Solar, S.L.",solar_fv,sin_resolucion,50.0,,,,632,2024-03-13,2024-03-13,El Cerro de Andévalo,21023,Huelva,https://juntadeandalucia.es/eboja/2024/51/BOJA24-051-00002-41714-01_00298410.pdf
633,"Proyecto de planta solar fotovoltaica 161,1MW y Planta de Hidrógeno Verde Jaulon 130","Jarico Energia 2, S.L.",hibrida,en_consulta,199.68,161.1,387.43,,633,2025-07-11,2025-07-11,Arcos de la Frontera; Bornos; Espera,11006;11010;11017,Cádiz,https://juntadeandalucia.es/eboja/2025/132/BOJA25-132-00002-9855-01_00323454.pdf
635,Planta de hidrogeno verde Arquillo H2,"Galena Renovables 5, S.L.",hibrida,en_consulta,47.51,39.6,119.61,,635,2026-01-07,2026-01-07,Jerez de la Frontera; Paterna de Rivera,11020;11025,Cádiz,https://juntadeandalucia.es/eboja/2026/3/BOJA26-003-00002-17530-01_00331127.pdf
636,Planta fotovoltaica en autoconsumo para producción de hidrógeno renovable,"Solaner Dos, S.L.U.",solar_fv,sin_resolucion,,,,,636,2023-02-06,2023-02-06,Sevilla,41091,Sevilla,https://juntadeandalucia.es/eboja/2023/24/BOJA23-024-00002-1983-01_00277083.pdf
637,Proyecto Espera Hidrógeno Verde planta de H2 e instalaciones fotovoltaicas,"Espera Hidrógeno Verde, Sociedad Limitada",hibrida,sin_resolucion,,,,,637,2023-08-01,2023-08-01,Arcos de la Frontera; Bornos; Espera,11006;11010;11017,Cádiz,https://juntadeandalucia.es/eboja/2023/146/BOJA23-146-00002-12708-01_00287718.pdf
638,Instalación fotovoltaica Puerto Real 110,"Fénix Renovable, SL",solar_fv,desconocido,110.0,110.0,,,638,2025-06-07,2025-06-07,Puerto Real,11028,Cádiz,https://www.boe.es/diario_boe/xml.php?id=BOE-A-2025-11509
640,DON RODRIGO I,"HERMES SOLAR, S.L.",solar_fv,sin_resolucion,250.0,,,,640,2019-09-13,2019-09-13,Alcalá de Guadaíra,41004,Sevilla,https://www.boe.es/diario_boe/xml.php?id=BOE-B-2019-37818
642,Anayet Solar,"Anayet Solar, S.L.U.; Áncora Solar, S.L.U.; Edelweis Solar, S.L.U.; Trofeo Solar, S.L.U.; Winche Solar, S.L.U.",solar_fv,sin_resolucion,353.0,353.0,,,642,2020-12-28,2020-12-28,Casares; Jimena de la Frontera; San Martín del Tesorillo,29041;11021;11903,Cádiz; Málaga,https://www.boe.es/diario_boe/xml.php?id=BOE-B-2020-49577
643,Lanuza Solar I,"Lanuza Solar, S.L.U.; Nuza Solar, S.L.U.",solar_fv,sin_resolucion,125.0,125.0,,,643,2020-12-28,2020-12-28,Casares; Jimena de la Frontera; San Martín del Tesorillo,29041;11021;11903,Cádiz; Málaga,https://www.boe.es/diario_boe/xml.php?id=BOE-B-2020-49578
644,Anclote Solar,"Anclote Solar, S.L.U.; Atolón Solar, S.L.U.; Lanuza Solar, S.L.U.; Nuza Solar, S.L.U.",solar_fv,sin_resolucion,250.0,250.0,,,644,2020-12-29,2020-12-29,Casares; Gaucín; Jimena de la Frontera,29041;29056;11021,Cádiz; Málaga,https://www.boe.es/diario_boe/xml.php?id=BOE-B-2020-49856
648,Amura Solar,"Amura Solar, S.L.; Trofeo Solar, S.L.",solar_fv,sin_resolucion,113.5,110.01,859.68,,648,2021-02-03,2021-02-03,Casares,29041,Málaga,https://www.boe.es/diario_boe/xml.php?id=BOE-B-2021-4687
651,Planta Solar Fotovoltaica Costa Luz_0,"NUEVA ERA SOLAR M&D II, S.L.",solar_fv,sin_resolucion,99.885,,,,651,2021-02-17,2021-02-17,Gibraleón,21035,Huelva,https://www.boe.es/diario_boe/xml.php?id=BOE-B-2021-7480
657,FV Sancho,"Mitra Alfa, S.L.U.",solar_fv,sin_resolucion,200.0,173.0,171.81,,657,2021-03-11,2021-03-11,Castellar de la Frontera; San Roque,11013;11033,Cádiz,https://www.boe.es/diario_boe/xml.php?id=BOE-B-2021-11970
660,Planta Solar Fotovoltaica MEZQUITA,"PROYECTO FOTOVOLTAICO SANTIPONCE, S.L.",solar_fv,sin_resolucion,104.919,92.75,262.13,,709,2021-03-23,2022-10-05,Albolote; Alfacar; Calicasas; Colomera; Granada; Güevéjar; Jun; Moclín; Víznar,18003;18011;18037;18051;18087;18095;18111;18132;18189,Granada,https://www.boe.es/diario_boe/xml.php?id=BOE-B-2021-14148 https://www.boe.es/diario_boe/xml.php?id=BOE-B-2022-30422
661,MIRABAL_0,"NUEVA ERA SOLAR M&D III, S.L.",solar_fv,sin_resolucion,104.919,92.75,222.89,,661,2021-03-23,2021-03-23,Atarfe; Colomera; Moclín,18022;18051;18132,Granada,https://www.boe.es/diario_boe/xml.php?id=BOE-B-2021-14149
673,FV Posets Solar,"Posets Solar, S.L.; Faballones Solar, S.L.",solar_fv,sin_resolucion,248.4,206.74,606.231,,674,2021-05-25,2021-05-25,Casarabonela; Cártama; Pizarra; Álora,29040;29038;29080;29012,Málaga,https://www.boe.es/diario_boe/xml.php?id=BOE-B-2021-26388 https://www.boe.es/diario_boe/xml.php?id=BOE-B-2021-26389
676,FV Boyante Solar,"Boyante Solar, S.L.; Baluma Solar, S.L.",solar_fv,sin_resolucion,125.0,101.5,315.7,,676,2021-05-26,2021-05-26,Albolote; Atarfe; Moclín,18003;18022;18132,Granada,https://www.boe.es/diario_boe/xml.php?id=BOE-B-2021-26580
678,ALIAGA SOLAR I,"VE SONNEDIX SPV GAMMA, S.L.U.",solar_fv,sin_resolucion,160.0,130.2,251.08,,678,2021-06-07,2021-06-07,Almogía; Málaga,29011;29067,Málaga,https://www.boe.es/diario_boe/xml.php?id=BOE-B-2021-28602
680,Parque Eólico Taraguilla,"DESARROLLOS RENOVABLES EÓLICOS Y SOLARES, S.L.U.",eolica,sin_resolucion,62.7,62.7,,11,680,2021-06-25,2021-06-25,Los Barrios; San Roque,11008;11033,Cádiz,https://www.boe.es/diario_boe/xml.php?id=BOE-B-2021-30848
698,FV Ronda I,"Cepsa Gas Y Electricidad, S.A.U.",solar_fv,sin_resolucion,608.276,278.6,421.1887,,698,2021-12-03,2021-12-03,Alcalá del Valle; Ronda; Setenil de las Bodegas; Torre Alháquime,11002;29084;11034;11036,Cádiz; Málaga,https://www.boe.es/diario_boe/xml.php?id=BOE-B-2021-49135
699,Planta Solar Fotovoltaica Hibridación Saucito,"IBERDROLA RENOVABLES ANDALUCÍA, S.A.U.",hibrida,sin_resolucion,36.01,30.0,,,699,2021-12-21,2021-12-21,,,,https://www.boe.es/diario_boe/xml.php?id=BOE-B-2021-51588
728,Hibridación Los Morrones,CORPORACION ACCIONA EOLICA SLU,solar_fv,sin_resolucion,34.09,27.0,56.58,,728,2024-01-22,2024-01-22,Baza; Zújar,18023;18194,Granada,https://www.boe.es/diario_boe/xml.php?id=BOE-B-2024-2091
729,Proyecto para mejora de la eficiencia energética mediante la adaptación de equipos e incorporación de energías renovables para la instalación de regeneración y mejora de la calidad de las aguas en la comunidad de regantes de Cuevas del Almanzora (Almería),Sociedad Mercantil Estatal de Infraestructuras Agrarias S.A. (SEIASA),otra,sin_resolucion,,,,,729,2024-02-01,2024-02-01,Cuevas del Almanzora,04035,Almería,https://www.boe.es/diario_boe/xml.php?id=BOE-B-2024-3303
731,FV HIB HUÉNEJA 3,"IBERDROLA RENOVABLES ANDALUCÍA, S.A.U.",hibrida,sin_resolucion,58.44,49.4,96.2,,731,2024-02-19,2024-02-19,Huéneja,18097,Granada,https://www.boe.es/diario_boe/xml.php?id=BOE-B-2024-5726
732,HIBRIDACIÓN DÓLAR 3,"IBERDROLA RENOVABLES ANDALUCÍA, S.A.U.",solar_fv,sin_resolucion,43.973,36.9,49.63,,732,2024-02-20,2024-02-20,Guadix,18089,Granada,https://www.boe.es/diario_boe/xml.php?id=BOE-B-2024-5894
733,FERREIRA 2,"IBERDROLA RENOVABLES ANDALUCÍA, S.A.U.",hibrida,sin_resolucion,95.26,88.24,54.14,,733,2024-02-20,2024-02-20,Dólar; Ferreira; Guadix; Huéneja; La Calahorra; Valle del Zalabí,18069;18074;18089;18097;18114;18907,Granada,https://www.boe.es/diario_boe/xml.php?id=BOE-B-2024-5895
737,"Proyecto de distribución de agua con bombeos fotovoltaicos en Palomares para la Junta Central de Usuarios de Aguas del Valle del Almanzora. Comunidades de Regantes del Bajo Almanzora, Vera, S.A.T. nº 2503 de Antas y S.A.T. Agrolujo (Almería)",Sociedad Mercantil Estatal de Infraestructuras Agrarias S.A. (SEIASA),solar_fv,sin_resolucion,,,,,737,2024-03-20,2024-03-20,Antas; Vera,04016;04100,Almería,https://www.boe.es/diario_boe/xml.php?id=BOE-B-2024-10017
738,FV Arcos,"Iberdrola Generación Térmica, S.L.",hibrida,sin_resolucion,246.46,204.63,,,738,2024-06-07,2024-06-07,Arcos de la Frontera,11006,Cádiz,https://www.boe.es/diario_boe/xml.php?id=BOE-B-2024-20807
740,FV La Puebla 1,"JINKO GREENFIELD SPAIN 3, S.L",solar_fv,sin_resolucion,232.34,180.0,654.81,,740,2024-06-26,2024-06-26,Puebla de Guzmán,21058,Huelva,https://www.boe.es/diario_boe/xml.php?id=BOE-B-2024-23943
741,FV La Puebla 3,"Jinko Greenfield Spain 1, S.L",solar_fv,sin_resolucion,260.02,209.0,529.0,,741,2024-07-26,2024-07-26,Alosno; Puebla de Guzmán,21006;21058,Huelva,https://www.boe.es/diario_boe/xml.php?id=BOE-B-2024-27387
746,Helioenergy PV1,"Helioenergy Electricidad Uno, S.A.U.; Helioenergy Electricidad Dos, S.A.U.",solar_fv,en_consulta,9.98,9.98,,,746,2024-10-26,2024-10-26,Écija,41039,Sevilla,https://www.boe.es/diario_boe/xml.php?id=BOE-B-2024-38817
748,Magerit FV3,"HARBOUR SEVILLA MANCHUELA 2, S.L.",solar_fv,en_consulta,287.0,268.95,603.92,,748,2024-11-21,2024-11-21,,,,https://www.boe.es/diario_boe/xml.php?id=BOE-B-2024-42516
750,"Proyecto de Hibridación de la Planta Fotovoltaica 'Las Quinientas', mediante la incorporación de un grupo de generación, Parque Eólico Las Quinientas","BRUC LAS QUINIENTAS, S.L.U",hibrida,en_consulta,71.995,71.995,,11,750,2025-04-08,2025-04-08,Jerez de la Frontera; Puerto Real,11020;11028,Cádiz,https://www.boe.es/diario_boe/xml.php?id=BOE-B-2025-12947
751,Desaladora de Carboneras (Almería): Planta Solar Fotovoltaica,Acuamed,solar_fv,en_consulta,38.0,34.5,,,751,2025-05-08,2025-05-08,Carboneras,04032,Almería,https://www.boe.es/diario_boe/xml.php?id=BOE-B-2025-16407
752,Montegordo (hibridación: módulo fotovoltaico + parque eólico existente),"Eólica del Guadiana, S.L.U.",hibrida,en_consulta,47.01,42.6,,,752,2025-05-27,2025-05-27,Villablanca,21073,Huelva,https://www.boe.es/diario_boe/xml.php?id=BOE-B-2025-19381
753,Hyren Rocío,"HYREN ALMONTE, S.L.",solar_fv,en_consulta,129.5,109.74,294.35,,753,2025-07-16,2025-07-16,Almonte,21005,Huelva,https://www.boe.es/diario_boe/xml.php?id=BOE-B-2025-26773
754,Las Niñas,"PE Tramontana 4W, S.L.U",eolica,en_consulta,99.0,99.0,,18,754,2025-07-31,2025-07-31,Almargen; Ardales; El Saucejo; Los Corrales; Teba,29010;29018;41090;41037;29089,Málaga; Sevilla,https://www.boe.es/diario_boe/xml.php?id=BOE-B-2025-28006
755,Chiquera,"Chiquera Wind, S.L.",eolica,en_consulta,52.66,52.66,,9,755,2025-09-22,2025-09-22,Alcalá de los Gazules; Jerez de la Frontera; Medina Sidonia; Paterna de Rivera; San José del Valle,11001;11020;11023;11025;11902,Cádiz,https://www.boe.es/diario_boe/xml.php?id=BOE-B-2025-34009
756,Chicuco,"Manzanilla Wind, S.L.",eolica,en_consulta,57.0,57.0,,9,756,2025-09-23,2025-09-23,Alcalá de los Gazules; Medina Sidonia,11001;11023,Cádiz,https://www.boe.es/diario_boe/xml.php?id=BOE-B-2025-34160
757,Chiclanejos,"Verdial Wind, S.L.",eolica,en_consulta,116.8,116.8,,17,757,2025-10-13,2025-10-13,Chiclana de la Frontera; Conil de la Frontera; Jerez de la Frontera; Medina Sidonia; Puerto Real; Vejer de la Frontera,11015;11014;11020;11023;11028;11039,Cádiz,https://www.boe.es/diario_boe/xml.php?id=BOE-B-2025-36958
759,Andévalo,IBERDROLA RENOVABLES ANDALUCIA S.A.,hibrida,en_consulta,27.0,69.56,,6,759,2026-02-07,2026-02-07,Alosno; El Almendro; Puebla de Guzmán; Villanueva de los Castillejos,21006;21003;21058;21076,Huelva,https://www.boe.es/diario_boe/xml.php?id=BOE-B-2026-3596
766,Módulo de Almacenamiento de Energía por baterías Villanueva del Rey,"Naturgy Renovables, S.L.U.",almacenamiento,en_consulta,22.92,22.92,,,766,2026-03-09,2026-03-09,La Luisiana,41056,Sevilla,https://www.boe.es/diario_boe/xml.php?id=BOE-B-2026-7232
772,PSFV Tíjola,"AL ANDALUS WIND POWER, S.L.U.",hibrida,en_consulta,71.5,61.0,176.66,,772,2026-04-29,2026-04-29,Alcóntar; Serón,04008;04083,Almería,https://www.boe.es/diario_boe/xml.php?id=BOE-B-2026-13484
776,Hermod (parque eólico y planta solar fotovoltaica híbrida),"Hermod Solar, S.L.",hibrida,en_consulta,68.1,68.1,,4,776,2026-06-19,2026-06-19,Jerez de la Frontera; San José del Valle,11020;11902,Cádiz,https://www.boe.es/diario_boe/xml.php?id=BOE-B-2026-20864
